# Blender 4.0.2
# www.blender.org
mtllib evilroomba.mtl
o Cube
v -0.244321 0.058340 0.709550
v -0.244321 0.769423 0.709550
v -0.244321 0.058340 0.611453
v -0.244321 0.769423 0.611453
v -0.146223 0.058340 0.709550
v -0.146223 0.769423 0.709550
v -0.146223 0.058340 0.611453
v -0.146223 0.769423 0.611453
v 0.000000 0.148526 -1.000000
v -0.195090 0.148526 -0.980785
v -0.382683 0.148526 -0.923879
v -0.555570 0.148526 -0.831470
v -0.707107 0.148526 -0.707107
v -0.831470 0.148526 -0.555570
v -0.923880 0.148526 -0.382683
v -0.980785 0.148526 -0.195090
v -1.000000 0.148526 0.000000
v -0.980785 0.148526 0.195090
v -0.923880 0.148526 0.382683
v -0.831470 0.148526 0.555570
v -0.707107 0.148526 0.707107
v -0.555570 0.148526 0.831470
v -0.382683 0.148526 0.923880
v -0.195090 0.148526 0.980785
v 0.000000 0.148526 1.000000
v 0.195090 0.148526 0.980785
v 0.382683 0.148526 0.923880
v 0.555570 0.148526 0.831470
v 0.707107 0.148526 0.707107
v 0.831470 0.148526 0.555570
v 0.923880 0.148526 0.382683
v 0.980785 0.148526 0.195090
v 1.000000 0.148526 0.000000
v 0.980785 0.148526 -0.195090
v 0.923880 0.148526 -0.382683
v 0.831470 0.148526 -0.555570
v 0.707107 0.148526 -0.707107
v 0.555570 0.148526 -0.831470
v 0.382683 0.148526 -0.923879
v 0.195090 0.148526 -0.980785
v 0.000000 0.000000 -1.000000
v -0.195090 0.000000 -0.980785
v -0.382683 0.000000 -0.923879
v -0.555570 0.000000 -0.831470
v -0.707107 0.000000 -0.707107
v -0.831470 0.000000 -0.555570
v -0.923880 0.000000 -0.382683
v -0.980785 0.000000 -0.195090
v -1.000000 0.000000 0.000000
v -0.980785 0.000000 0.195090
v -0.923880 0.000000 0.382683
v -0.831470 0.000000 0.555570
v -0.707107 0.000000 0.707107
v -0.555570 0.000000 0.831470
v -0.382683 0.000000 0.923880
v -0.195090 0.000000 0.980785
v 0.000000 0.000000 1.000000
v 0.195090 0.000000 0.980785
v 0.382683 0.000000 0.923880
v 0.555570 0.000000 0.831470
v 0.707107 0.000000 0.707107
v 0.831470 0.000000 0.555570
v 0.923880 0.000000 0.382683
v 0.980785 0.000000 0.195090
v 1.000000 0.000000 0.000000
v 0.980785 0.000000 -0.195090
v 0.923880 0.000000 -0.382683
v 0.831470 0.000000 -0.555570
v 0.707107 0.000000 -0.707107
v 0.555570 0.000000 -0.831470
v 0.382683 0.000000 -0.923879
v 0.195090 0.000000 -0.980785
v 0.000000 0.239350 -0.909905
v -0.177514 0.239350 -0.892421
v -0.348206 0.239350 -0.840642
v -0.505516 0.239350 -0.756558
v -0.643400 0.239350 -0.643400
v -0.756558 0.239350 -0.505516
v -0.840642 0.239350 -0.348206
v -0.892421 0.239350 -0.177514
v -0.909905 0.239350 0.000000
v -0.892421 0.239350 0.177514
v -0.840642 0.239350 0.348206
v -0.756558 0.239350 0.505516
v -0.643400 0.239350 0.643400
v -0.505516 0.239350 0.756558
v -0.348206 0.239350 0.840642
v -0.177514 0.239350 0.892421
v 0.000000 0.239350 0.909905
v 0.177514 0.239350 0.892421
v 0.348206 0.239350 0.840642
v 0.505516 0.239350 0.756558
v 0.643400 0.239350 0.643400
v 0.756558 0.239350 0.505516
v 0.840642 0.239350 0.348206
v 0.892421 0.239350 0.177514
v 0.909905 0.239350 0.000000
v 0.892421 0.239350 -0.177514
v 0.840642 0.239350 -0.348206
v 0.756558 0.239350 -0.505516
v 0.643400 0.239350 -0.643400
v 0.505516 0.239350 -0.756558
v 0.348206 0.239350 -0.840642
v 0.177514 0.239350 -0.892421
v 0.000000 0.104206 -0.909905
v -0.177514 0.104206 -0.892421
v -0.348206 0.104206 -0.840642
v -0.505516 0.104206 -0.756558
v -0.643400 0.104206 -0.643400
v -0.756558 0.104206 -0.505516
v -0.840642 0.104206 -0.348206
v -0.892421 0.104206 -0.177514
v -0.909905 0.104206 0.000000
v -0.892421 0.104206 0.177514
v -0.840642 0.104206 0.348206
v -0.756558 0.104206 0.505516
v -0.643400 0.104206 0.643400
v -0.505516 0.104206 0.756558
v -0.348206 0.104206 0.840642
v -0.177514 0.104206 0.892421
v 0.000000 0.104206 0.909905
v 0.177514 0.104206 0.892421
v 0.348206 0.104206 0.840642
v 0.505516 0.104206 0.756558
v 0.643400 0.104206 0.643400
v 0.756558 0.104206 0.505516
v 0.840642 0.104206 0.348206
v 0.892421 0.104206 0.177514
v 0.909905 0.104206 0.000000
v 0.892421 0.104206 -0.177514
v 0.840642 0.104206 -0.348206
v 0.756558 0.104206 -0.505516
v 0.643400 0.104206 -0.643400
v 0.505516 0.104206 -0.756558
v 0.348206 0.104206 -0.840642
v 0.177514 0.104206 -0.892421
v 0.117554 0.058340 0.709550
v 0.117554 0.769423 0.709550
v 0.117554 0.058340 0.611453
v 0.117554 0.769423 0.611453
v 0.215651 0.058340 0.709550
v 0.215651 0.769423 0.709550
v 0.215651 0.058340 0.611453
v 0.215651 0.769423 0.611453
v -0.201110 0.801323 0.605349
v -0.201110 0.764818 0.568845
v -0.201110 0.717122 0.549088
v -0.201110 0.691310 0.546546
v -0.201110 0.665497 0.549088
v -0.201110 0.617801 0.568845
v -0.196074 0.821079 0.653541
v -0.191231 0.813550 0.629197
v -0.186769 0.801323 0.606762
v -0.182857 0.784868 0.587097
v -0.179647 0.764818 0.570958
v -0.177262 0.741943 0.558966
v -0.175793 0.717122 0.551582
v -0.175297 0.691310 0.549088
v -0.175793 0.665497 0.551582
v -0.177262 0.640676 0.558966
v -0.179647 0.617801 0.570958
v -0.182857 0.597751 0.587097
v -0.186769 0.581296 0.606762
v -0.191231 0.569069 0.629197
v -0.196074 0.561540 0.653541
v -0.191231 0.821079 0.655010
v -0.181733 0.813550 0.632079
v -0.172979 0.801323 0.610945
v -0.165306 0.784868 0.592421
v -0.159009 0.764818 0.577219
v -0.154330 0.741943 0.565923
v -0.151449 0.717122 0.558966
v -0.150476 0.691310 0.556618
v -0.151449 0.665497 0.558966
v -0.154330 0.640676 0.565923
v -0.159009 0.617801 0.577219
v -0.165306 0.597751 0.592421
v -0.172979 0.581296 0.610945
v -0.181733 0.569069 0.632079
v -0.191231 0.561540 0.655010
v -0.186769 0.821079 0.657396
v -0.172979 0.813550 0.636758
v -0.160270 0.801323 0.617738
v -0.149131 0.784868 0.601067
v -0.139989 0.764818 0.587385
v -0.133196 0.741943 0.577219
v -0.129013 0.717122 0.570958
v -0.127601 0.691310 0.568845
v -0.129013 0.665497 0.570958
v -0.133196 0.640676 0.577219
v -0.139989 0.617801 0.587385
v -0.149131 0.597751 0.601067
v -0.160270 0.581296 0.617738
v -0.172979 0.569069 0.636758
v -0.186769 0.561540 0.657396
v -0.182857 0.821079 0.660606
v -0.165306 0.813550 0.643055
v -0.149131 0.801323 0.626880
v -0.134953 0.784868 0.612702
v -0.123318 0.764818 0.601067
v -0.114672 0.741943 0.592421
v -0.109348 0.717122 0.587097
v -0.107551 0.691310 0.585299
v -0.109348 0.665497 0.587097
v -0.114672 0.640676 0.592421
v -0.123318 0.617801 0.601067
v -0.134953 0.597751 0.612702
v -0.149131 0.581296 0.626880
v -0.165306 0.569069 0.643055
v -0.182857 0.561540 0.660606
v -0.179647 0.821079 0.664517
v -0.159009 0.813550 0.650728
v -0.139989 0.801323 0.638019
v -0.123318 0.784868 0.626880
v -0.109637 0.764818 0.617738
v -0.099470 0.741943 0.610945
v -0.093210 0.717122 0.606762
v -0.091096 0.691310 0.605349
v -0.093210 0.665497 0.606762
v -0.099470 0.640676 0.610945
v -0.109637 0.617801 0.617738
v -0.123318 0.597751 0.626880
v -0.139989 0.581296 0.638019
v -0.159009 0.569069 0.650728
v -0.179647 0.561540 0.664517
v -0.201110 0.823622 0.678858
v -0.177262 0.821079 0.668980
v -0.154330 0.813550 0.659481
v -0.133196 0.801323 0.650728
v -0.114672 0.784868 0.643055
v -0.099470 0.764818 0.636758
v -0.088174 0.741943 0.632079
v -0.081218 0.717122 0.629197
v -0.078869 0.691310 0.628224
v -0.081218 0.665497 0.629197
v -0.088174 0.640676 0.632079
v -0.099470 0.617801 0.636758
v -0.114672 0.597751 0.643055
v -0.133196 0.581296 0.650728
v -0.154330 0.569069 0.659481
v -0.177262 0.561540 0.668980
v -0.175793 0.821079 0.673822
v -0.151449 0.813550 0.668980
v -0.129013 0.801323 0.664517
v -0.109348 0.784868 0.660606
v -0.093210 0.764818 0.657396
v -0.081218 0.741943 0.655010
v -0.073833 0.717122 0.653541
v -0.071340 0.691310 0.653045
v -0.073833 0.665497 0.653541
v -0.081218 0.640676 0.655010
v -0.093210 0.617801 0.657396
v -0.109348 0.597751 0.660606
v -0.129013 0.581296 0.664517
v -0.151449 0.569069 0.668980
v -0.175793 0.561540 0.673822
v -0.175297 0.821079 0.678858
v -0.150476 0.813550 0.678858
v -0.127601 0.801323 0.678858
v -0.107551 0.784868 0.678858
v -0.091096 0.764818 0.678858
v -0.078869 0.741943 0.678858
v -0.071340 0.717122 0.678858
v -0.068797 0.691310 0.678858
v -0.071340 0.665497 0.678858
v -0.078869 0.640676 0.678858
v -0.091096 0.617801 0.678858
v -0.107551 0.597751 0.678858
v -0.127601 0.581296 0.678858
v -0.150476 0.569069 0.678858
v -0.175297 0.561540 0.678858
v -0.175793 0.821079 0.683894
v -0.151449 0.813550 0.688736
v -0.129013 0.801323 0.693199
v -0.109348 0.784868 0.697111
v -0.093210 0.764818 0.700321
v -0.081218 0.741943 0.702706
v -0.073833 0.717122 0.704175
v -0.071340 0.691310 0.704671
v -0.073833 0.665497 0.704175
v -0.081218 0.640676 0.702706
v -0.093210 0.617801 0.700321
v -0.109348 0.597751 0.697111
v -0.129013 0.581296 0.693199
v -0.151449 0.569069 0.688736
v -0.175793 0.561540 0.683894
v -0.177262 0.821079 0.688736
v -0.154330 0.813550 0.698235
v -0.133196 0.801323 0.706989
v -0.114672 0.784868 0.714662
v -0.099470 0.764818 0.720959
v -0.088174 0.741943 0.725638
v -0.081218 0.717122 0.728519
v -0.078869 0.691310 0.729492
v -0.081218 0.665497 0.728519
v -0.088174 0.640676 0.725638
v -0.099470 0.617801 0.720959
v -0.114672 0.597751 0.714662
v -0.133196 0.581296 0.706989
v -0.154330 0.569069 0.698235
v -0.177262 0.561540 0.688736
v -0.179647 0.821079 0.693199
v -0.159009 0.813550 0.706989
v -0.139989 0.801323 0.719697
v -0.123318 0.784868 0.730837
v -0.109637 0.764818 0.739978
v -0.099470 0.741943 0.746771
v -0.093210 0.717122 0.750954
v -0.091096 0.691310 0.752367
v -0.093210 0.665497 0.750954
v -0.099470 0.640676 0.746771
v -0.109637 0.617801 0.739978
v -0.123318 0.597751 0.730837
v -0.139989 0.581296 0.719697
v -0.159009 0.569069 0.706989
v -0.179647 0.561540 0.693199
v -0.182857 0.821079 0.697111
v -0.165306 0.813550 0.714662
v -0.149131 0.801323 0.730837
v -0.134953 0.784868 0.745014
v -0.123318 0.764818 0.756649
v -0.114672 0.741943 0.765295
v -0.109348 0.717122 0.770619
v -0.107551 0.691310 0.772417
v -0.109348 0.665497 0.770619
v -0.114672 0.640676 0.765295
v -0.123318 0.617801 0.756649
v -0.134953 0.597751 0.745014
v -0.149131 0.581296 0.730837
v -0.165306 0.569069 0.714662
v -0.182857 0.561540 0.697111
v -0.186769 0.821079 0.700321
v -0.172979 0.813550 0.720959
v -0.160270 0.801323 0.739978
v -0.149131 0.784868 0.756649
v -0.139989 0.764818 0.770331
v -0.133196 0.741943 0.780497
v -0.129013 0.717122 0.786758
v -0.127601 0.691310 0.788872
v -0.129013 0.665497 0.786758
v -0.133196 0.640676 0.780497
v -0.139989 0.617801 0.770331
v -0.149131 0.597751 0.756649
v -0.160270 0.581296 0.739978
v -0.172979 0.569069 0.720959
v -0.186769 0.561540 0.700321
v -0.191231 0.821079 0.702706
v -0.181733 0.813550 0.725638
v -0.172979 0.801323 0.746771
v -0.165306 0.784868 0.765295
v -0.159009 0.764818 0.780497
v -0.154330 0.741943 0.791794
v -0.151449 0.717122 0.798750
v -0.150476 0.691310 0.801099
v -0.151449 0.665497 0.798750
v -0.154330 0.640676 0.791794
v -0.159009 0.617801 0.780497
v -0.165306 0.597751 0.765295
v -0.172979 0.581296 0.746771
v -0.181733 0.569069 0.725638
v -0.191231 0.561540 0.702706
v -0.196074 0.821079 0.704175
v -0.191231 0.813550 0.728519
v -0.186769 0.801323 0.750954
v -0.182857 0.784868 0.770619
v -0.179647 0.764818 0.786758
v -0.177262 0.741943 0.798750
v -0.175793 0.717122 0.806134
v -0.175297 0.691310 0.808628
v -0.175793 0.665497 0.806134
v -0.177262 0.640676 0.798750
v -0.179647 0.617801 0.786758
v -0.182857 0.597751 0.770619
v -0.186769 0.581296 0.750954
v -0.191231 0.569069 0.728519
v -0.196074 0.561540 0.704175
v -0.201110 0.821079 0.704671
v -0.201110 0.813550 0.729492
v -0.201110 0.801323 0.752367
v -0.201110 0.784868 0.772417
v -0.201110 0.764818 0.788872
v -0.201110 0.741943 0.801099
v -0.201110 0.717122 0.808628
v -0.201110 0.691310 0.811170
v -0.201110 0.665497 0.808628
v -0.201110 0.640676 0.801099
v -0.201110 0.617801 0.788872
v -0.201110 0.597751 0.772417
v -0.201110 0.581296 0.752367
v -0.201110 0.569069 0.729492
v -0.201110 0.561540 0.704671
v -0.206145 0.821079 0.704175
v -0.210988 0.813550 0.728519
v -0.215450 0.801323 0.750954
v -0.219362 0.784868 0.770619
v -0.222572 0.764818 0.786758
v -0.224957 0.741943 0.798750
v -0.226426 0.717122 0.806134
v -0.226922 0.691310 0.808628
v -0.226426 0.665497 0.806134
v -0.224957 0.640676 0.798750
v -0.222572 0.617801 0.786758
v -0.219362 0.597751 0.770619
v -0.215450 0.581296 0.750954
v -0.210988 0.569069 0.728519
v -0.206145 0.561540 0.704175
v -0.210988 0.821079 0.702706
v -0.220486 0.813550 0.725638
v -0.229240 0.801323 0.746771
v -0.236913 0.784868 0.765295
v -0.243210 0.764818 0.780497
v -0.247889 0.741943 0.791794
v -0.250770 0.717122 0.798750
v -0.251743 0.691310 0.801099
v -0.250770 0.665497 0.798750
v -0.247889 0.640676 0.791794
v -0.243210 0.617801 0.780497
v -0.236913 0.597751 0.765295
v -0.229240 0.581296 0.746771
v -0.220486 0.569069 0.725638
v -0.210988 0.561540 0.702706
v -0.215450 0.821079 0.700321
v -0.229240 0.813550 0.720959
v -0.241949 0.801323 0.739978
v -0.253088 0.784868 0.756649
v -0.262230 0.764818 0.770331
v -0.269023 0.741943 0.780497
v -0.273206 0.717122 0.786758
v -0.274618 0.691310 0.788872
v -0.273206 0.665497 0.786758
v -0.269023 0.640676 0.780497
v -0.262230 0.617801 0.770331
v -0.253088 0.597751 0.756649
v -0.241949 0.581296 0.739978
v -0.229240 0.569069 0.720959
v -0.215450 0.561540 0.700321
v -0.219362 0.821079 0.697111
v -0.236913 0.813550 0.714662
v -0.253088 0.801323 0.730837
v -0.267266 0.784868 0.745014
v -0.278901 0.764818 0.756649
v -0.287547 0.741943 0.765295
v -0.292871 0.717122 0.770619
v -0.294668 0.691310 0.772417
v -0.292871 0.665497 0.770619
v -0.287547 0.640676 0.765295
v -0.278901 0.617801 0.756649
v -0.267266 0.597751 0.745014
v -0.253088 0.581296 0.730837
v -0.236913 0.569069 0.714662
v -0.219362 0.561540 0.697111
v -0.201110 0.558997 0.678858
v -0.222572 0.821079 0.693199
v -0.243210 0.813550 0.706989
v -0.262230 0.801323 0.719697
v -0.278901 0.784868 0.730837
v -0.292582 0.764818 0.739978
v -0.302749 0.741943 0.746771
v -0.309009 0.717122 0.750954
v -0.311123 0.691310 0.752367
v -0.309009 0.665497 0.750954
v -0.302749 0.640676 0.746771
v -0.292582 0.617801 0.739978
v -0.278901 0.597751 0.730837
v -0.262230 0.581296 0.719697
v -0.243210 0.569069 0.706989
v -0.222572 0.561540 0.693199
v -0.224957 0.821079 0.688736
v -0.247889 0.813550 0.698235
v -0.269023 0.801323 0.706989
v -0.287547 0.784868 0.714662
v -0.302749 0.764818 0.720958
v -0.314045 0.741943 0.725638
v -0.321001 0.717122 0.728519
v -0.323350 0.691310 0.729492
v -0.321001 0.665497 0.728519
v -0.314045 0.640676 0.725638
v -0.302749 0.617801 0.720958
v -0.287547 0.597751 0.714662
v -0.269023 0.581296 0.706989
v -0.247889 0.569069 0.698235
v -0.224957 0.561540 0.688736
v -0.226426 0.821079 0.683894
v -0.250770 0.813550 0.688736
v -0.273206 0.801323 0.693199
v -0.292871 0.784868 0.697111
v -0.309009 0.764818 0.700321
v -0.321001 0.741943 0.702706
v -0.328386 0.717122 0.704175
v -0.330879 0.691310 0.704671
v -0.328386 0.665497 0.704175
v -0.321001 0.640676 0.702706
v -0.309009 0.617801 0.700321
v -0.292871 0.597751 0.697111
v -0.273206 0.581296 0.693199
v -0.250770 0.569069 0.688736
v -0.226426 0.561540 0.683894
v -0.226922 0.821079 0.678858
v -0.251743 0.813550 0.678858
v -0.274618 0.801323 0.678858
v -0.294668 0.784868 0.678858
v -0.311123 0.764818 0.678858
v -0.323350 0.741943 0.678858
v -0.330879 0.717122 0.678858
v -0.333422 0.691310 0.678858
v -0.330879 0.665497 0.678858
v -0.323350 0.640676 0.678858
v -0.311123 0.617801 0.678858
v -0.294668 0.597751 0.678858
v -0.274618 0.581296 0.678858
v -0.251743 0.569069 0.678858
v -0.226922 0.561540 0.678858
v -0.226426 0.821079 0.673822
v -0.250770 0.813550 0.668980
v -0.273206 0.801323 0.664517
v -0.292871 0.784868 0.660606
v -0.309009 0.764818 0.657396
v -0.321001 0.741943 0.655010
v -0.328386 0.717122 0.653541
v -0.330879 0.691310 0.653045
v -0.328386 0.665497 0.653541
v -0.321001 0.640676 0.655010
v -0.309009 0.617801 0.657396
v -0.292871 0.597751 0.660606
v -0.273206 0.581296 0.664517
v -0.250770 0.569069 0.668980
v -0.226426 0.561540 0.673822
v -0.224957 0.821079 0.668980
v -0.247889 0.813550 0.659481
v -0.269023 0.801323 0.650728
v -0.287547 0.784868 0.643055
v -0.302749 0.764818 0.636758
v -0.314045 0.741943 0.632079
v -0.321001 0.717122 0.629197
v -0.323350 0.691310 0.628224
v -0.321001 0.665497 0.629197
v -0.314045 0.640676 0.632079
v -0.302749 0.617801 0.636758
v -0.287547 0.597751 0.643055
v -0.269023 0.581296 0.650728
v -0.247889 0.569069 0.659481
v -0.224957 0.561540 0.668980
v -0.222572 0.821079 0.664517
v -0.243210 0.813550 0.650728
v -0.262230 0.801323 0.638019
v -0.278901 0.784868 0.626880
v -0.292582 0.764818 0.617738
v -0.302749 0.741943 0.610945
v -0.309009 0.717122 0.606762
v -0.311123 0.691310 0.605349
v -0.309009 0.665497 0.606762
v -0.302749 0.640676 0.610945
v -0.292582 0.617801 0.617738
v -0.278901 0.597751 0.626880
v -0.262230 0.581296 0.638019
v -0.243210 0.569069 0.650728
v -0.222572 0.561540 0.664517
v -0.219362 0.821079 0.660606
v -0.236913 0.813550 0.643055
v -0.253088 0.801323 0.626880
v -0.267266 0.784868 0.612702
v -0.278901 0.764818 0.601067
v -0.287547 0.741943 0.592421
v -0.292871 0.717122 0.587097
v -0.294668 0.691310 0.585299
v -0.292871 0.665497 0.587097
v -0.287547 0.640676 0.592421
v -0.278901 0.617801 0.601067
v -0.267266 0.597751 0.612702
v -0.253088 0.581296 0.626880
v -0.236913 0.569069 0.643055
v -0.219362 0.561540 0.660606
v -0.215450 0.821079 0.657396
v -0.229240 0.813550 0.636758
v -0.241949 0.801323 0.617738
v -0.253088 0.784868 0.601067
v -0.262230 0.764818 0.587385
v -0.269023 0.741943 0.577219
v -0.273206 0.717122 0.570958
v -0.274618 0.691310 0.568845
v -0.273206 0.665497 0.570958
v -0.269023 0.640676 0.577219
v -0.262230 0.617801 0.587385
v -0.253088 0.597751 0.601067
v -0.241949 0.581296 0.617738
v -0.229240 0.569069 0.636758
v -0.215450 0.561540 0.657396
v -0.210988 0.821079 0.655010
v -0.220486 0.813550 0.632079
v -0.229240 0.801323 0.610945
v -0.236913 0.784868 0.592421
v -0.243210 0.764818 0.577219
v -0.247889 0.741943 0.565923
v -0.250770 0.717122 0.558966
v -0.251743 0.691310 0.556618
v -0.250770 0.665497 0.558966
v -0.247889 0.640676 0.565923
v -0.243210 0.617801 0.577219
v -0.236913 0.597751 0.592421
v -0.229240 0.581296 0.610945
v -0.220486 0.569069 0.632079
v -0.210988 0.561540 0.655010
v -0.206145 0.821079 0.653541
v -0.210988 0.813550 0.629197
v -0.215450 0.801323 0.606762
v -0.219362 0.784868 0.587097
v -0.222572 0.764818 0.570959
v -0.224957 0.741943 0.558966
v -0.226426 0.717122 0.551582
v -0.226922 0.691310 0.549088
v -0.226426 0.665497 0.551582
v -0.224957 0.640676 0.558966
v -0.222572 0.617801 0.570959
v -0.219362 0.597751 0.587097
v -0.215450 0.581296 0.606762
v -0.210988 0.569069 0.629197
v -0.206145 0.561540 0.653541
v -0.201110 0.821079 0.653045
v -0.201110 0.813550 0.628224
v -0.201110 0.784868 0.585299
v -0.201110 0.741943 0.556618
v -0.201110 0.640676 0.556618
v -0.201110 0.597751 0.585299
v -0.201110 0.581296 0.605350
v -0.201110 0.569069 0.628224
v -0.201110 0.561540 0.653045
v 0.168822 0.810787 0.599026
v 0.168822 0.771142 0.559380
v 0.168822 0.719343 0.537925
v 0.168822 0.691310 0.535164
v 0.168822 0.663276 0.537925
v 0.168822 0.611477 0.559380
v 0.174291 0.832243 0.651363
v 0.179550 0.824066 0.624925
v 0.184397 0.810787 0.600560
v 0.188645 0.792917 0.579203
v 0.192131 0.771142 0.561676
v 0.194722 0.746299 0.548653
v 0.196317 0.719343 0.540633
v 0.196855 0.691310 0.537925
v 0.196317 0.663276 0.540633
v 0.194722 0.636320 0.548653
v 0.192131 0.611477 0.561676
v 0.188645 0.589702 0.579203
v 0.184397 0.571832 0.600560
v 0.179550 0.558553 0.624925
v 0.174291 0.550376 0.651363
v 0.179550 0.832243 0.652959
v 0.189866 0.824066 0.628054
v 0.199373 0.810787 0.605103
v 0.207705 0.792917 0.584985
v 0.214544 0.771142 0.568475
v 0.219626 0.746299 0.556207
v 0.222755 0.719343 0.548653
v 0.223812 0.691310 0.546102
v 0.222755 0.663276 0.548653
v 0.219626 0.636320 0.556207
v 0.214544 0.611477 0.568475
v 0.207705 0.589702 0.584985
v 0.199373 0.571832 0.605103
v 0.189866 0.558553 0.628054
v 0.179550 0.550376 0.652959
v 0.184397 0.832243 0.655549
v 0.199373 0.824066 0.633136
v 0.213174 0.810787 0.612480
v 0.225272 0.792917 0.594375
v 0.235200 0.771142 0.579516
v 0.242578 0.746299 0.568475
v 0.247120 0.719343 0.561676
v 0.248654 0.691310 0.559381
v 0.247120 0.663276 0.561676
v 0.242578 0.636320 0.568475
v 0.235200 0.611477 0.579516
v 0.225272 0.589702 0.594375
v 0.213174 0.571832 0.612480
v 0.199373 0.558553 0.633136
v 0.184397 0.550376 0.655549
v 0.188645 0.832243 0.659036
v 0.207705 0.824066 0.639975
v 0.225272 0.810787 0.622408
v 0.240669 0.792917 0.607011
v 0.253305 0.771142 0.594375
v 0.262695 0.746299 0.584985
v 0.268477 0.719343 0.579203
v 0.270429 0.691310 0.577251
v 0.268477 0.663276 0.579203
v 0.262695 0.636320 0.584985
v 0.253305 0.611477 0.594375
v 0.240669 0.589702 0.607011
v 0.225272 0.571832 0.622408
v 0.207705 0.558553 0.639975
v 0.188645 0.550376 0.659036
v 0.192131 0.832243 0.663284
v 0.214544 0.824066 0.648308
v 0.235200 0.810787 0.634506
v 0.253305 0.792917 0.622408
v 0.268164 0.771142 0.612480
v 0.279205 0.746299 0.605103
v 0.286004 0.719343 0.600560
v 0.288300 0.691310 0.599026
v 0.286004 0.663276 0.600560
v 0.279205 0.636320 0.605103
v 0.268164 0.611477 0.612480
v 0.253305 0.589702 0.622408
v 0.235200 0.571832 0.634506
v 0.214544 0.558553 0.648308
v 0.192131 0.550376 0.663284
v 0.168822 0.835004 0.678858
v 0.194722 0.832243 0.668130
v 0.219626 0.824066 0.657815
v 0.242578 0.810787 0.648308
v 0.262695 0.792917 0.639975
v 0.279205 0.771142 0.633136
v 0.291473 0.746299 0.628054
v 0.299028 0.719343 0.624925
v 0.301578 0.691310 0.623869
v 0.299028 0.663276 0.624925
v 0.291473 0.636320 0.628054
v 0.279205 0.611477 0.633136
v 0.262695 0.589702 0.639975
v 0.242578 0.571832 0.648308
v 0.219626 0.558553 0.657815
v 0.194722 0.550376 0.668130
v 0.196317 0.832243 0.673389
v 0.222755 0.824066 0.668130
v 0.247120 0.810787 0.663284
v 0.268477 0.792917 0.659036
v 0.286004 0.771142 0.655549
v 0.299028 0.746299 0.652959
v 0.307047 0.719343 0.651363
v 0.309755 0.691310 0.650825
v 0.307047 0.663276 0.651363
v 0.299028 0.636320 0.652959
v 0.286004 0.611477 0.655549
v 0.268477 0.589702 0.659036
v 0.247120 0.571832 0.663284
v 0.222755 0.558553 0.668130
v 0.196317 0.550376 0.673389
v 0.196855 0.832243 0.678858
v 0.223812 0.824066 0.678858
v 0.248654 0.810787 0.678858
v 0.270429 0.792917 0.678858
v 0.288300 0.771142 0.678858
v 0.301578 0.746299 0.678858
v 0.309756 0.719343 0.678858
v 0.312516 0.691310 0.678858
v 0.309756 0.663276 0.678858
v 0.301578 0.636320 0.678858
v 0.288300 0.611477 0.678858
v 0.270429 0.589702 0.678858
v 0.248654 0.571832 0.678858
v 0.223812 0.558553 0.678858
v 0.196855 0.550376 0.678858
v 0.196317 0.832243 0.684327
v 0.222755 0.824066 0.689586
v 0.247120 0.810787 0.694433
v 0.268477 0.792917 0.698681
v 0.286004 0.771142 0.702167
v 0.299028 0.746299 0.704758
v 0.307047 0.719343 0.706353
v 0.309755 0.691310 0.706892
v 0.307047 0.663276 0.706353
v 0.299028 0.636320 0.704758
v 0.286004 0.611477 0.702167
v 0.268477 0.589702 0.698681
v 0.247120 0.571832 0.694433
v 0.222755 0.558553 0.689586
v 0.196317 0.550376 0.684327
v 0.194722 0.832243 0.689586
v 0.219626 0.824066 0.699902
v 0.242578 0.810787 0.709409
v 0.262695 0.792917 0.717742
v 0.279205 0.771142 0.724580
v 0.291473 0.746299 0.729662
v 0.299028 0.719343 0.732791
v 0.301578 0.691310 0.733848
v 0.299028 0.663276 0.732791
v 0.291473 0.636320 0.729662
v 0.279205 0.611477 0.724580
v 0.262695 0.589702 0.717742
v 0.242578 0.571832 0.709409
v 0.219626 0.558553 0.699902
v 0.194722 0.550376 0.689586
v 0.192131 0.832243 0.694433
v 0.214544 0.824066 0.709409
v 0.235200 0.810787 0.723211
v 0.253305 0.792917 0.735308
v 0.268164 0.771142 0.745236
v 0.279205 0.746299 0.752614
v 0.286004 0.719343 0.757157
v 0.288300 0.691310 0.758691
v 0.286004 0.663276 0.757157
v 0.279205 0.636320 0.752614
v 0.268164 0.611477 0.745236
v 0.253305 0.589702 0.735308
v 0.235200 0.571832 0.723211
v 0.214544 0.558553 0.709409
v 0.192131 0.550376 0.694433
v 0.188645 0.832243 0.698681
v 0.207705 0.824066 0.717742
v 0.225272 0.810787 0.735308
v 0.240669 0.792917 0.750705
v 0.253305 0.771142 0.763342
v 0.262695 0.746299 0.772731
v 0.268477 0.719343 0.778513
v 0.270429 0.691310 0.780466
v 0.268477 0.663276 0.778513
v 0.262695 0.636320 0.772731
v 0.253305 0.611477 0.763342
v 0.240669 0.589702 0.750705
v 0.225272 0.571832 0.735308
v 0.207705 0.558553 0.717742
v 0.188645 0.550376 0.698681
v 0.184397 0.832243 0.702167
v 0.199373 0.824066 0.724580
v 0.213174 0.810787 0.745236
v 0.225272 0.792917 0.763342
v 0.235200 0.771142 0.778200
v 0.242578 0.746299 0.789241
v 0.247120 0.719343 0.796040
v 0.248654 0.691310 0.798336
v 0.247120 0.663276 0.796040
v 0.242578 0.636320 0.789241
v 0.235200 0.611477 0.778200
v 0.225272 0.589702 0.763342
v 0.213174 0.571832 0.745236
v 0.199373 0.558553 0.724580
v 0.184397 0.550376 0.702167
v 0.179550 0.832243 0.704758
v 0.189866 0.824066 0.729662
v 0.199373 0.810787 0.752614
v 0.207705 0.792917 0.772731
v 0.214544 0.771142 0.789241
v 0.219626 0.746299 0.801509
v 0.222755 0.719343 0.809064
v 0.223811 0.691310 0.811615
v 0.222755 0.663276 0.809064
v 0.219626 0.636320 0.801509
v 0.214544 0.611477 0.789241
v 0.207705 0.589702 0.772731
v 0.199373 0.571832 0.752614
v 0.189866 0.558553 0.729662
v 0.179550 0.550376 0.704758
v 0.174291 0.832243 0.706353
v 0.179550 0.824066 0.732791
v 0.184397 0.810787 0.757157
v 0.188645 0.792917 0.778513
v 0.192131 0.771142 0.796040
v 0.194722 0.746299 0.809064
v 0.196317 0.719343 0.817084
v 0.196855 0.691310 0.819792
v 0.196317 0.663276 0.817084
v 0.194722 0.636320 0.809064
v 0.192131 0.611477 0.796040
v 0.188645 0.589702 0.778513
v 0.184397 0.571832 0.757157
v 0.179550 0.558553 0.732791
v 0.174291 0.550376 0.706353
v 0.168822 0.832243 0.706892
v 0.168822 0.824066 0.733848
v 0.168822 0.810787 0.758691
v 0.168822 0.792917 0.780466
v 0.168822 0.771142 0.798336
v 0.168822 0.746299 0.811615
v 0.168822 0.719343 0.819792
v 0.168822 0.691310 0.822553
v 0.168822 0.663276 0.819792
v 0.168822 0.636320 0.811615
v 0.168822 0.611477 0.798336
v 0.168822 0.589702 0.780466
v 0.168822 0.571832 0.758691
v 0.168822 0.558553 0.733848
v 0.168822 0.550376 0.706892
v 0.163353 0.832243 0.706353
v 0.158094 0.824066 0.732791
v 0.153247 0.810787 0.757157
v 0.148999 0.792917 0.778513
v 0.145513 0.771142 0.796040
v 0.142923 0.746299 0.809064
v 0.141327 0.719343 0.817084
v 0.140789 0.691310 0.819792
v 0.141327 0.663276 0.817084
v 0.142923 0.636320 0.809064
v 0.145513 0.611477 0.796040
v 0.148999 0.589702 0.778513
v 0.153247 0.571832 0.757157
v 0.158094 0.558553 0.732791
v 0.163353 0.550376 0.706353
v 0.158094 0.832243 0.704758
v 0.147778 0.824066 0.729662
v 0.138271 0.810787 0.752614
v 0.129939 0.792917 0.772731
v 0.123100 0.771142 0.789241
v 0.118018 0.746299 0.801509
v 0.114889 0.719343 0.809064
v 0.113832 0.691310 0.811615
v 0.114889 0.663276 0.809064
v 0.118018 0.636320 0.801509
v 0.123100 0.611477 0.789241
v 0.129939 0.589702 0.772731
v 0.138271 0.571832 0.752614
v 0.147778 0.558553 0.729662
v 0.158094 0.550376 0.704758
v 0.153247 0.832243 0.702167
v 0.138271 0.824066 0.724580
v 0.124470 0.810787 0.745236
v 0.112372 0.792917 0.763342
v 0.102444 0.771142 0.778200
v 0.095066 0.746299 0.789241
v 0.090524 0.719343 0.796040
v 0.088990 0.691310 0.798336
v 0.090524 0.663276 0.796040
v 0.095066 0.636320 0.789241
v 0.102444 0.611477 0.778200
v 0.112372 0.589702 0.763342
v 0.124470 0.571832 0.745236
v 0.138271 0.558553 0.724580
v 0.153247 0.550376 0.702167
v 0.148999 0.832243 0.698681
v 0.129939 0.824066 0.717742
v 0.112372 0.810787 0.735308
v 0.096975 0.792917 0.750705
v 0.084339 0.771142 0.763342
v 0.074949 0.746299 0.772731
v 0.069167 0.719343 0.778513
v 0.067215 0.691310 0.780465
v 0.069167 0.663276 0.778513
v 0.074949 0.636320 0.772731
v 0.084339 0.611477 0.763342
v 0.096975 0.589702 0.750705
v 0.112372 0.571832 0.735308
v 0.129939 0.558553 0.717742
v 0.148999 0.550376 0.698681
v 0.168822 0.547615 0.678858
v 0.145513 0.832243 0.694433
v 0.123100 0.824066 0.709409
v 0.102444 0.810787 0.723211
v 0.084339 0.792917 0.735308
v 0.069480 0.771142 0.745236
v 0.058439 0.746299 0.752614
v 0.051640 0.719343 0.757157
v 0.049344 0.691310 0.758690
v 0.051640 0.663276 0.757157
v 0.058439 0.636320 0.752614
v 0.069480 0.611477 0.745236
v 0.084339 0.589702 0.735308
v 0.102444 0.571832 0.723211
v 0.123100 0.558553 0.709409
v 0.145513 0.550376 0.694433
v 0.142923 0.832243 0.689586
v 0.118018 0.824066 0.699902
v 0.095067 0.810787 0.709409
v 0.074949 0.792917 0.717742
v 0.058439 0.771142 0.724580
v 0.046171 0.746299 0.729662
v 0.038616 0.719343 0.732791
v 0.036066 0.691310 0.733848
v 0.038616 0.663276 0.732791
v 0.046171 0.636320 0.729662
v 0.058439 0.611477 0.724580
v 0.074949 0.589702 0.717742
v 0.095067 0.571832 0.709409
v 0.118018 0.558553 0.699902
v 0.142923 0.550376 0.689586
v 0.141327 0.832243 0.684327
v 0.114889 0.824066 0.689586
v 0.090524 0.810787 0.694433
v 0.069167 0.792917 0.698681
v 0.051640 0.771142 0.702167
v 0.038616 0.746299 0.704758
v 0.030597 0.719343 0.706353
v 0.027889 0.691310 0.706891
v 0.030597 0.663276 0.706353
v 0.038616 0.636320 0.704758
v 0.051640 0.611477 0.702167
v 0.069167 0.589702 0.698681
v 0.090524 0.571832 0.694433
v 0.114889 0.558553 0.689586
v 0.141327 0.550376 0.684327
v 0.140789 0.832243 0.678858
v 0.113833 0.824066 0.678858
v 0.088990 0.810787 0.678858
v 0.067215 0.792917 0.678858
v 0.049344 0.771142 0.678858
v 0.036066 0.746299 0.678858
v 0.027889 0.719343 0.678858
v 0.025128 0.691310 0.678858
v 0.027889 0.663276 0.678858
v 0.036066 0.636320 0.678858
v 0.049344 0.611477 0.678858
v 0.067215 0.589702 0.678858
v 0.088990 0.571832 0.678858
v 0.113833 0.558553 0.678858
v 0.140789 0.550376 0.678858
v 0.141327 0.832243 0.673389
v 0.114889 0.824066 0.668130
v 0.090524 0.810787 0.663284
v 0.069167 0.792917 0.659036
v 0.051640 0.771142 0.655549
v 0.038616 0.746299 0.652959
v 0.030597 0.719343 0.651363
v 0.027889 0.691310 0.650825
v 0.030597 0.663276 0.651363
v 0.038616 0.636320 0.652959
v 0.051640 0.611477 0.655549
v 0.069167 0.589702 0.659036
v 0.090524 0.571832 0.663284
v 0.114889 0.558553 0.668130
v 0.141327 0.550376 0.673389
v 0.142923 0.832243 0.668130
v 0.118018 0.824066 0.657815
v 0.095067 0.810787 0.648308
v 0.074949 0.792917 0.639975
v 0.058439 0.771142 0.633136
v 0.046171 0.746299 0.628054
v 0.038617 0.719343 0.624925
v 0.036066 0.691310 0.623869
v 0.038617 0.663276 0.624925
v 0.046171 0.636320 0.628054
v 0.058439 0.611477 0.633136
v 0.074949 0.589702 0.639975
v 0.095067 0.571832 0.648308
v 0.118018 0.558553 0.657815
v 0.142923 0.550376 0.668130
v 0.145513 0.832243 0.663284
v 0.123100 0.824066 0.648308
v 0.102444 0.810787 0.634506
v 0.084339 0.792917 0.622408
v 0.069480 0.771142 0.612480
v 0.058439 0.746299 0.605103
v 0.051640 0.719343 0.600560
v 0.049345 0.691310 0.599026
v 0.051640 0.663276 0.600560
v 0.058439 0.636320 0.605103
v 0.069480 0.611477 0.612480
v 0.084339 0.589702 0.622408
v 0.102444 0.571832 0.634506
v 0.123100 0.558553 0.648308
v 0.145513 0.550376 0.663284
v 0.148999 0.832243 0.659036
v 0.129939 0.824066 0.639975
v 0.112372 0.810787 0.622408
v 0.096975 0.792917 0.607011
v 0.084339 0.771142 0.594375
v 0.074949 0.746299 0.584985
v 0.069167 0.719343 0.579203
v 0.067215 0.691310 0.577251
v 0.069167 0.663276 0.579203
v 0.074949 0.636320 0.584985
v 0.084339 0.611477 0.594375
v 0.096975 0.589702 0.607011
v 0.112372 0.571832 0.622408
v 0.129939 0.558553 0.639975
v 0.148999 0.550376 0.659036
v 0.153248 0.832243 0.655549
v 0.138271 0.824066 0.633136
v 0.124470 0.810787 0.612480
v 0.112372 0.792917 0.594375
v 0.102444 0.771142 0.579516
v 0.095067 0.746299 0.568475
v 0.090524 0.719343 0.561676
v 0.088990 0.691310 0.559381
v 0.090524 0.663276 0.561676
v 0.095067 0.636320 0.568475
v 0.102444 0.611477 0.579516
v 0.112372 0.589702 0.594375
v 0.124470 0.571832 0.612480
v 0.138271 0.558553 0.633136
v 0.153248 0.550376 0.655549
v 0.158094 0.832243 0.652959
v 0.147778 0.824066 0.628054
v 0.138272 0.810787 0.605103
v 0.129939 0.792917 0.584985
v 0.123100 0.771142 0.568475
v 0.118018 0.746299 0.556207
v 0.114889 0.719343 0.548653
v 0.113833 0.691310 0.546102
v 0.114889 0.663276 0.548653
v 0.118018 0.636320 0.556207
v 0.123100 0.611477 0.568475
v 0.129939 0.589702 0.584985
v 0.138272 0.571832 0.605103
v 0.147778 0.558553 0.628054
v 0.158094 0.550376 0.652959
v 0.163353 0.832243 0.651363
v 0.158094 0.824066 0.624925
v 0.153248 0.810787 0.600560
v 0.148999 0.792917 0.579203
v 0.145513 0.771142 0.561676
v 0.142923 0.746299 0.548653
v 0.141327 0.719343 0.540633
v 0.140789 0.691310 0.537925
v 0.141327 0.663276 0.540633
v 0.142923 0.636320 0.548653
v 0.145513 0.611477 0.561676
v 0.148999 0.589702 0.579203
v 0.153248 0.571832 0.600560
v 0.158094 0.558553 0.624925
v 0.163353 0.550376 0.651363
v 0.168822 0.832243 0.650825
v 0.168822 0.824066 0.623869
v 0.168822 0.792917 0.577251
v 0.168822 0.746299 0.546102
v 0.168822 0.636320 0.546102
v 0.168822 0.589702 0.577251
v 0.168822 0.571832 0.599026
v 0.168822 0.558553 0.623869
v 0.168822 0.550376 0.650825
vn -1.0000 -0.0000 -0.0000
vn -0.0000 -0.0000 -1.0000
vn 1.0000 -0.0000 -0.0000
vn -0.0000 -0.0000 1.0000
vn -0.0000 -1.0000 -0.0000
vn -0.0000 1.0000 -0.0000
vn -0.7730 -0.0000 0.6344
vn -0.6344 -0.0000 0.7730
vn -0.4714 -0.0000 0.8819
vn -0.2903 -0.0000 0.9569
vn -0.0980 -0.0000 0.9952
vn 0.0980 -0.0000 0.9952
vn 0.2903 -0.0000 0.9569
vn 0.4714 -0.0000 0.8819
vn 0.7730 -0.0000 0.6344
vn 0.8819 -0.0000 0.4714
vn 0.6344 -0.0000 0.7730
vn 0.9569 -0.0000 0.2903
vn 0.9952 -0.0000 0.0980
vn 0.9952 -0.0000 -0.0980
vn 0.9569 -0.0000 -0.2903
vn 0.8819 -0.0000 -0.4714
vn 0.7730 -0.0000 -0.6344
vn 0.6344 -0.0000 -0.7730
vn 0.2903 -0.0000 -0.9569
vn 0.4714 -0.0000 -0.8819
vn 0.0980 -0.0000 -0.9952
vn -0.0980 -0.0000 -0.9952
vn -0.2903 -0.0000 -0.9569
vn -0.4714 -0.0000 -0.8819
vn -0.6344 -0.0000 -0.7730
vn -0.7730 -0.0000 -0.6344
vn -0.8819 -0.0000 -0.4714
vn -0.9569 -0.0000 -0.2903
vn -0.9952 -0.0000 -0.0980
vn -0.9952 -0.0000 0.0980
vn -0.9569 -0.0000 0.2903
vn -0.8819 -0.0000 0.4714
vn 0.0865 -0.4696 -0.8786
vn 0.0624 0.7715 -0.6332
vn 0.0759 -0.6326 -0.7708
vn 0.0759 0.6326 -0.7708
vn 0.0624 -0.7715 -0.6332
vn 0.0865 0.4696 -0.8786
vn 0.0464 -0.8810 -0.4709
vn 0.0938 0.2890 -0.9527
vn 0.0286 -0.9565 -0.2902
vn 0.0975 0.0976 -0.9904
vn 0.0096 0.9951 -0.0980
vn 0.0097 -0.9951 -0.0980
vn 0.0975 -0.0975 -0.9904
vn 0.0286 0.9565 -0.2902
vn 0.0938 -0.2890 -0.9527
vn 0.0464 0.8810 -0.4709
vn 0.0846 0.9565 -0.2790
vn 0.2779 -0.2890 -0.9161
vn 0.1374 0.8810 -0.4528
vn 0.2563 -0.4696 -0.8448
vn 0.1847 0.7715 -0.6088
vn 0.2248 -0.6326 -0.7412
vn 0.2248 0.6326 -0.7412
vn 0.1847 -0.7715 -0.6088
vn 0.2563 0.4696 -0.8448
vn 0.1374 -0.8810 -0.4528
vn 0.2779 0.2890 -0.9161
vn 0.0846 -0.9565 -0.2790
vn 0.2889 0.0975 -0.9524
vn 0.0286 0.9951 -0.0942
vn 0.0286 -0.9951 -0.0942
vn 0.2889 -0.0976 -0.9524
vn 0.4162 0.4696 -0.7786
vn 0.2230 -0.8810 -0.4173
vn 0.4513 0.2890 -0.8443
vn 0.1374 -0.9565 -0.2571
vn 0.4691 0.0975 -0.8777
vn 0.0464 0.9951 -0.0869
vn 0.0464 -0.9951 -0.0869
vn 0.4691 -0.0975 -0.8777
vn 0.1374 0.9565 -0.2571
vn 0.4513 -0.2890 -0.8443
vn 0.2230 0.8810 -0.4173
vn 0.4162 -0.4696 -0.7786
vn 0.2999 0.7715 -0.5611
vn 0.3651 -0.6326 -0.6831
vn 0.3651 0.6326 -0.6831
vn 0.2999 -0.7715 -0.5611
vn 0.6073 -0.2890 -0.7400
vn 0.3002 0.8810 -0.3658
vn 0.5601 -0.4696 -0.6825
vn 0.4036 0.7715 -0.4918
vn 0.4913 -0.6326 -0.5987
vn 0.4913 0.6326 -0.5987
vn 0.4036 -0.7715 -0.4918
vn 0.5601 0.4696 -0.6825
vn 0.3002 -0.8810 -0.3658
vn 0.6073 0.2890 -0.7400
vn 0.1850 -0.9565 -0.2254
vn 0.6314 0.0975 -0.7693
vn 0.0625 0.9951 -0.0761
vn 0.0625 -0.9951 -0.0761
vn 0.6314 -0.0975 -0.7693
vn 0.1850 0.9565 -0.2254
vn 0.3658 -0.8810 -0.3002
vn 0.7400 0.2890 -0.6073
vn 0.2254 -0.9565 -0.1850
vn 0.7693 0.0975 -0.6314
vn 0.0761 0.9951 -0.0625
vn 0.0761 -0.9951 -0.0625
vn 0.7693 -0.0975 -0.6314
vn 0.2254 0.9565 -0.1850
vn 0.7400 -0.2890 -0.6073
vn 0.3658 0.8810 -0.3002
vn 0.6825 -0.4696 -0.5601
vn 0.4918 0.7715 -0.4036
vn 0.5987 -0.6326 -0.4913
vn 0.5987 0.6326 -0.4913
vn 0.4918 -0.7715 -0.4036
vn 0.6825 0.4696 -0.5601
vn 0.7786 -0.4696 -0.4162
vn 0.5611 0.7715 -0.2999
vn 0.6831 -0.6326 -0.3651
vn 0.6831 0.6326 -0.3651
vn 0.5611 -0.7715 -0.2999
vn 0.7786 0.4696 -0.4162
vn 0.4173 -0.8810 -0.2230
vn 0.8443 0.2890 -0.4513
vn 0.2571 -0.9565 -0.1374
vn 0.8777 0.0975 -0.4691
vn 0.0869 0.9951 -0.0464
vn 0.0869 -0.9951 -0.0464
vn 0.8777 -0.0975 -0.4691
vn 0.2571 0.9565 -0.1374
vn 0.8443 -0.2890 -0.4513
vn 0.4173 0.8810 -0.2231
vn 0.2790 -0.9565 -0.0846
vn 0.9524 0.0975 -0.2889
vn 0.0942 0.9951 -0.0286
vn 0.0942 -0.9951 -0.0286
vn 0.9524 -0.0975 -0.2889
vn 0.2790 0.9565 -0.0846
vn 0.9161 -0.2890 -0.2779
vn 0.4528 0.8810 -0.1374
vn 0.8448 -0.4696 -0.2563
vn 0.6088 0.7715 -0.1847
vn 0.7412 -0.6326 -0.2248
vn 0.7412 0.6326 -0.2248
vn 0.6088 -0.7715 -0.1847
vn 0.8448 0.4696 -0.2563
vn 0.4528 -0.8810 -0.1374
vn 0.9161 0.2890 -0.2779
vn 0.6332 0.7715 -0.0624
vn 0.7708 -0.6326 -0.0759
vn 0.7708 0.6326 -0.0759
vn 0.6332 -0.7715 -0.0624
vn 0.8786 0.4696 -0.0865
vn 0.4709 -0.8810 -0.0464
vn 0.9527 0.2890 -0.0938
vn 0.2902 -0.9565 -0.0286
vn 0.9904 0.0975 -0.0975
vn 0.0980 0.9951 -0.0097
vn 0.0980 -0.9951 -0.0097
vn 0.9904 -0.0975 -0.0975
vn 0.2902 0.9565 -0.0286
vn 0.9527 -0.2890 -0.0938
vn 0.4709 0.8810 -0.0464
vn 0.8786 -0.4696 -0.0865
vn 0.9904 0.0975 0.0975
vn 0.0980 0.9951 0.0097
vn 0.0980 -0.9951 0.0097
vn 0.9904 -0.0975 0.0975
vn 0.2902 0.9565 0.0286
vn 0.9527 -0.2890 0.0938
vn 0.4709 0.8810 0.0464
vn 0.8786 -0.4696 0.0865
vn 0.6332 0.7715 0.0624
vn 0.7708 -0.6326 0.0759
vn 0.7708 0.6326 0.0759
vn 0.6332 -0.7715 0.0624
vn 0.8786 0.4696 0.0865
vn 0.4709 -0.8810 0.0464
vn 0.9527 0.2890 0.0938
vn 0.2902 -0.9565 0.0286
vn 0.7412 -0.6326 0.2248
vn 0.7412 0.6326 0.2248
vn 0.6088 -0.7715 0.1847
vn 0.8448 0.4696 0.2563
vn 0.4528 -0.8810 0.1374
vn 0.9161 0.2890 0.2779
vn 0.2790 -0.9565 0.0846
vn 0.9524 0.0975 0.2889
vn 0.0942 0.9951 0.0286
vn 0.0942 -0.9951 0.0286
vn 0.9524 -0.0975 0.2889
vn 0.2790 0.9565 0.0846
vn 0.9161 -0.2890 0.2779
vn 0.4528 0.8810 0.1374
vn 0.8448 -0.4696 0.2563
vn 0.6088 0.7715 0.1847
vn 0.0869 0.9951 0.0464
vn 0.0869 -0.9951 0.0464
vn 0.8777 -0.0975 0.4691
vn 0.2571 0.9565 0.1374
vn 0.8443 -0.2890 0.4513
vn 0.4173 0.8810 0.2231
vn 0.7786 -0.4696 0.4162
vn 0.5611 0.7715 0.2999
vn 0.6831 -0.6326 0.3651
vn 0.6831 0.6326 0.3651
vn 0.5611 -0.7715 0.2999
vn 0.7786 0.4696 0.4162
vn 0.4173 -0.8810 0.2230
vn 0.8443 0.2890 0.4513
vn 0.2571 -0.9565 0.1374
vn 0.8777 0.0975 0.4691
vn 0.5987 0.6326 0.4913
vn 0.4918 -0.7715 0.4036
vn 0.6825 0.4696 0.5601
vn 0.3658 -0.8810 0.3002
vn 0.7400 0.2890 0.6073
vn 0.2254 -0.9565 0.1850
vn 0.7693 0.0975 0.6314
vn 0.0761 0.9951 0.0625
vn 0.0761 -0.9951 0.0625
vn 0.7693 -0.0975 0.6314
vn 0.2254 0.9566 0.1850
vn 0.7400 -0.2890 0.6073
vn 0.3658 0.8810 0.3002
vn 0.6825 -0.4696 0.5601
vn 0.4918 0.7715 0.4036
vn 0.5987 -0.6326 0.4913
vn 0.6314 -0.0975 0.7693
vn 0.1850 0.9565 0.2254
vn 0.6073 -0.2890 0.7400
vn 0.3002 0.8810 0.3658
vn 0.5601 -0.4696 0.6825
vn 0.4036 0.7715 0.4918
vn 0.4913 -0.6326 0.5987
vn 0.4913 0.6326 0.5987
vn 0.4036 -0.7715 0.4918
vn 0.5601 0.4696 0.6825
vn 0.3002 -0.8810 0.3658
vn 0.6073 0.2890 0.7400
vn 0.1850 -0.9565 0.2254
vn 0.6314 0.0975 0.7693
vn 0.0625 0.9951 0.0761
vn 0.0625 -0.9951 0.0761
vn 0.2999 -0.7715 0.5611
vn 0.4162 0.4696 0.7786
vn 0.2231 -0.8810 0.4173
vn 0.4513 0.2890 0.8443
vn 0.1374 -0.9565 0.2571
vn 0.4691 0.0975 0.8777
vn 0.0464 0.9951 0.0869
vn 0.0464 -0.9951 0.0869
vn 0.4691 -0.0975 0.8777
vn 0.1374 0.9565 0.2571
vn 0.4513 -0.2890 0.8443
vn 0.2231 0.8810 0.4173
vn 0.4162 -0.4696 0.7786
vn 0.2999 0.7715 0.5611
vn 0.3651 -0.6326 0.6831
vn 0.3651 0.6326 0.6831
vn 0.2779 -0.2890 0.9161
vn 0.1374 0.8810 0.4528
vn 0.2563 -0.4696 0.8448
vn 0.1847 0.7715 0.6088
vn 0.2248 -0.6326 0.7412
vn 0.2248 0.6326 0.7412
vn 0.1847 -0.7715 0.6088
vn 0.2563 0.4696 0.8448
vn 0.1374 -0.8810 0.4528
vn 0.2779 0.2890 0.9161
vn 0.0846 -0.9565 0.2790
vn 0.2889 0.0975 0.9524
vn 0.0286 0.9951 0.0942
vn 0.0286 -0.9951 0.0942
vn 0.2889 -0.0975 0.9524
vn 0.0846 0.9565 0.2790
vn 0.0464 -0.8810 0.4709
vn 0.0938 0.2890 0.9527
vn 0.0286 -0.9565 0.2902
vn 0.0975 0.0975 0.9904
vn 0.0097 0.9951 0.0980
vn 0.0097 -0.9951 0.0980
vn 0.0975 -0.0975 0.9904
vn 0.0286 0.9565 0.2902
vn 0.0938 -0.2890 0.9527
vn 0.0464 0.8810 0.4709
vn 0.0865 -0.4696 0.8786
vn 0.0624 0.7715 0.6332
vn 0.0759 -0.6326 0.7708
vn 0.0759 0.6326 0.7708
vn 0.0624 -0.7715 0.6332
vn 0.0865 0.4696 0.8786
vn -0.0464 0.8810 0.4709
vn -0.0865 -0.4696 0.8786
vn -0.0624 0.7715 0.6332
vn -0.0759 -0.6326 0.7708
vn -0.0759 0.6326 0.7708
vn -0.0624 -0.7715 0.6332
vn -0.0865 0.4696 0.8786
vn -0.0464 -0.8810 0.4709
vn -0.0938 0.2890 0.9527
vn -0.0286 -0.9565 0.2902
vn -0.0976 0.0975 0.9904
vn -0.0096 0.9951 0.0980
vn -0.0097 -0.9951 0.0980
vn -0.0975 -0.0975 0.9904
vn -0.0286 0.9565 0.2902
vn -0.0938 -0.2890 0.9527
vn -0.2779 0.2890 0.9161
vn -0.0846 -0.9565 0.2790
vn -0.2889 0.0975 0.9524
vn -0.0286 0.9951 0.0942
vn -0.0286 -0.9951 0.0942
vn -0.2889 -0.0975 0.9524
vn -0.0846 0.9565 0.2790
vn -0.2779 -0.2890 0.9161
vn -0.1374 0.8810 0.4528
vn -0.2563 -0.4696 0.8448
vn -0.1847 0.7715 0.6088
vn -0.2248 -0.6326 0.7412
vn -0.2248 0.6326 0.7412
vn -0.1847 -0.7715 0.6088
vn -0.2563 0.4696 0.8448
vn -0.1374 -0.8810 0.4528
vn -0.4162 -0.4696 0.7786
vn -0.2999 0.7715 0.5611
vn -0.3651 -0.6326 0.6831
vn -0.3651 0.6326 0.6831
vn -0.2999 -0.7715 0.5611
vn -0.4162 0.4696 0.7786
vn -0.2230 -0.8810 0.4173
vn -0.4513 0.2890 0.8443
vn -0.1374 -0.9565 0.2571
vn -0.4691 0.0975 0.8777
vn -0.0464 0.9951 0.0869
vn -0.0464 -0.9951 0.0869
vn -0.4691 -0.0975 0.8777
vn -0.1374 0.9565 0.2571
vn -0.4513 -0.2890 0.8443
vn -0.2231 0.8810 0.4173
vn -0.1850 -0.9565 0.2254
vn -0.6314 0.0975 0.7693
vn -0.0625 0.9951 0.0761
vn -0.0625 -0.9951 0.0761
vn -0.6314 -0.0975 0.7693
vn -0.1850 0.9565 0.2254
vn -0.6073 -0.2890 0.7400
vn -0.3002 0.8810 0.3658
vn -0.5601 -0.4696 0.6825
vn -0.4036 0.7715 0.4918
vn -0.4913 -0.6326 0.5987
vn -0.4913 0.6326 0.5987
vn -0.4036 -0.7715 0.4918
vn -0.5601 0.4696 0.6825
vn -0.3002 -0.8810 0.3658
vn -0.6073 0.2890 0.7400
vn -0.4918 0.7715 0.4036
vn -0.5987 -0.6326 0.4913
vn -0.5987 0.6326 0.4913
vn -0.4918 -0.7715 0.4036
vn -0.6825 0.4696 0.5601
vn -0.3658 -0.8810 0.3002
vn -0.7400 0.2890 0.6073
vn -0.2254 -0.9565 0.1850
vn -0.7693 0.0975 0.6314
vn -0.0761 0.9951 0.0625
vn -0.0761 -0.9951 0.0625
vn -0.7693 -0.0975 0.6314
vn -0.2254 0.9565 0.1850
vn -0.7400 -0.2890 0.6073
vn -0.3658 0.8810 0.3002
vn -0.6825 -0.4696 0.5601
vn -0.8777 0.0975 0.4691
vn -0.0869 0.9951 0.0464
vn -0.0869 -0.9951 0.0464
vn -0.8777 -0.0975 0.4691
vn -0.2571 0.9565 0.1374
vn -0.8443 -0.2890 0.4513
vn -0.4173 0.8810 0.2231
vn -0.7786 -0.4696 0.4162
vn -0.5611 0.7715 0.2999
vn -0.6831 -0.6326 0.3651
vn -0.6831 0.6326 0.3651
vn -0.5611 -0.7715 0.2999
vn -0.7786 0.4696 0.4162
vn -0.4173 -0.8810 0.2230
vn -0.8443 0.2890 0.4513
vn -0.2571 -0.9565 0.1374
vn -0.7412 -0.6326 0.2248
vn -0.7412 0.6326 0.2248
vn -0.6088 -0.7715 0.1847
vn -0.8448 0.4696 0.2563
vn -0.4528 -0.8810 0.1374
vn -0.9161 0.2890 0.2779
vn -0.2790 -0.9565 0.0846
vn -0.9524 0.0975 0.2889
vn -0.0942 0.9951 0.0286
vn -0.0942 -0.9951 0.0286
vn -0.9524 -0.0975 0.2889
vn -0.2790 0.9565 0.0846
vn -0.9161 -0.2890 0.2779
vn -0.4528 0.8810 0.1374
vn -0.8448 -0.4696 0.2563
vn -0.6088 0.7715 0.1847
vn -0.0980 -0.9951 0.0097
vn -0.9904 -0.0975 0.0975
vn -0.2902 0.9565 0.0286
vn -0.9527 -0.2890 0.0938
vn -0.4709 0.8810 0.0464
vn -0.8786 -0.4696 0.0865
vn -0.6332 0.7715 0.0624
vn -0.7708 -0.6326 0.0759
vn -0.7708 0.6326 0.0759
vn -0.6332 -0.7715 0.0624
vn -0.8786 0.4696 0.0865
vn -0.4709 -0.8810 0.0464
vn -0.9527 0.2890 0.0938
vn -0.2902 -0.9565 0.0286
vn -0.9904 0.0975 0.0976
vn -0.0980 0.9951 0.0097
vn -0.6332 -0.7715 -0.0624
vn -0.8786 0.4696 -0.0865
vn -0.4709 -0.8810 -0.0464
vn -0.9527 0.2890 -0.0938
vn -0.2902 -0.9565 -0.0286
vn -0.9904 0.0975 -0.0976
vn -0.0980 0.9951 -0.0097
vn -0.0980 -0.9951 -0.0097
vn -0.9904 -0.0975 -0.0976
vn -0.2902 0.9565 -0.0286
vn -0.9527 -0.2890 -0.0938
vn -0.4709 0.8810 -0.0464
vn -0.8786 -0.4696 -0.0865
vn -0.6332 0.7715 -0.0624
vn -0.7708 -0.6326 -0.0759
vn -0.7708 0.6326 -0.0759
vn -0.2790 0.9565 -0.0846
vn -0.9161 -0.2890 -0.2779
vn -0.4528 0.8810 -0.1374
vn -0.8448 -0.4696 -0.2563
vn -0.6088 0.7715 -0.1847
vn -0.7412 -0.6326 -0.2248
vn -0.7412 0.6326 -0.2248
vn -0.6088 -0.7715 -0.1847
vn -0.8448 0.4696 -0.2563
vn -0.4528 -0.8810 -0.1374
vn -0.9161 0.2890 -0.2779
vn -0.2790 -0.9565 -0.0846
vn -0.9524 0.0975 -0.2889
vn -0.0942 0.9951 -0.0286
vn -0.0942 -0.9951 -0.0286
vn -0.9524 -0.0975 -0.2889
vn -0.7786 0.4696 -0.4162
vn -0.4173 -0.8810 -0.2231
vn -0.8443 0.2890 -0.4513
vn -0.2571 -0.9565 -0.1374
vn -0.8777 0.0975 -0.4692
vn -0.0869 0.9951 -0.0464
vn -0.0869 -0.9951 -0.0464
vn -0.8777 -0.0975 -0.4691
vn -0.2571 0.9565 -0.1374
vn -0.8443 -0.2890 -0.4513
vn -0.4173 0.8810 -0.2231
vn -0.7786 -0.4696 -0.4162
vn -0.5611 0.7715 -0.2999
vn -0.6831 -0.6326 -0.3651
vn -0.6831 0.6326 -0.3651
vn -0.5611 -0.7715 -0.2999
vn -0.7400 -0.2890 -0.6073
vn -0.3658 0.8810 -0.3002
vn -0.6825 -0.4696 -0.5601
vn -0.4918 0.7715 -0.4036
vn -0.5987 -0.6326 -0.4913
vn -0.5987 0.6326 -0.4913
vn -0.4918 -0.7715 -0.4036
vn -0.6825 0.4696 -0.5601
vn -0.3658 -0.8810 -0.3002
vn -0.7400 0.2890 -0.6073
vn -0.2254 -0.9565 -0.1850
vn -0.7693 0.0975 -0.6314
vn -0.0761 0.9951 -0.0625
vn -0.0761 -0.9951 -0.0625
vn -0.7693 -0.0975 -0.6314
vn -0.2254 0.9565 -0.1850
vn -0.3002 -0.8810 -0.3658
vn -0.6073 0.2890 -0.7400
vn -0.1850 -0.9565 -0.2254
vn -0.6314 0.0975 -0.7693
vn -0.0625 0.9951 -0.0761
vn -0.0625 -0.9951 -0.0761
vn -0.6314 -0.0975 -0.7693
vn -0.1850 0.9565 -0.2254
vn -0.6073 -0.2890 -0.7400
vn -0.3002 0.8810 -0.3658
vn -0.5601 -0.4696 -0.6825
vn -0.4036 0.7715 -0.4918
vn -0.4913 -0.6326 -0.5987
vn -0.4913 0.6326 -0.5987
vn -0.4036 -0.7715 -0.4918
vn -0.5601 0.4696 -0.6825
vn -0.2230 0.8810 -0.4173
vn -0.4162 -0.4696 -0.7786
vn -0.2999 0.7715 -0.5611
vn -0.3651 -0.6326 -0.6831
vn -0.3651 0.6326 -0.6831
vn -0.2999 -0.7715 -0.5611
vn -0.4162 0.4696 -0.7786
vn -0.2230 -0.8810 -0.4173
vn -0.4513 0.2890 -0.8443
vn -0.1374 -0.9565 -0.2571
vn -0.4691 0.0975 -0.8777
vn -0.0464 0.9951 -0.0869
vn -0.0464 -0.9951 -0.0869
vn -0.4691 -0.0975 -0.8777
vn -0.1374 0.9565 -0.2571
vn -0.4513 -0.2890 -0.8443
vn -0.2779 0.2890 -0.9161
vn -0.0846 -0.9565 -0.2790
vn -0.2889 0.0975 -0.9524
vn -0.0286 0.9951 -0.0942
vn -0.0286 -0.9951 -0.0942
vn -0.2889 -0.0975 -0.9524
vn -0.0846 0.9565 -0.2790
vn -0.2779 -0.2890 -0.9161
vn -0.1374 0.8810 -0.4528
vn -0.2563 -0.4696 -0.8448
vn -0.1847 0.7715 -0.6088
vn -0.2248 -0.6326 -0.7412
vn -0.2248 0.6326 -0.7412
vn -0.1847 -0.7715 -0.6088
vn -0.2563 0.4696 -0.8448
vn -0.1374 -0.8810 -0.4528
vn -0.0865 -0.4696 -0.8786
vn -0.0624 0.7715 -0.6332
vn -0.0759 -0.6326 -0.7708
vn -0.0759 0.6326 -0.7708
vn -0.0624 -0.7715 -0.6332
vn -0.0865 0.4696 -0.8786
vn -0.0464 -0.8810 -0.4709
vn -0.0938 0.2890 -0.9527
vn -0.0286 -0.9565 -0.2902
vn -0.0976 0.0975 -0.9904
vn -0.0096 0.9951 -0.0980
vn -0.0097 -0.9951 -0.0980
vn -0.0976 -0.0975 -0.9904
vn -0.0286 0.9565 -0.2902
vn -0.0938 -0.2890 -0.9527
vn -0.0464 0.8810 -0.4709
vn 0.0976 0.0975 -0.9904
vn 0.0097 0.9951 -0.0980
vn 0.2889 -0.0975 -0.9524
vn 0.7693 -0.0976 -0.6314
vn 0.4173 -0.8810 -0.2231
vn 0.4173 0.8810 -0.2230
vn 0.9904 0.0975 -0.0976
vn 0.9904 -0.0975 0.0976
vn 0.0943 0.9951 0.0286
vn 0.4173 -0.8810 0.2231
vn 0.2254 0.9565 0.1850
vn 0.2230 -0.8810 0.4173
vn 0.1374 0.9566 0.2571
vn 0.2230 0.8810 0.4173
vn 0.0286 -0.9566 0.2902
vn -0.0286 -0.9566 0.2902
vn -0.0097 0.9951 0.0980
vn -0.0976 -0.0975 0.9904
vn -0.2231 -0.8810 0.4173
vn -0.1850 0.9566 0.2254
vn -0.4173 0.8810 0.2230
vn -0.9904 0.0975 0.0975
vn -0.9904 -0.0975 -0.0975
vn -0.8777 0.0975 -0.4691
vn -0.2571 0.9566 -0.1374
vn -0.0846 -0.9566 -0.2790
vn -0.0286 -0.9566 -0.2902
vn -0.0097 0.9951 -0.0980
vn 0.0975 0.0975 -0.9904
vn 0.0975 -0.0976 -0.9904
vn 0.2889 0.0976 -0.9524
vn 0.2231 0.8810 -0.4173
vn 0.2790 0.9566 0.0846
vn 0.1850 0.9566 0.2254
vn -0.0975 0.0975 0.9904
vn -0.2254 0.9566 0.1850
vn -0.9904 -0.0975 0.0976
vn -0.2790 0.9566 -0.0846
vn -0.2231 0.8810 -0.4173
vn -0.1374 0.9566 -0.2571
vn 0.2231 -0.8810 -0.4173
vn 0.1374 0.9566 -0.2571
vn 0.7693 0.0976 -0.6314
vn 0.8777 0.0975 -0.4692
vn 0.2571 0.9566 -0.1374
vn 0.9904 -0.0975 -0.0976
vn 0.9904 0.0975 0.0976
vn 0.4173 0.8810 0.2230
vn 0.0976 0.0975 0.9904
vn -0.2230 0.8810 0.4173
vn -0.2790 0.9566 0.0846
vn -0.9904 0.0975 -0.0975
vn -0.2231 -0.8810 -0.4173
vn -0.0286 0.9566 -0.2902
vt 0.886850 0.784001
vt 0.898291 0.795472
vt 0.886850 0.795472
vt 0.258738 0.929897
vt 0.269940 0.941368
vt 0.258738 0.941368
vt 0.045526 0.938224
vt 0.056728 0.949695
vt 0.045526 0.949695
vt 0.886850 0.886524
vt 0.898291 0.897995
vt 0.886850 0.897995
vt 0.858827 0.392913
vt 0.870298 0.381442
vt 0.870298 0.392913
vt 0.858827 0.495436
vt 0.870298 0.483965
vt 0.870298 0.495436
vt 0.173359 0.278269
vt 0.087715 0.252289
vt 0.236080 0.071506
vt 0.173359 0.602064
vt 0.087715 0.576084
vt 0.236080 0.395301
vt 0.371717 0.780770
vt 0.369321 0.799493
vt 0.369321 0.780770
vt 0.674543 0.045526
vt 0.672147 0.062151
vt 0.672147 0.045526
vt 0.674543 0.062151
vt 0.672147 0.081535
vt 0.674543 0.081535
vt 0.672147 0.102934
vt 0.674543 0.102934
vt 0.672147 0.125525
vt 0.674543 0.125525
vt 0.672147 0.148440
vt 0.674543 0.148440
vt 0.672147 0.170799
vt 0.674543 0.170799
vt 0.672147 0.191743
vt 0.674543 0.210466
vt 0.672147 0.226248
vt 0.672147 0.210466
vt 0.674543 0.317300
vt 0.672147 0.334717
vt 0.672147 0.317300
vt 0.674543 0.191743
vt 0.674543 0.334717
vt 0.672147 0.354706
vt 0.674543 0.354706
vt 0.672147 0.376501
vt 0.674543 0.376501
vt 0.672147 0.399262
vt 0.674543 0.399262
vt 0.672147 0.422117
vt 0.674543 0.422117
vt 0.672147 0.444185
vt 0.674543 0.444185
vt 0.672147 0.464620
vt 0.674543 0.464620
vt 0.672147 0.482636
vt 0.674543 0.591104
vt 0.672147 0.611094
vt 0.672147 0.591104
vt 0.674543 0.573688
vt 0.672147 0.573688
vt 0.674543 0.611094
vt 0.672147 0.632888
vt 0.674543 0.632888
vt 0.672147 0.655650
vt 0.674543 0.655650
vt 0.672147 0.678504
vt 0.674543 0.678504
vt 0.672147 0.700572
vt 0.674543 0.700572
vt 0.672147 0.721007
vt 0.674543 0.721007
vt 0.672147 0.739023
vt 0.371717 0.651178
vt 0.369321 0.670562
vt 0.369321 0.651178
vt 0.371717 0.670562
vt 0.369321 0.691961
vt 0.371717 0.691961
vt 0.369321 0.714552
vt 0.371717 0.714552
vt 0.369321 0.737468
vt 0.371717 0.737468
vt 0.369321 0.759827
vt 0.371717 0.759827
vt 0.485637 0.257300
vt 0.369321 0.161842
vt 0.464779 0.045526
vt 0.485637 0.560126
vt 0.369321 0.464668
vt 0.464779 0.348352
vt 0.464949 0.769094
vt 0.462769 0.786130
vt 0.462769 0.769094
vt 0.767775 0.045526
vt 0.765595 0.060653
vt 0.765595 0.045526
vt 0.767775 0.060653
vt 0.765595 0.078291
vt 0.767775 0.078291
vt 0.765595 0.097762
vt 0.767775 0.097762
vt 0.765595 0.118318
vt 0.767775 0.118318
vt 0.765595 0.139168
vt 0.767775 0.139168
vt 0.765595 0.159513
vt 0.767775 0.159513
vt 0.765595 0.178569
vt 0.767775 0.195605
vt 0.765595 0.209966
vt 0.765595 0.195605
vt 0.767775 0.301018
vt 0.765595 0.316865
vt 0.765595 0.301018
vt 0.767775 0.178569
vt 0.767775 0.316865
vt 0.765595 0.335054
vt 0.767775 0.335054
vt 0.765595 0.354885
vt 0.767775 0.354885
vt 0.765595 0.375596
vt 0.767775 0.375596
vt 0.765595 0.396391
vt 0.767775 0.396391
vt 0.765595 0.416471
vt 0.767775 0.416471
vt 0.765595 0.435065
vt 0.767775 0.435065
vt 0.765595 0.451458
vt 0.767775 0.558357
vt 0.765595 0.576545
vt 0.765595 0.558357
vt 0.767775 0.542510
vt 0.765595 0.542510
vt 0.767775 0.576545
vt 0.765595 0.596376
vt 0.767775 0.596376
vt 0.765595 0.617087
vt 0.767775 0.617087
vt 0.765595 0.637882
vt 0.767775 0.637882
vt 0.765595 0.657963
vt 0.767775 0.657963
vt 0.765595 0.676556
vt 0.767775 0.676556
vt 0.765595 0.692949
vt 0.464949 0.651178
vt 0.462769 0.668816
vt 0.462769 0.651178
vt 0.464949 0.668816
vt 0.462769 0.688287
vt 0.464949 0.688287
vt 0.462769 0.708843
vt 0.464949 0.708843
vt 0.462769 0.729693
vt 0.464949 0.729693
vt 0.462769 0.750038
vt 0.464949 0.750038
vt 0.369321 0.890545
vt 0.380762 0.902016
vt 0.369321 0.902016
vt 0.147780 0.938224
vt 0.158982 0.949695
vt 0.147780 0.949695
vt 0.661778 0.943003
vt 0.672980 0.954474
vt 0.661778 0.954474
vt 0.765595 0.905256
vt 0.777036 0.916727
vt 0.765595 0.916727
vt 0.858827 0.597959
vt 0.870298 0.586488
vt 0.870298 0.597959
vt 0.556001 0.892269
vt 0.567472 0.880798
vt 0.567472 0.892269
vt 0.829238 0.825048
vt 0.818988 0.830527
vt 0.824383 0.822453
vt 0.035641 0.826221
vt 0.047239 0.829739
vt 0.038936 0.834177
vt 0.817848 0.818961
vt 0.813260 0.825827
vt 0.032122 0.837819
vt 0.028247 0.828464
vt 0.806282 0.820100
vt 0.809887 0.814705
vt 0.022753 0.830130
vt 0.027059 0.840526
vt 0.798320 0.813566
vt 0.800803 0.809850
vt 0.023941 0.842192
vt 0.019370 0.831156
vt 0.789681 0.806476
vt 0.790947 0.804581
vt 0.672147 0.837972
vt 0.672563 0.835024
vt 0.672563 0.837908
vt 0.066081 0.816987
vt 0.077680 0.813468
vt 0.066990 0.819182
vt 0.780696 0.799102
vt 0.672980 0.837972
vt 0.672980 0.835144
vt 0.054928 0.820370
vt 0.056712 0.824676
vt 0.832228 0.826647
vt 0.823244 0.834020
vt 0.044650 0.823488
vt 0.059301 0.828551
vt 0.825864 0.836170
vt 0.815614 0.841649
vt 0.050998 0.835365
vt 0.812121 0.837394
vt 0.043721 0.841338
vt 0.807421 0.831667
vt 0.037748 0.846239
vt 0.801694 0.824688
vt 0.033310 0.849881
vt 0.795160 0.816726
vt 0.030577 0.852124
vt 0.788070 0.808087
vt 0.672147 0.835144
vt 0.672563 0.832379
vt 0.068310 0.821157
vt 0.672980 0.832550
vt 0.041267 0.857838
vt 0.791444 0.819209
vt 0.039024 0.860571
vt 0.786175 0.809353
vt 0.672147 0.830290
vt 0.672563 0.830075
vt 0.069991 0.822838
vt 0.672980 0.830290
vt 0.062597 0.831847
vt 0.817765 0.844270
vt 0.806643 0.847644
vt 0.055783 0.840150
vt 0.804047 0.842789
vt 0.049810 0.847427
vt 0.800555 0.836254
vt 0.044909 0.853400
vt 0.796299 0.828293
vt 0.808241 0.850634
vt 0.796674 0.851773
vt 0.061409 0.843909
vt 0.795076 0.846505
vt 0.056971 0.852212
vt 0.792925 0.839415
vt 0.053329 0.859026
vt 0.790304 0.830776
vt 0.050622 0.864089
vt 0.787315 0.820919
vt 0.048956 0.867207
vt 0.784070 0.810225
vt 0.259154 0.838845
vt 0.258738 0.836301
vt 0.259154 0.836461
vt 0.071966 0.824158
vt 0.259570 0.836301
vt 0.259570 0.838639
vt 0.066472 0.834436
vt 0.782931 0.821791
vt 0.061018 0.868395
vt 0.059992 0.871778
vt 0.781836 0.810669
vt 0.258738 0.833650
vt 0.259154 0.833758
vt 0.074161 0.825067
vt 0.259570 0.833650
vt 0.070778 0.836220
vt 0.797658 0.855017
vt 0.786091 0.853878
vt 0.067660 0.846498
vt 0.785552 0.848399
vt 0.064927 0.855507
vt 0.784826 0.841026
vt 0.062684 0.862901
vt 0.783941 0.832042
vt 0.775301 0.853878
vt 0.775841 0.848399
vt 0.073374 0.857188
vt 0.776567 0.841026
vt 0.072616 0.864877
vt 0.777452 0.832042
vt 0.072054 0.870590
vt 0.778462 0.821791
vt 0.071707 0.874109
vt 0.779557 0.810669
vt 0.258738 0.830786
vt 0.259154 0.830838
vt 0.076492 0.825530
vt 0.259570 0.830786
vt 0.075349 0.837129
vt 0.786424 0.857252
vt 0.074297 0.847818
vt 0.777323 0.810225
vt 0.258738 0.827820
vt 0.259154 0.827814
vt 0.078868 0.825530
vt 0.259570 0.827820
vt 0.080010 0.837129
vt 0.774969 0.857252
vt 0.764719 0.851773
vt 0.081063 0.847818
vt 0.766317 0.846505
vt 0.081986 0.857188
vt 0.768468 0.839415
vt 0.082743 0.864877
vt 0.771089 0.830776
vt 0.083306 0.870590
vt 0.774078 0.820919
vt 0.083652 0.874109
vt 0.090432 0.855507
vt 0.760838 0.836254
vt 0.092675 0.862901
vt 0.765094 0.828293
vt 0.094342 0.868395
vt 0.769949 0.819209
vt 0.095368 0.871778
vt 0.775218 0.809353
vt 0.258738 0.824866
vt 0.259154 0.824802
vt 0.081198 0.825067
vt 0.259570 0.824866
vt 0.084581 0.836220
vt 0.763735 0.855017
vt 0.754750 0.847644
vt 0.087699 0.846498
vt 0.757346 0.842789
vt 0.258738 0.822038
vt 0.259154 0.821918
vt 0.083393 0.824158
vt 0.773323 0.808087
vt 0.259570 0.822038
vt 0.088887 0.834436
vt 0.753152 0.850634
vt 0.745779 0.841649
vt 0.093951 0.843909
vt 0.749272 0.837394
vt 0.098389 0.852212
vt 0.753972 0.831667
vt 0.102031 0.859026
vt 0.759699 0.824688
vt 0.104737 0.864089
vt 0.766233 0.816726
vt 0.106404 0.867207
vt 0.748133 0.825827
vt 0.105549 0.847427
vt 0.110451 0.853400
vt 0.755111 0.820100
vt 0.114093 0.857838
vt 0.763073 0.813566
vt 0.116336 0.860571
vt 0.771712 0.806476
vt 0.258738 0.819444
vt 0.259154 0.819274
vt 0.085369 0.822838
vt 0.259570 0.819444
vt 0.092763 0.831847
vt 0.743628 0.844270
vt 0.738149 0.834020
vt 0.099577 0.840150
vt 0.742405 0.830527
vt 0.087049 0.821157
vt 0.770446 0.804581
vt 0.259570 0.817184
vt 0.096058 0.828551
vt 0.735529 0.836170
vt 0.732155 0.825049
vt 0.104361 0.835365
vt 0.737010 0.822453
vt 0.111639 0.841338
vt 0.743544 0.818961
vt 0.117611 0.846239
vt 0.751506 0.814705
vt 0.122049 0.849881
vt 0.760590 0.809850
vt 0.124782 0.852124
vt 0.258738 0.817184
vt 0.259154 0.816969
vt 0.116423 0.834177
vt 0.123237 0.837819
vt 0.740384 0.811331
vt 0.749023 0.808711
vt 0.128300 0.840526
vt 0.758880 0.805721
vt 0.131418 0.842192
vt 0.769574 0.802476
vt 0.125705 0.852882
vt 0.132471 0.842755
vt 0.088369 0.819182
vt 0.728156 0.827186
vt 0.724782 0.816064
vt 0.729165 0.826647
vt 0.098648 0.824676
vt 0.728026 0.815080
vt 0.108120 0.829739
vt 0.733294 0.813482
vt 0.859243 0.067350
vt 0.859660 0.064725
vt 0.859660 0.067155
vt 0.100431 0.820370
vt 0.725921 0.804497
vt 0.110710 0.823488
vt 0.731400 0.803958
vt 0.119719 0.826221
vt 0.738773 0.803232
vt 0.127112 0.828464
vt 0.747757 0.802347
vt 0.132606 0.830130
vt 0.758008 0.801337
vt 0.135990 0.831156
vt 0.769130 0.800242
vt 0.858827 0.064725
vt 0.859243 0.064872
vt 0.089278 0.816987
vt 0.738773 0.794973
vt 0.747757 0.795858
vt 0.134802 0.819094
vt 0.758008 0.796868
vt 0.138320 0.819441
vt 0.769130 0.797963
vt 0.858827 0.062008
vt 0.859243 0.062101
vt 0.089742 0.814656
vt 0.859660 0.062008
vt 0.101340 0.815799
vt 0.722547 0.804830
vt 0.725921 0.793707
vt 0.112030 0.816852
vt 0.731400 0.794247
vt 0.121399 0.817774
vt 0.129088 0.818532
vt 0.722547 0.793375
vt 0.728026 0.783125
vt 0.101340 0.811138
vt 0.112030 0.810085
vt 0.733294 0.784723
vt 0.121399 0.809162
vt 0.740384 0.786874
vt 0.129088 0.808405
vt 0.749023 0.789495
vt 0.134802 0.807842
vt 0.758880 0.792484
vt 0.138320 0.807496
vt 0.769574 0.795729
vt 0.858827 0.059106
vt 0.859243 0.059143
vt 0.089742 0.812280
vt 0.859660 0.059106
vt 0.751506 0.783500
vt 0.760590 0.788355
vt 0.132606 0.796807
vt 0.135990 0.795780
vt 0.770446 0.793624
vt 0.858827 0.056132
vt 0.859243 0.056111
vt 0.089278 0.809950
vt 0.859660 0.056132
vt 0.100431 0.806567
vt 0.724782 0.782141
vt 0.732155 0.773157
vt 0.110710 0.803449
vt 0.737010 0.775752
vt 0.119719 0.800716
vt 0.743544 0.779244
vt 0.127112 0.798473
vt 0.098648 0.802261
vt 0.108120 0.797197
vt 0.738149 0.764185
vt 0.742405 0.767678
vt 0.116423 0.792760
vt 0.748133 0.772378
vt 0.123237 0.789117
vt 0.755111 0.778105
vt 0.128300 0.786411
vt 0.763073 0.784639
vt 0.131418 0.784744
vt 0.771712 0.791729
vt 0.858827 0.053201
vt 0.859243 0.053122
vt 0.088369 0.807755
vt 0.859660 0.053201
vt 0.729165 0.771558
vt 0.122049 0.777055
vt 0.124782 0.774812
vt 0.773323 0.790118
vt 0.858827 0.050424
vt 0.859243 0.050290
vt 0.087049 0.805779
vt 0.859660 0.050424
vt 0.096058 0.798386
vt 0.735529 0.762034
vt 0.745779 0.756555
vt 0.104361 0.791571
vt 0.749272 0.760811
vt 0.111639 0.785599
vt 0.753972 0.766538
vt 0.117611 0.780697
vt 0.759699 0.773517
vt 0.766233 0.781479
vt 0.754750 0.750561
vt 0.757346 0.755416
vt 0.105549 0.779509
vt 0.760838 0.761950
vt 0.110451 0.773537
vt 0.765094 0.769912
vt 0.114093 0.769099
vt 0.769949 0.778996
vt 0.116336 0.766366
vt 0.775218 0.788852
vt 0.858827 0.047908
vt 0.859243 0.047726
vt 0.085369 0.804099
vt 0.859660 0.047908
vt 0.092763 0.795090
vt 0.743628 0.753935
vt 0.099577 0.786787
vt 0.777323 0.787980
vt 0.858827 0.045751
vt 0.859243 0.045526
vt 0.083393 0.802779
vt 0.859660 0.045751
vt 0.088887 0.792501
vt 0.753152 0.747571
vt 0.764719 0.746432
vt 0.093951 0.783028
vt 0.766317 0.751700
vt 0.098389 0.774725
vt 0.768468 0.758790
vt 0.102031 0.767911
vt 0.771089 0.767429
vt 0.104737 0.762848
vt 0.774078 0.777285
vt 0.106404 0.759730
vt 0.090432 0.771429
vt 0.776567 0.757179
vt 0.092675 0.764035
vt 0.777452 0.766164
vt 0.094342 0.758542
vt 0.778462 0.776414
vt 0.095368 0.755158
vt 0.779557 0.787536
vt 0.859243 0.290389
vt 0.858827 0.287765
vt 0.859243 0.287912
vt 0.081198 0.801870
vt 0.859660 0.287765
vt 0.859660 0.290195
vt 0.084581 0.790717
vt 0.763735 0.743187
vt 0.775301 0.744327
vt 0.087699 0.780438
vt 0.775841 0.749806
vt 0.858827 0.285048
vt 0.859243 0.285141
vt 0.078868 0.801406
vt 0.781836 0.787536
vt 0.859660 0.285048
vt 0.080010 0.789808
vt 0.774969 0.740953
vt 0.786091 0.744327
vt 0.081063 0.779118
vt 0.785552 0.749806
vt 0.081986 0.769749
vt 0.784826 0.757179
vt 0.082743 0.762060
vt 0.783941 0.766164
vt 0.083306 0.756346
vt 0.782931 0.776414
vt 0.083652 0.752828
vt 0.792925 0.758790
vt 0.073374 0.769749
vt 0.072616 0.762060
vt 0.790304 0.767429
vt 0.072054 0.756346
vt 0.787315 0.777285
vt 0.071707 0.752828
vt 0.784070 0.787980
vt 0.858827 0.282146
vt 0.859243 0.282183
vt 0.076492 0.801406
vt 0.859660 0.282146
vt 0.075349 0.789808
vt 0.786424 0.740953
vt 0.796674 0.746432
vt 0.074297 0.779118
vt 0.795076 0.751700
vt 0.786175 0.788852
vt 0.859660 0.279172
vt 0.070778 0.790717
vt 0.797658 0.743187
vt 0.806643 0.750561
vt 0.067660 0.780438
vt 0.804047 0.755416
vt 0.064927 0.771429
vt 0.800555 0.761950
vt 0.062684 0.764035
vt 0.796299 0.769912
vt 0.061018 0.758542
vt 0.791444 0.778996
vt 0.059992 0.755158
vt 0.858827 0.279172
vt 0.859243 0.279151
vt 0.074161 0.801870
vt 0.807421 0.766538
vt 0.801694 0.773517
vt 0.050622 0.762848
vt 0.795160 0.781479
vt 0.048956 0.759730
vt 0.788070 0.790118
vt 0.858827 0.276241
vt 0.859243 0.276162
vt 0.071966 0.802779
vt 0.859660 0.276241
vt 0.066472 0.792501
vt 0.808241 0.747571
vt 0.815614 0.756555
vt 0.061409 0.783028
vt 0.812121 0.760811
vt 0.056971 0.774725
vt 0.053329 0.767911
vt 0.062597 0.795090
vt 0.817765 0.753935
vt 0.823243 0.764185
vt 0.055783 0.786787
vt 0.818988 0.767678
vt 0.049810 0.779509
vt 0.813260 0.772378
vt 0.044909 0.773537
vt 0.806282 0.778105
vt 0.041267 0.769099
vt 0.798320 0.784639
vt 0.039024 0.766366
vt 0.789681 0.791729
vt 0.858827 0.273464
vt 0.859243 0.273330
vt 0.069991 0.804099
vt 0.859660 0.273464
vt 0.033310 0.777055
vt 0.800803 0.788355
vt 0.030577 0.774812
vt 0.790947 0.793624
vt 0.858827 0.270948
vt 0.859243 0.270766
vt 0.068310 0.805779
vt 0.859660 0.270948
vt 0.059301 0.798386
vt 0.825864 0.762034
vt 0.829238 0.773157
vt 0.050998 0.791571
vt 0.824383 0.775752
vt 0.043721 0.785599
vt 0.817848 0.779244
vt 0.037748 0.780697
vt 0.809887 0.783500
vt 0.832228 0.771558
vt 0.833367 0.783125
vt 0.056712 0.802261
vt 0.047239 0.797197
vt 0.828099 0.784723
vt 0.038936 0.792760
vt 0.821009 0.786874
vt 0.032122 0.789117
vt 0.812370 0.789495
vt 0.027059 0.786411
vt 0.802513 0.792484
vt 0.023941 0.784744
vt 0.791819 0.795729
vt 0.672563 0.851951
vt 0.672147 0.849407
vt 0.672563 0.849567
vt 0.066990 0.807755
vt 0.672980 0.849407
vt 0.672980 0.851745
vt 0.803385 0.796868
vt 0.022753 0.796807
vt 0.019370 0.795780
vt 0.792263 0.797963
vt 0.672147 0.846755
vt 0.672563 0.846863
vt 0.066081 0.809950
vt 0.672980 0.846755
vt 0.054928 0.806567
vt 0.836611 0.782141
vt 0.835472 0.793707
vt 0.044650 0.803449
vt 0.829993 0.794247
vt 0.035641 0.800716
vt 0.822620 0.794973
vt 0.028247 0.798473
vt 0.813636 0.795858
vt 0.054019 0.811138
vt 0.043330 0.810085
vt 0.835472 0.804497
vt 0.829993 0.803958
vt 0.033960 0.809162
vt 0.822620 0.803232
vt 0.026271 0.808405
vt 0.813636 0.802347
vt 0.020558 0.807842
vt 0.803385 0.801337
vt 0.017039 0.807496
vt 0.792263 0.800242
vt 0.672147 0.843892
vt 0.672563 0.843943
vt 0.065618 0.812280
vt 0.672980 0.843892
vt 0.838846 0.793375
vt 0.020558 0.819094
vt 0.017039 0.819441
vt 0.791819 0.802476
vt 0.672147 0.840926
vt 0.672563 0.840920
vt 0.065618 0.814656
vt 0.672980 0.840926
vt 0.054019 0.815799
vt 0.838846 0.804830
vt 0.833367 0.815080
vt 0.043330 0.816852
vt 0.828099 0.813482
vt 0.033960 0.817774
vt 0.821009 0.811331
vt 0.026271 0.818532
vt 0.812370 0.808711
vt 0.802513 0.805721
vt 0.836611 0.816064
vt 0.373919 0.326617
vt 0.364331 0.334486
vt 0.368297 0.324911
vt 0.161971 0.734448
vt 0.179317 0.739710
vt 0.166900 0.746347
vt 0.360730 0.322616
vt 0.357358 0.330758
vt 0.156709 0.751794
vt 0.150914 0.737802
vt 0.348861 0.326217
vt 0.351511 0.319819
vt 0.149137 0.755841
vt 0.142697 0.740294
vt 0.339167 0.321035
vt 0.340992 0.316629
vt 0.137637 0.741829
vt 0.144474 0.758334
vt 0.328648 0.315413
vt 0.329579 0.313166
vt 0.556001 0.774564
vt 0.556453 0.771363
vt 0.556453 0.774494
vt 0.207496 0.720638
vt 0.224842 0.715376
vt 0.208856 0.723921
vt 0.317709 0.309566
vt 0.556906 0.774564
vt 0.556906 0.771492
vt 0.190817 0.725697
vt 0.193484 0.732137
vt 0.377381 0.327667
vt 0.369512 0.337255
vt 0.175445 0.730361
vt 0.197357 0.737933
vt 0.372703 0.338961
vt 0.363115 0.346830
vt 0.184939 0.748123
vt 0.358573 0.343102
vt 0.174055 0.757056
vt 0.352461 0.338086
vt 0.165123 0.764386
vt 0.345014 0.331974
vt 0.158486 0.769833
vt 0.336517 0.325001
vt 0.154399 0.773187
vt 0.327297 0.317435
vt 0.556001 0.771492
vt 0.556453 0.768490
vt 0.210830 0.726875
vt 0.556906 0.768675
vt 0.175832 0.775095
vt 0.170385 0.781732
vt 0.340117 0.336871
vt 0.333144 0.328374
vt 0.167031 0.785819
vt 0.325578 0.319154
vt 0.556001 0.766221
vt 0.556453 0.765988
vt 0.213343 0.729388
vt 0.556906 0.766221
vt 0.202285 0.742862
vt 0.365912 0.349125
vt 0.354973 0.354972
vt 0.192095 0.755279
vt 0.351246 0.350430
vt 0.183163 0.766163
vt 0.346230 0.344318
vt 0.357268 0.357769
vt 0.345399 0.361369
vt 0.208081 0.746734
vt 0.200509 0.760901
vt 0.342629 0.356188
vt 0.193871 0.773318
vt 0.338902 0.349214
vt 0.188424 0.783509
vt 0.334360 0.340717
vt 0.184377 0.791081
vt 0.329178 0.331024
vt 0.181884 0.795745
vt 0.323556 0.320505
vt 0.556453 0.674936
vt 0.556001 0.672173
vt 0.556453 0.672347
vt 0.216298 0.731362
vt 0.556906 0.672173
vt 0.556906 0.674712
vt 0.324772 0.332849
vt 0.199924 0.797521
vt 0.198389 0.802581
vt 0.321310 0.321435
vt 0.556001 0.669293
vt 0.556453 0.669411
vt 0.219581 0.732722
vt 0.556906 0.669293
vt 0.214521 0.749402
vt 0.347104 0.364560
vt 0.334760 0.365776
vt 0.209858 0.764774
vt 0.333055 0.360153
vt 0.205771 0.778247
vt 0.330759 0.352587
vt 0.202416 0.789305
vt 0.327963 0.343367
vt 0.323467 0.368022
vt 0.322891 0.362175
vt 0.218403 0.780760
vt 0.322116 0.354306
vt 0.217270 0.792259
vt 0.321171 0.344718
vt 0.216428 0.800804
vt 0.320094 0.333779
vt 0.215910 0.806066
vt 0.318925 0.321910
vt 0.556453 0.666239
vt 0.223066 0.733415
vt 0.556906 0.666183
vt 0.221357 0.750762
vt 0.335810 0.369238
vt 0.219783 0.766748
vt 0.315324 0.333779
vt 0.316493 0.321910
vt 0.556001 0.662962
vt 0.556453 0.662955
vt 0.226619 0.733415
vt 0.556906 0.662962
vt 0.228328 0.750762
vt 0.323821 0.371623
vt 0.311952 0.368022
vt 0.229902 0.766748
vt 0.312528 0.362175
vt 0.231282 0.780760
vt 0.313303 0.354306
vt 0.232415 0.792259
vt 0.314247 0.344718
vt 0.233256 0.800804
vt 0.233775 0.806066
vt 0.239827 0.764774
vt 0.243914 0.778247
vt 0.304659 0.352587
vt 0.247268 0.789305
vt 0.307455 0.343367
vt 0.249761 0.797521
vt 0.310646 0.332849
vt 0.251296 0.802581
vt 0.314108 0.321435
vt 0.556001 0.659754
vt 0.556453 0.659685
vt 0.230104 0.732722
vt 0.556906 0.659754
vt 0.235164 0.749402
vt 0.311597 0.371623
vt 0.300658 0.365776
vt 0.302364 0.360153
vt 0.556001 0.656683
vt 0.556453 0.656553
vt 0.233387 0.731362
vt 0.311862 0.320505
vt 0.556906 0.656683
vt 0.241604 0.746734
vt 0.299608 0.369238
vt 0.290020 0.361369
vt 0.249176 0.760901
vt 0.292789 0.356188
vt 0.255813 0.773319
vt 0.296516 0.349214
vt 0.261260 0.783509
vt 0.301058 0.340718
vt 0.265308 0.791081
vt 0.306240 0.331024
vt 0.267800 0.795745
vt 0.284173 0.350430
vt 0.289189 0.344318
vt 0.266522 0.766163
vt 0.273853 0.775095
vt 0.295301 0.336871
vt 0.279300 0.781732
vt 0.302274 0.328374
vt 0.282654 0.785820
vt 0.309840 0.319154
vt 0.556001 0.653865
vt 0.556453 0.653681
vt 0.236342 0.729388
vt 0.556906 0.653865
vt 0.247399 0.742862
vt 0.288314 0.364560
vt 0.280445 0.354972
vt 0.257590 0.755279
vt 0.238855 0.726875
vt 0.308121 0.317435
vt 0.556906 0.651411
vt 0.252328 0.737933
vt 0.278150 0.357769
vt 0.272303 0.346830
vt 0.264746 0.748124
vt 0.276845 0.343102
vt 0.275630 0.757056
vt 0.282957 0.338086
vt 0.284562 0.764386
vt 0.290404 0.331974
vt 0.291199 0.769834
vt 0.298901 0.325001
vt 0.295286 0.773188
vt 0.556001 0.651411
vt 0.556453 0.651178
vt 0.282785 0.746347
vt 0.292976 0.751794
vt 0.278060 0.330759
vt 0.286557 0.326217
vt 0.300548 0.755842
vt 0.296251 0.321035
vt 0.305211 0.758334
vt 0.306770 0.315413
vt 0.296666 0.774320
vt 0.306786 0.759175
vt 0.240829 0.723921
vt 0.268562 0.349900
vt 0.262715 0.338961
vt 0.269506 0.349125
vt 0.256201 0.732137
vt 0.265906 0.337255
vt 0.270368 0.739710
vt 0.271087 0.334486
vt 0.167233 0.840670
vt 0.167686 0.837820
vt 0.167686 0.840459
vt 0.258868 0.725697
vt 0.258037 0.327667
vt 0.261499 0.326617
vt 0.274240 0.730361
vt 0.267121 0.324911
vt 0.287714 0.734448
vt 0.274688 0.322616
vt 0.298771 0.737802
vt 0.283908 0.319820
vt 0.306988 0.740295
vt 0.294426 0.316629
vt 0.312047 0.741829
vt 0.305840 0.313167
vt 0.166781 0.837820
vt 0.167233 0.837980
vt 0.242189 0.720638
vt 0.272969 0.313972
vt 0.282557 0.313028
vt 0.310271 0.723790
vt 0.293496 0.311951
vt 0.315533 0.724308
vt 0.305365 0.310782
vt 0.166781 0.834869
vt 0.167233 0.834970
vt 0.242882 0.717153
vt 0.167686 0.834869
vt 0.260228 0.718861
vt 0.259253 0.315323
vt 0.276214 0.720436
vt 0.265100 0.314748
vt 0.290226 0.721816
vt 0.301726 0.722948
vt 0.255652 0.315678
vt 0.259253 0.303809
vt 0.260228 0.711891
vt 0.276214 0.710316
vt 0.265100 0.304384
vt 0.290226 0.708936
vt 0.272969 0.305159
vt 0.301726 0.707803
vt 0.282557 0.306104
vt 0.310271 0.706962
vt 0.293496 0.307181
vt 0.315533 0.706444
vt 0.305365 0.308350
vt 0.166781 0.831717
vt 0.167233 0.831757
vt 0.242882 0.713599
vt 0.167686 0.831717
vt 0.294426 0.302503
vt 0.306988 0.690458
vt 0.312047 0.688923
vt 0.305840 0.305965
vt 0.166781 0.828488
vt 0.167233 0.828465
vt 0.242189 0.710114
vt 0.167686 0.828488
vt 0.258868 0.705054
vt 0.255652 0.303454
vt 0.261499 0.292515
vt 0.274240 0.700391
vt 0.267121 0.294220
vt 0.287714 0.696304
vt 0.274688 0.296516
vt 0.298771 0.692950
vt 0.283908 0.299312
vt 0.256201 0.698615
vt 0.270368 0.691042
vt 0.265906 0.281876
vt 0.271087 0.284646
vt 0.282785 0.684405
vt 0.278060 0.288373
vt 0.292976 0.678958
vt 0.286557 0.292915
vt 0.300548 0.674911
vt 0.296251 0.298097
vt 0.305211 0.672418
vt 0.306770 0.303719
vt 0.166781 0.825304
vt 0.167233 0.825218
vt 0.240829 0.706831
vt 0.167686 0.825304
vt 0.258037 0.291465
vt 0.291199 0.660919
vt 0.295286 0.657564
vt 0.298901 0.294131
vt 0.308121 0.301697
vt 0.166781 0.822288
vt 0.167233 0.822143
vt 0.238855 0.703876
vt 0.167686 0.822288
vt 0.252328 0.692819
vt 0.262715 0.280171
vt 0.272303 0.272302
vt 0.264746 0.682628
vt 0.276845 0.276029
vt 0.275630 0.673696
vt 0.282957 0.281046
vt 0.284562 0.666366
vt 0.290404 0.287158
vt 0.280445 0.264160
vt 0.284173 0.268702
vt 0.266522 0.664589
vt 0.289189 0.274814
vt 0.273853 0.655657
vt 0.295301 0.282261
vt 0.279300 0.649019
vt 0.302274 0.290758
vt 0.282654 0.644932
vt 0.309840 0.299978
vt 0.166781 0.819556
vt 0.167233 0.819358
vt 0.236342 0.701364
vt 0.167686 0.819556
vt 0.247399 0.687890
vt 0.269506 0.270007
vt 0.257590 0.675473
vt 0.306240 0.288108
vt 0.311862 0.298627
vt 0.166781 0.817213
vt 0.167233 0.816969
vt 0.233387 0.699390
vt 0.167686 0.817213
vt 0.241604 0.684018
vt 0.278150 0.261363
vt 0.290020 0.257763
vt 0.249176 0.669851
vt 0.292789 0.262944
vt 0.255813 0.657434
vt 0.296516 0.269917
vt 0.261260 0.647243
vt 0.301058 0.278414
vt 0.265308 0.639670
vt 0.267800 0.635007
vt 0.243914 0.652504
vt 0.304659 0.266545
vt 0.247269 0.641447
vt 0.307455 0.275764
vt 0.249761 0.633231
vt 0.310646 0.286283
vt 0.251296 0.628171
vt 0.314108 0.297696
vt 0.859279 0.179714
vt 0.858827 0.176864
vt 0.859279 0.177023
vt 0.230104 0.698030
vt 0.859731 0.176864
vt 0.859731 0.179502
vt 0.235164 0.681350
vt 0.288314 0.254572
vt 0.300658 0.253356
vt 0.239827 0.665978
vt 0.302363 0.258978
vt 0.858827 0.173912
vt 0.859279 0.174014
vt 0.226619 0.697337
vt 0.316493 0.297222
vt 0.859731 0.173912
vt 0.228328 0.679990
vt 0.299608 0.249894
vt 0.311952 0.251110
vt 0.229902 0.664004
vt 0.312527 0.256957
vt 0.231282 0.649992
vt 0.313302 0.264825
vt 0.232415 0.638492
vt 0.314247 0.274414
vt 0.233257 0.629948
vt 0.315324 0.285353
vt 0.233775 0.624686
vt 0.322116 0.264825
vt 0.218403 0.649992
vt 0.217270 0.638492
vt 0.321171 0.274414
vt 0.216429 0.629948
vt 0.320094 0.285353
vt 0.215910 0.624686
vt 0.318925 0.297222
vt 0.858827 0.170761
vt 0.859279 0.170801
vt 0.223066 0.697337
vt 0.859731 0.170761
vt 0.221357 0.679990
vt 0.311597 0.247509
vt 0.323466 0.251110
vt 0.219783 0.664004
vt 0.322891 0.256957
vt 0.321310 0.297696
vt 0.859731 0.167531
vt 0.214521 0.681350
vt 0.323821 0.247509
vt 0.334760 0.253356
vt 0.209858 0.665978
vt 0.333055 0.258978
vt 0.205771 0.652504
vt 0.330759 0.266545
vt 0.202416 0.641447
vt 0.327963 0.275764
vt 0.199924 0.633230
vt 0.324772 0.286283
vt 0.198389 0.628171
vt 0.858827 0.167531
vt 0.859279 0.167508
vt 0.219581 0.698030
vt 0.338902 0.269917
vt 0.334360 0.278414
vt 0.184377 0.639670
vt 0.329178 0.288108
vt 0.181885 0.635007
vt 0.323556 0.298627
vt 0.858827 0.164348
vt 0.859279 0.164262
vt 0.216298 0.699390
vt 0.859731 0.164348
vt 0.208081 0.684018
vt 0.335810 0.249894
vt 0.345398 0.257762
vt 0.200509 0.669851
vt 0.342629 0.262944
vt 0.193872 0.657433
vt 0.188425 0.647243
vt 0.202286 0.687890
vt 0.347104 0.254572
vt 0.354973 0.264160
vt 0.192095 0.675473
vt 0.351246 0.268701
vt 0.183163 0.664589
vt 0.346229 0.274814
vt 0.175832 0.655657
vt 0.340117 0.282261
vt 0.170385 0.649019
vt 0.333144 0.290758
vt 0.167031 0.644932
vt 0.325578 0.299978
vt 0.858827 0.161332
vt 0.859279 0.161187
vt 0.213343 0.701364
vt 0.859731 0.161332
vt 0.158486 0.660918
vt 0.345014 0.287158
vt 0.336517 0.294131
vt 0.154399 0.657564
vt 0.327297 0.301697
vt 0.858827 0.158600
vt 0.859279 0.158402
vt 0.210830 0.703876
vt 0.859731 0.158600
vt 0.197357 0.692819
vt 0.357268 0.261363
vt 0.363115 0.272302
vt 0.184939 0.682628
vt 0.358573 0.276029
vt 0.174055 0.673696
vt 0.352461 0.281046
vt 0.165123 0.666366
vt 0.365912 0.270007
vt 0.369512 0.281876
vt 0.179317 0.691042
vt 0.364331 0.284646
vt 0.166900 0.684405
vt 0.357358 0.288373
vt 0.156709 0.678958
vt 0.348861 0.292915
vt 0.149137 0.674910
vt 0.339167 0.298097
vt 0.144474 0.672418
vt 0.328648 0.303719
vt 0.556453 0.789746
vt 0.556001 0.786983
vt 0.556453 0.787157
vt 0.208856 0.706831
vt 0.556906 0.786983
vt 0.556906 0.789522
vt 0.193484 0.698614
vt 0.340992 0.302503
vt 0.142697 0.690457
vt 0.137637 0.688923
vt 0.329579 0.305965
vt 0.556001 0.784103
vt 0.556453 0.784220
vt 0.207496 0.710114
vt 0.556906 0.784103
vt 0.190817 0.705054
vt 0.372703 0.280171
vt 0.373919 0.292515
vt 0.175445 0.700391
vt 0.368297 0.294220
vt 0.161971 0.696304
vt 0.360730 0.296516
vt 0.150914 0.692950
vt 0.351511 0.299312
vt 0.173471 0.710316
vt 0.376165 0.303808
vt 0.370318 0.304384
vt 0.159458 0.708936
vt 0.362450 0.305159
vt 0.147959 0.707803
vt 0.352861 0.306104
vt 0.139414 0.706962
vt 0.341922 0.307181
vt 0.134152 0.706444
vt 0.330053 0.308350
vt 0.556001 0.780993
vt 0.556453 0.781049
vt 0.206803 0.713599
vt 0.556906 0.780993
vt 0.189457 0.711891
vt 0.377381 0.291464
vt 0.139414 0.723790
vt 0.134152 0.724308
vt 0.330053 0.310782
vt 0.556001 0.777772
vt 0.556453 0.777765
vt 0.206803 0.717153
vt 0.556906 0.777772
vt 0.189457 0.718861
vt 0.379766 0.303454
vt 0.376165 0.315323
vt 0.173471 0.720436
vt 0.370318 0.314747
vt 0.159458 0.721816
vt 0.362450 0.313972
vt 0.147959 0.722948
vt 0.352861 0.313028
vt 0.341922 0.311951
vt 0.379766 0.315678
vt 0.898291 0.784001
vt 0.269940 0.929897
vt 0.056728 0.938224
vt 0.898291 0.886524
vt 0.858827 0.381442
vt 0.858827 0.483965
vt 0.071506 0.236080
vt 0.058770 0.217020
vt 0.049998 0.195842
vt 0.045526 0.173359
vt 0.045526 0.150436
vt 0.049998 0.127953
vt 0.058770 0.106775
vt 0.071506 0.087715
vt 0.087715 0.071506
vt 0.106775 0.058770
vt 0.127953 0.049998
vt 0.150436 0.045526
vt 0.173359 0.045526
vt 0.195842 0.049998
vt 0.217020 0.058770
vt 0.252289 0.087715
vt 0.265025 0.106775
vt 0.273797 0.127953
vt 0.278269 0.150436
vt 0.278269 0.173359
vt 0.273797 0.195842
vt 0.265025 0.217020
vt 0.252289 0.236080
vt 0.236080 0.252289
vt 0.217020 0.265025
vt 0.195842 0.273797
vt 0.150436 0.278269
vt 0.127953 0.273797
vt 0.106775 0.265025
vt 0.071506 0.559875
vt 0.058770 0.540815
vt 0.049998 0.519637
vt 0.045526 0.497154
vt 0.045526 0.474231
vt 0.049998 0.451748
vt 0.058770 0.430570
vt 0.071506 0.411510
vt 0.087715 0.395301
vt 0.106775 0.382565
vt 0.127953 0.373793
vt 0.150436 0.369321
vt 0.173359 0.369321
vt 0.195842 0.373793
vt 0.217020 0.382565
vt 0.252289 0.411510
vt 0.265025 0.430570
vt 0.273797 0.451748
vt 0.278269 0.474231
vt 0.278269 0.497154
vt 0.273797 0.519637
vt 0.265025 0.540815
vt 0.252289 0.559875
vt 0.236080 0.576084
vt 0.217020 0.588819
vt 0.195842 0.597592
vt 0.150436 0.602064
vt 0.127953 0.597592
vt 0.106775 0.588819
vt 0.371717 0.799493
vt 0.674543 0.226248
vt 0.674543 0.482636
vt 0.674543 0.739023
vt 0.464779 0.257300
vt 0.444322 0.253231
vt 0.425052 0.245249
vt 0.407709 0.233661
vt 0.392960 0.218912
vt 0.381372 0.201569
vt 0.373390 0.182299
vt 0.369321 0.140984
vt 0.373390 0.120527
vt 0.381372 0.101257
vt 0.392960 0.083914
vt 0.407709 0.069165
vt 0.425052 0.057577
vt 0.444322 0.049595
vt 0.485637 0.045526
vt 0.542707 0.069165
vt 0.506094 0.049595
vt 0.525364 0.057577
vt 0.557456 0.083914
vt 0.569044 0.101257
vt 0.577026 0.120527
vt 0.581095 0.140984
vt 0.581095 0.161842
vt 0.577026 0.182299
vt 0.569044 0.201569
vt 0.557456 0.218912
vt 0.542707 0.233661
vt 0.525364 0.245249
vt 0.506094 0.253231
vt 0.464779 0.560126
vt 0.444322 0.556057
vt 0.425052 0.548075
vt 0.407709 0.536487
vt 0.392960 0.521738
vt 0.381372 0.504395
vt 0.373390 0.485125
vt 0.369321 0.443810
vt 0.373390 0.423353
vt 0.381372 0.404083
vt 0.392960 0.386740
vt 0.407709 0.371991
vt 0.425052 0.360403
vt 0.444322 0.352421
vt 0.485637 0.348352
vt 0.542707 0.371991
vt 0.506094 0.352421
vt 0.525364 0.360403
vt 0.557456 0.386740
vt 0.569044 0.404083
vt 0.577026 0.423353
vt 0.581095 0.443810
vt 0.581095 0.464668
vt 0.577026 0.485125
vt 0.569044 0.504395
vt 0.557456 0.521738
vt 0.542707 0.536487
vt 0.525364 0.548075
vt 0.506094 0.556057
vt 0.464949 0.786130
vt 0.767775 0.209966
vt 0.767775 0.451458
vt 0.767775 0.692949
vt 0.380762 0.890545
vt 0.158982 0.938224
vt 0.672980 0.943003
vt 0.777036 0.905256
vt 0.858827 0.586488
vt 0.556001 0.880798
vt 0.672147 0.832550
vt 0.258738 0.838639
vt 0.723686 0.816396
vt 0.858827 0.067155
vt 0.858827 0.290195
vt 0.672147 0.851745
vt 0.556001 0.768675
vt 0.556001 0.674712
vt 0.556001 0.666183
vt 0.261638 0.339537
vt 0.166781 0.840459
vt 0.858827 0.179502
vt 0.556001 0.789522
s 0
usemtl Material.001
f 2/1/1 3/2/1 1/3/1
f 4/4/2 7/5/2 3/6/2
f 8/7/3 5/8/3 7/9/3
f 6/10/4 1/11/4 5/12/4
f 7/13/5 1/14/5 3/15/5
f 4/16/6 6/17/6 8/18/6
f 37/19/6 9/20/6 25/21/6
f 69/22/6 41/23/6 57/24/6
f 52/25/7 21/26/7 20/27/7
f 53/28/8 22/29/8 21/30/8
f 54/31/9 23/32/9 22/29/9
f 55/33/10 24/34/10 23/32/10
f 56/35/11 25/36/11 24/34/11
f 57/37/12 26/38/12 25/36/12
f 58/39/13 27/40/13 26/38/13
f 59/41/14 28/42/14 27/40/14
f 61/43/15 30/44/15 29/45/15
f 62/46/16 31/47/16 30/48/16
f 60/49/17 29/45/17 28/42/17
f 63/50/18 32/51/18 31/47/18
f 64/52/19 33/53/19 32/51/19
f 65/54/20 34/55/20 33/53/20
f 66/56/21 35/57/21 34/55/21
f 67/58/22 36/59/22 35/57/22
f 68/60/23 37/61/23 36/59/23
f 69/62/24 38/63/24 37/61/24
f 71/64/25 40/65/25 39/66/25
f 70/67/26 39/66/26 38/68/26
f 72/69/27 9/70/27 40/65/27
f 41/71/28 10/72/28 9/70/28
f 42/73/29 11/74/29 10/72/29
f 43/75/30 12/76/30 11/74/30
f 44/77/31 13/78/31 12/76/31
f 45/79/32 14/80/32 13/78/32
f 46/81/33 15/82/33 14/83/33
f 47/84/34 16/85/34 15/82/34
f 48/86/35 17/87/35 16/85/35
f 49/88/36 18/89/36 17/87/36
f 50/90/37 19/91/37 18/89/37
f 51/92/38 20/27/38 19/91/38
f 73/93/6 81/94/6 89/95/6
f 105/96/6 113/97/6 121/98/6
f 116/99/7 85/100/7 84/101/7
f 117/102/8 86/103/8 85/104/8
f 118/105/9 87/106/9 86/103/9
f 119/107/10 88/108/10 87/106/10
f 120/109/11 89/110/11 88/108/11
f 121/111/12 90/112/12 89/110/12
f 122/113/13 91/114/13 90/112/13
f 123/115/14 92/116/14 91/114/14
f 125/117/15 94/118/15 93/119/15
f 126/120/16 95/121/16 94/122/16
f 124/123/17 93/119/17 92/116/17
f 127/124/18 96/125/18 95/121/18
f 128/126/19 97/127/19 96/125/19
f 129/128/20 98/129/20 97/127/20
f 130/130/21 99/131/21 98/129/21
f 131/132/22 100/133/22 99/131/22
f 132/134/23 101/135/23 100/133/23
f 133/136/24 102/137/24 101/135/24
f 135/138/25 104/139/25 103/140/25
f 134/141/26 103/140/26 102/142/26
f 136/143/27 73/144/27 104/139/27
f 105/145/28 74/146/28 73/144/28
f 106/147/29 75/148/29 74/146/29
f 107/149/30 76/150/30 75/148/30
f 108/151/31 77/152/31 76/150/31
f 109/153/32 78/154/32 77/152/32
f 110/155/33 79/156/33 78/157/33
f 111/158/34 80/159/34 79/156/34
f 112/160/35 81/161/35 80/159/35
f 113/162/36 82/163/36 81/161/36
f 114/164/37 83/165/37 82/163/37
f 115/166/38 84/101/38 83/165/38
f 138/167/1 139/168/1 137/169/1
f 140/170/2 143/171/2 139/172/2
f 144/173/3 141/174/3 143/175/3
f 142/176/4 137/177/4 141/178/4
f 143/179/5 137/180/5 139/181/5
f 140/182/6 142/183/6 144/184/6
f 622/185/39 161/186/39 150/187/39
f 620/188/40 153/189/40 154/190/40
f 623/191/41 161/186/41 162/192/41
f 620/188/42 155/193/42 146/194/42
f 623/191/43 163/195/43 624/196/43
f 621/197/44 155/193/44 156/198/44
f 624/196/45 164/199/45 625/200/45
f 621/197/46 157/201/46 147/202/46
f 625/200/47 165/203/47 626/204/47
f 147/205/48 158/206/48 148/207/48
f 618/208/49 226/209/49 151/210/49
f 452/211/50 626/204/50 165/203/50
f 149/212/51 158/206/51 159/213/51
f 619/214/52 151/210/52 152/215/52
f 149/216/53 160/217/53 622/185/53
f 145/218/54 152/215/54 153/189/54
f 151/210/55 167/219/55 152/215/55
f 159/220/56 175/221/56 160/217/56
f 152/215/57 168/222/57 153/189/57
f 160/217/58 176/223/58 161/186/58
f 153/189/59 169/224/59 154/190/59
f 162/192/60 176/223/60 177/225/60
f 154/190/61 170/226/61 155/193/61
f 163/195/62 177/225/62 178/227/62
f 155/193/63 171/228/63 156/198/63
f 164/199/64 178/227/64 179/229/64
f 156/198/65 172/230/65 157/201/65
f 164/199/66 180/231/66 165/203/66
f 157/232/67 173/233/67 158/206/67
f 151/210/68 226/209/68 166/234/68
f 452/211/69 165/203/69 180/231/69
f 159/213/70 173/233/70 174/235/70
f 170/226/71 186/236/71 171/228/71
f 178/227/72 194/237/72 179/229/72
f 172/230/73 186/236/73 187/238/73
f 180/231/74 194/237/74 195/239/74
f 173/233/75 187/240/75 188/241/75
f 166/234/76 226/209/76 181/242/76
f 452/211/77 180/231/77 195/239/77
f 173/233/78 189/243/78 174/235/78
f 166/234/79 182/244/79 167/219/79
f 174/245/80 190/246/80 175/221/80
f 167/219/81 183/247/81 168/222/81
f 176/223/82 190/246/82 191/248/82
f 168/222/83 184/249/83 169/224/83
f 176/223/84 192/250/84 177/225/84
f 170/226/85 184/249/85 185/251/85
f 178/227/86 192/250/86 193/252/86
f 189/253/87 205/254/87 190/246/87
f 182/244/88 198/255/88 183/247/88
f 190/246/89 206/256/89 191/248/89
f 183/247/90 199/257/90 184/249/90
f 191/248/91 207/258/91 192/250/91
f 184/249/92 200/259/92 185/251/92
f 193/252/93 207/258/93 208/260/93
f 185/251/94 201/261/94 186/236/94
f 193/252/95 209/262/95 194/237/95
f 187/238/96 201/261/96 202/263/96
f 195/239/97 209/262/97 210/264/97
f 188/265/98 202/266/98 203/267/98
f 181/242/99 226/209/99 196/268/99
f 452/211/100 195/239/100 210/264/100
f 188/265/101 204/269/101 189/270/101
f 181/242/102 197/271/102 182/244/102
f 208/260/103 224/272/103 209/262/103
f 202/263/104 216/273/104 217/274/104
f 209/262/105 225/275/105 210/264/105
f 203/267/106 217/276/106 218/277/106
f 196/268/107 226/209/107 211/278/107
f 452/211/108 210/264/108 225/275/108
f 203/267/109 219/279/109 204/269/109
f 196/268/110 212/280/110 197/271/110
f 204/281/111 220/282/111 205/254/111
f 197/271/112 213/283/112 198/255/112
f 206/256/113 220/282/113 221/284/113
f 198/255/114 214/285/114 199/257/114
f 206/256/115 222/286/115 207/258/115
f 200/259/116 214/285/116 215/287/116
f 208/260/117 222/286/117 223/288/117
f 200/259/118 216/273/118 201/261/118
f 221/284/119 236/289/119 237/290/119
f 213/283/120 230/291/120 214/285/120
f 221/284/121 238/292/121 222/286/121
f 215/287/122 230/291/122 231/293/122
f 223/288/123 238/292/123 239/294/123
f 215/287/124 232/295/124 216/273/124
f 224/272/125 239/294/125 240/296/125
f 217/274/126 232/295/126 233/297/126
f 224/272/127 241/298/127 225/275/127
f 218/277/128 233/299/128 234/300/128
f 211/278/129 226/209/129 227/301/129
f 452/211/130 225/275/130 241/298/130
f 218/277/131 235/302/131 219/279/131
f 211/278/132 228/303/132 212/280/132
f 219/304/133 236/289/133 220/282/133
f 212/280/134 229/305/134 213/283/134
f 240/296/135 256/306/135 241/298/135
f 234/300/136 248/307/136 249/308/136
f 227/301/137 226/209/137 242/309/137
f 452/211/138 241/298/138 256/306/138
f 234/300/139 250/310/139 235/302/139
f 227/301/140 243/311/140 228/303/140
f 235/312/141 251/313/141 236/289/141
f 229/305/142 243/311/142 244/314/142
f 237/290/143 251/313/143 252/315/143
f 229/305/144 245/316/144 230/291/144
f 237/290/145 253/317/145 238/292/145
f 231/293/146 245/316/146 246/318/146
f 239/294/147 253/317/147 254/319/147
f 231/293/148 247/320/148 232/295/148
f 239/294/149 255/321/149 240/296/149
f 233/297/150 247/320/150 248/322/150
f 244/314/151 260/323/151 245/316/151
f 252/315/152 268/324/152 253/317/152
f 246/318/153 260/323/153 261/325/153
f 254/319/154 268/324/154 269/326/154
f 246/318/155 262/327/155 247/320/155
f 255/321/156 269/326/156 270/328/156
f 248/322/157 262/327/157 263/329/157
f 255/321/158 271/330/158 256/306/158
f 249/308/159 263/331/159 264/332/159
f 242/309/160 226/209/160 257/333/160
f 452/211/161 256/306/161 271/330/161
f 249/308/162 265/334/162 250/310/162
f 243/311/163 257/333/163 258/335/163
f 250/336/164 266/337/164 251/313/164
f 243/311/165 259/338/165 244/314/165
f 252/315/166 266/337/166 267/339/166
f 264/332/167 278/340/167 279/341/167
f 257/333/168 226/209/168 272/342/168
f 452/211/169 271/330/169 286/343/169
f 264/332/170 280/344/170 265/334/170
f 258/335/171 272/342/171 273/345/171
f 265/346/172 281/347/172 266/337/172
f 259/338/173 273/345/173 274/348/173
f 267/339/174 281/347/174 282/349/174
f 259/338/175 275/350/175 260/323/175
f 267/339/176 283/351/176 268/324/176
f 261/325/177 275/350/177 276/352/177
f 269/326/178 283/351/178 284/353/178
f 261/325/179 277/354/179 262/327/179
f 269/326/180 285/355/180 270/328/180
f 263/329/181 277/354/181 278/356/181
f 271/330/182 285/355/182 286/343/182
f 282/349/183 298/357/183 283/351/183
f 276/352/184 290/358/184 291/359/184
f 284/353/185 298/357/185 299/360/185
f 276/352/186 292/361/186 277/354/186
f 284/353/187 300/362/187 285/355/187
f 278/356/188 292/361/188 293/363/188
f 286/343/189 300/362/189 301/364/189
f 279/341/190 293/365/190 294/366/190
f 272/342/191 226/209/191 287/367/191
f 452/211/192 286/343/192 301/364/192
f 279/341/193 295/368/193 280/344/193
f 272/342/194 288/369/194 273/345/194
f 280/370/195 296/371/195 281/347/195
f 273/345/196 289/372/196 274/348/196
f 282/349/197 296/371/197 297/373/197
f 274/348/198 290/358/198 275/350/198
f 287/367/199 226/209/199 302/374/199
f 452/211/200 301/364/200 316/375/200
f 294/366/201 310/376/201 295/368/201
f 287/367/202 303/377/202 288/369/202
f 295/378/203 311/379/203 296/371/203
f 288/369/204 304/380/204 289/372/204
f 297/373/205 311/379/205 312/381/205
f 289/372/206 305/382/206 290/358/206
f 297/373/207 313/383/207 298/357/207
f 291/359/208 305/382/208 306/384/208
f 299/360/209 313/383/209 314/385/209
f 291/359/210 307/386/210 292/361/210
f 299/360/211 315/387/211 300/362/211
f 293/363/212 307/386/212 308/388/212
f 301/364/213 315/387/213 316/375/213
f 294/366/214 308/389/214 309/390/214
f 306/384/215 320/391/215 321/392/215
f 314/385/216 328/393/216 329/394/216
f 306/384/217 322/395/217 307/386/217
f 314/385/218 330/396/218 315/387/218
f 308/388/219 322/395/219 323/397/219
f 315/387/220 331/398/220 316/375/220
f 309/399/221 323/397/221 324/400/221
f 302/374/222 226/209/222 317/401/222
f 452/211/223 316/375/223 331/398/223
f 309/402/224 325/403/224 310/404/224
f 303/377/225 317/401/225 318/405/225
f 310/404/226 326/406/226 311/379/226
f 303/377/227 319/407/227 304/380/227
f 312/381/228 326/406/228 327/408/228
f 304/380/229 320/391/229 305/382/229
f 312/381/230 328/393/230 313/383/230
f 324/409/231 340/410/231 325/411/231
f 317/401/232 333/412/232 318/405/232
f 325/403/233 341/413/233 326/406/233
f 318/405/234 334/414/234 319/407/234
f 327/408/235 341/413/235 342/415/235
f 319/407/236 335/416/236 320/391/236
f 327/408/237 343/417/237 328/393/237
f 321/392/238 335/416/238 336/418/238
f 329/394/239 343/417/239 344/419/239
f 321/392/240 337/420/240 322/395/240
f 329/394/241 345/421/241 330/396/241
f 323/397/242 337/420/242 338/422/242
f 330/396/243 346/423/243 331/398/243
f 324/409/244 338/424/244 339/425/244
f 317/401/245 226/209/245 332/426/245
f 452/211/246 331/398/246 346/423/246
f 344/419/247 358/427/247 359/428/247
f 336/418/248 352/429/248 337/420/248
f 345/421/249 359/428/249 360/430/249
f 338/422/250 352/429/250 353/431/250
f 346/423/251 360/430/251 361/432/251
f 339/425/252 353/433/252 354/434/252
f 332/426/253 226/209/253 347/435/253
f 452/211/254 346/423/254 361/432/254
f 339/425/255 355/436/255 340/410/255
f 332/426/256 348/437/256 333/412/256
f 340/438/257 356/439/257 341/413/257
f 333/412/258 349/440/258 334/414/258
f 342/415/259 356/439/259 357/441/259
f 334/414/260 350/442/260 335/416/260
f 342/415/261 358/427/261 343/417/261
f 336/418/262 350/442/262 351/443/262
f 355/444/263 371/445/263 356/439/263
f 349/440/264 363/446/264 364/447/264
f 357/441/265 371/445/265 372/448/265
f 349/440/266 365/449/266 350/442/266
f 357/441/267 373/450/267 358/427/267
f 351/443/268 365/449/268 366/451/268
f 359/428/269 373/450/269 374/452/269
f 351/443/270 367/453/270 352/429/270
f 359/428/271 375/454/271 360/430/271
f 353/431/272 367/453/272 368/455/272
f 360/430/273 376/456/273 361/432/273
f 354/434/274 368/457/274 369/458/274
f 347/435/275 226/209/275 362/459/275
f 452/211/276 361/432/276 376/456/276
f 354/434/277 370/460/277 355/436/277
f 347/435/278 363/446/278 348/437/278
f 375/454/279 389/461/279 390/462/279
f 368/455/280 382/463/280 383/464/280
f 375/454/281 391/465/281 376/456/281
f 369/458/282 383/466/282 384/467/282
f 362/459/283 226/209/283 377/468/283
f 452/211/284 376/456/284 391/465/284
f 369/458/285 385/469/285 370/460/285
f 362/459/286 378/470/286 363/446/286
f 370/471/287 386/472/287 371/445/287
f 363/446/288 379/473/288 364/447/288
f 372/448/289 386/472/289 387/474/289
f 364/447/290 380/475/290 365/449/290
f 372/448/291 388/476/291 373/450/291
f 365/449/292 381/477/292 366/451/292
f 374/452/293 388/476/293 389/461/293
f 366/451/294 382/463/294 367/453/294
f 379/473/295 393/478/295 394/479/295
f 387/474/296 401/480/296 402/481/296
f 379/473/297 395/482/297 380/475/297
f 387/474/298 403/483/298 388/476/298
f 381/477/299 395/482/299 396/484/299
f 389/461/300 403/483/300 404/485/300
f 381/477/301 397/486/301 382/463/301
f 389/461/302 405/487/302 390/462/302
f 383/464/303 397/486/303 398/488/303
f 390/462/304 406/489/304 391/465/304
f 384/467/305 398/490/305 399/491/305
f 377/468/306 226/209/306 392/492/306
f 452/211/307 391/465/307 406/489/307
f 384/467/308 400/493/308 385/469/308
f 377/468/309 393/478/309 378/470/309
f 385/494/310 401/480/310 386/472/310
f 398/488/311 412/495/311 413/496/311
f 405/487/312 421/497/312 406/489/312
f 399/491/313 413/498/313 414/499/313
f 392/492/314 226/209/314 407/500/314
f 452/211/315 406/489/315 421/497/315
f 399/491/316 415/501/316 400/493/316
f 393/478/317 407/500/317 408/502/317
f 400/503/318 416/504/318 401/480/318
f 393/478/319 409/505/319 394/479/319
f 402/481/320 416/504/320 417/506/320
f 394/479/321 410/507/321 395/482/321
f 402/481/322 418/508/322 403/483/322
f 396/484/323 410/507/323 411/509/323
f 404/485/324 418/508/324 419/510/324
f 396/484/325 412/495/325 397/486/325
f 404/485/326 420/511/326 405/487/326
f 417/506/327 431/512/327 432/513/327
f 409/505/328 425/514/328 410/507/328
f 417/506/329 433/515/329 418/508/329
f 411/509/330 425/514/330 426/516/330
f 419/510/331 433/515/331 434/517/331
f 411/509/332 427/518/332 412/495/332
f 419/510/333 435/519/333 420/511/333
f 413/496/334 427/518/334 428/520/334
f 421/497/335 435/519/335 436/521/335
f 414/499/336 428/522/336 429/523/336
f 407/500/337 226/209/337 422/524/337
f 452/211/338 421/497/338 436/521/338
f 414/499/339 430/525/339 415/501/339
f 407/500/340 423/526/340 408/502/340
f 415/527/341 431/512/341 416/504/341
f 408/502/342 424/528/342 409/505/342
f 435/519/343 451/529/343 436/521/343
f 429/523/344 443/530/344 444/531/344
f 422/524/345 226/209/345 437/532/345
f 452/211/346 436/521/346 451/529/346
f 429/523/347 445/533/347 430/525/347
f 422/524/348 438/534/348 423/526/348
f 430/535/349 446/536/349 431/512/349
f 424/528/350 438/534/350 439/537/350
f 432/513/351 446/536/351 447/538/351
f 424/528/352 440/539/352 425/514/352
f 432/513/353 448/540/353 433/515/353
f 426/516/354 440/539/354 441/541/354
f 434/517/355 448/540/355 449/542/355
f 426/516/356 442/543/356 427/518/356
f 434/517/357 450/544/357 435/519/357
f 428/520/358 442/543/358 443/545/358
f 439/537/359 456/546/359 440/539/359
f 447/538/360 464/547/360 448/540/360
f 441/541/361 456/546/361 457/548/361
f 449/542/362 464/547/362 465/549/362
f 441/541/363 458/550/363 442/543/363
f 449/542/364 466/551/364 450/544/364
f 443/545/365 458/550/365 459/552/365
f 450/544/366 467/553/366 451/529/366
f 444/554/367 459/555/367 460/556/367
f 437/532/368 226/209/368 453/557/368
f 452/211/369 451/529/369 467/553/369
f 444/554/370 461/558/370 445/559/370
f 438/534/371 453/557/371 454/560/371
f 445/561/372 462/562/372 446/536/372
f 439/537/373 454/560/373 455/563/373
f 447/538/374 462/562/374 463/564/374
f 460/556/375 474/565/375 475/566/375
f 453/557/376 226/209/376 468/567/376
f 452/211/377 467/553/377 482/568/377
f 460/556/378 476/569/378 461/558/378
f 453/557/379 469/570/379 454/560/379
f 461/571/380 477/572/380 462/562/380
f 455/563/381 469/570/381 470/573/381
f 463/564/382 477/572/382 478/574/382
f 455/563/383 471/575/383 456/546/383
f 463/564/384 479/576/384 464/547/384
f 457/548/385 471/575/385 472/577/385
f 465/549/386 479/576/386 480/578/386
f 457/548/387 473/579/387 458/550/387
f 465/549/388 481/580/388 466/551/388
f 459/552/389 473/579/389 474/581/389
f 466/551/390 482/568/390 467/553/390
f 478/574/391 494/582/391 479/576/391
f 472/577/392 486/583/392 487/584/392
f 480/578/393 494/582/393 495/585/393
f 472/577/394 488/586/394 473/579/394
f 480/578/395 496/587/395 481/580/395
f 474/581/396 488/586/396 489/588/396
f 481/580/397 497/589/397 482/568/397
f 475/566/398 489/590/398 490/591/398
f 468/567/399 226/209/399 483/592/399
f 452/211/400 482/568/400 497/589/400
f 475/566/401 491/593/401 476/569/401
f 468/567/402 484/594/402 469/570/402
f 476/595/403 492/596/403 477/572/403
f 469/570/404 485/597/404 470/573/404
f 478/574/405 492/596/405 493/598/405
f 470/573/406 486/583/406 471/575/406
f 452/211/407 497/589/407 512/599/407
f 490/591/408 506/600/408 491/593/408
f 483/592/409 499/601/409 484/594/409
f 491/602/410 507/603/410 492/596/410
f 485/597/411 499/601/411 500/604/411
f 493/598/412 507/603/412 508/605/412
f 485/597/413 501/606/413 486/583/413
f 493/598/414 509/607/414 494/582/414
f 487/584/415 501/606/415 502/608/415
f 495/585/416 509/607/416 510/609/416
f 487/584/417 503/610/417 488/586/417
f 496/587/418 510/609/418 511/611/418
f 489/588/419 503/610/419 504/612/419
f 497/589/420 511/611/420 512/599/420
f 490/591/421 504/613/421 505/614/421
f 483/592/422 226/209/422 498/615/422
f 510/609/423 524/616/423 525/617/423
f 502/608/424 518/618/424 503/610/424
f 510/609/425 526/619/425 511/611/425
f 504/612/426 518/618/426 519/620/426
f 512/599/427 526/619/427 527/621/427
f 505/614/428 519/622/428 520/623/428
f 498/615/429 226/209/429 513/624/429
f 452/211/430 512/599/430 527/621/430
f 505/614/431 521/625/431 506/600/431
f 499/601/432 513/624/432 514/626/432
f 506/627/433 522/628/433 507/603/433
f 500/604/434 514/626/434 515/629/434
f 508/605/435 522/628/435 523/630/435
f 500/604/436 516/631/436 501/606/436
f 508/605/437 524/616/437 509/607/437
f 502/608/438 516/631/438 517/632/438
f 513/624/439 529/633/439 514/626/439
f 521/634/440 537/635/440 522/628/440
f 514/626/441 530/636/441 515/629/441
f 523/630/442 537/635/442 538/637/442
f 515/629/443 531/638/443 516/631/443
f 523/630/444 539/639/444 524/616/444
f 517/632/445 531/638/445 532/640/445
f 525/617/446 539/639/446 540/641/446
f 517/632/447 533/642/447 518/618/447
f 525/617/448 541/643/448 526/619/448
f 519/620/449 533/642/449 534/644/449
f 526/619/450 542/645/450 527/621/450
f 520/623/451 534/646/451 535/647/451
f 513/624/452 226/209/452 528/648/452
f 452/211/453 527/621/453 542/645/453
f 520/623/454 536/649/454 521/625/454
f 532/640/455 548/650/455 533/642/455
f 540/641/456 556/651/456 541/643/456
f 534/644/457 548/650/457 549/652/457
f 542/645/458 556/651/458 557/653/458
f 535/647/459 549/654/459 550/655/459
f 528/648/460 226/209/460 543/656/460
f 452/211/461 542/645/461 557/653/461
f 535/647/462 551/657/462 536/649/462
f 528/648/463 544/658/463 529/633/463
f 536/659/464 552/660/464 537/635/464
f 529/633/465 545/661/465 530/636/465
f 538/637/466 552/660/466 553/662/466
f 530/636/467 546/663/467 531/638/467
f 538/637/468 554/664/468 539/639/468
f 532/640/469 546/663/469 547/665/469
f 540/641/470 554/664/470 555/666/470
f 551/667/471 567/668/471 552/660/471
f 545/661/472 559/669/472 560/670/472
f 553/662/473 567/668/473 568/671/473
f 545/661/474 561/672/474 546/663/474
f 553/662/475 569/673/475 554/664/475
f 547/665/476 561/672/476 562/674/476
f 555/666/477 569/673/477 570/675/477
f 547/665/478 563/676/478 548/650/478
f 555/666/479 571/677/479 556/651/479
f 549/652/480 563/676/480 564/678/480
f 556/651/481 572/679/481 557/653/481
f 550/680/482 564/681/482 565/682/482
f 543/656/483 226/209/483 558/683/483
f 452/211/484 557/653/484 572/679/484
f 550/680/485 566/684/485 551/685/485
f 544/658/486 558/683/486 559/669/486
f 570/675/487 586/686/487 571/677/487
f 564/678/488 578/687/488 579/688/488
f 571/677/489 587/689/489 572/679/489
f 565/682/490 579/690/490 580/691/490
f 558/683/491 226/209/491 573/692/491
f 452/211/492 572/679/492 587/689/492
f 565/682/493 581/693/493 566/684/493
f 558/683/494 574/694/494 559/669/494
f 566/695/495 582/696/495 567/668/495
f 560/670/496 574/694/496 575/697/496
f 568/671/497 582/696/497 583/698/497
f 560/670/498 576/699/498 561/672/498
f 568/671/499 584/700/499 569/673/499
f 562/674/500 576/699/500 577/701/500
f 570/675/501 584/700/501 585/702/501
f 562/674/502 578/687/502 563/676/502
f 575/697/503 589/703/503 590/704/503
f 583/698/504 597/705/504 598/706/504
f 575/697/505 591/707/505 576/699/505
f 583/698/506 599/708/506 584/700/506
f 577/701/507 591/707/507 592/709/507
f 585/702/508 599/708/508 600/710/508
f 577/701/509 593/711/509 578/687/509
f 585/702/510 601/712/510 586/686/510
f 579/688/511 593/711/511 594/713/511
f 586/686/512 602/714/512 587/689/512
f 580/691/513 594/715/513 595/716/513
f 573/692/514 226/209/514 588/717/514
f 452/211/515 587/689/515 602/714/515
f 580/691/516 596/718/516 581/693/516
f 573/692/517 589/703/517 574/694/517
f 581/719/518 597/705/518 582/696/518
f 594/713/519 608/720/519 609/721/519
f 601/712/520 617/722/520 602/714/520
f 595/716/521 609/723/521 610/724/521
f 588/717/522 226/209/522 603/725/522
f 452/211/523 602/714/523 617/722/523
f 595/716/524 611/726/524 596/718/524
f 588/717/525 604/727/525 589/703/525
f 596/728/526 612/729/526 597/705/526
f 589/703/527 605/730/527 590/704/527
f 598/706/528 612/729/528 613/731/528
f 590/704/529 606/732/529 591/707/529
f 598/706/530 614/733/530 599/708/530
f 592/709/531 606/732/531 607/734/531
f 600/710/532 614/733/532 615/735/532
f 592/709/533 608/720/533 593/711/533
f 600/710/534 616/736/534 601/712/534
f 612/729/535 150/187/535 613/731/535
f 606/732/536 145/218/536 620/188/536
f 613/731/537 623/191/537 614/733/537
f 607/734/538 620/188/538 146/194/538
f 615/735/539 623/191/539 624/196/539
f 608/720/540 146/194/540 621/197/540
f 615/735/541 625/200/541 616/736/541
f 609/721/542 621/197/542 147/202/542
f 616/736/543 626/204/543 617/722/543
f 610/724/544 147/205/544 148/207/544
f 603/725/545 226/209/545 618/208/545
f 452/211/546 617/722/546 626/204/546
f 610/724/547 149/212/547 611/726/547
f 603/725/548 619/214/548 604/727/548
f 611/737/549 622/185/549 612/729/549
f 605/730/550 619/214/550 145/218/550
f 1104/738/39 643/739/39 632/740/39
f 1102/741/40 635/742/40 636/743/40
f 1105/744/41 643/739/41 644/745/41
f 1102/741/42 637/746/42 628/747/42
f 1105/744/43 645/748/43 1106/749/43
f 628/747/44 638/750/44 1103/751/44
f 1106/749/45 646/752/45 1107/753/45
f 629/754/46 638/750/46 639/755/46
f 1107/753/47 647/756/47 1108/757/47
f 629/758/551 640/759/551 630/760/551
f 1100/761/552 708/762/552 633/763/552
f 934/764/50 1108/757/50 647/756/50
f 631/765/51 640/759/51 641/766/51
f 1101/767/52 633/763/52 634/768/52
f 631/769/53 642/770/53 1104/738/53
f 627/771/54 634/768/54 635/742/54
f 633/763/55 649/772/55 634/768/55
f 641/773/56 657/774/56 642/770/56
f 634/768/57 650/775/57 635/742/57
f 643/739/58 657/774/58 658/776/58
f 635/742/59 651/777/59 636/743/59
f 643/739/60 659/778/60 644/745/60
f 637/746/61 651/777/61 652/779/61
f 644/745/62 660/780/62 645/748/62
f 637/746/63 653/781/63 638/750/63
f 646/752/64 660/780/64 661/782/64
f 639/755/65 653/781/65 654/783/65
f 647/756/66 661/782/66 662/784/66
f 639/785/67 655/786/67 640/759/67
f 633/763/68 708/762/68 648/787/68
f 934/764/69 647/756/69 662/784/69
f 641/766/553 655/786/553 656/788/553
f 653/781/71 667/789/71 668/790/71
f 661/782/72 675/791/72 676/792/72
f 653/781/73 669/793/73 654/783/73
f 662/784/74 676/792/74 677/794/74
f 655/786/75 669/795/75 670/796/75
f 648/787/76 708/762/76 663/797/76
f 934/764/77 662/784/77 677/794/77
f 655/786/78 671/798/78 656/788/78
f 648/787/79 664/799/79 649/772/79
f 656/800/80 672/801/80 657/774/80
f 649/772/81 665/802/81 650/775/81
f 657/774/82 673/803/82 658/776/82
f 650/775/83 666/804/83 651/777/83
f 659/778/84 673/803/84 674/805/84
f 651/777/85 667/789/85 652/779/85
f 660/780/86 674/805/86 675/791/86
f 671/806/87 687/807/87 672/801/87
f 665/802/88 679/808/88 680/809/88
f 672/801/89 688/810/89 673/803/89
f 665/802/90 681/811/90 666/804/90
f 674/805/91 688/810/91 689/812/91
f 666/804/92 682/813/92 667/789/92
f 675/791/93 689/812/93 690/814/93
f 667/789/94 683/815/94 668/790/94
f 675/791/95 691/816/95 676/792/95
f 669/793/96 683/815/96 684/817/96
f 677/794/97 691/816/97 692/818/97
f 670/819/98 684/820/98 685/821/98
f 663/797/99 708/762/99 678/822/99
f 934/764/100 677/794/100 692/818/100
f 670/819/101 686/823/101 671/824/101
f 663/797/102 679/808/102 664/799/102
f 690/814/103 706/825/103 691/816/103
f 684/817/104 698/826/104 699/827/104
f 691/816/105 707/828/105 692/818/105
f 685/821/106 699/829/106 700/830/106
f 678/822/107 708/762/107 693/831/107
f 934/764/108 692/818/108 707/828/108
f 685/821/554 701/832/554 686/823/554
f 679/808/110 693/831/110 694/833/110
f 686/834/111 702/835/111 687/807/111
f 680/809/112 694/833/112 695/836/112
f 688/810/113 702/835/113 703/837/113
f 680/809/114 696/838/114 681/811/114
f 688/810/115 704/839/115 689/812/115
f 681/811/116 697/840/116 682/813/116
f 690/814/117 704/839/117 705/841/117
f 682/813/118 698/826/118 683/815/118
f 703/837/119 718/842/119 719/843/119
f 695/836/120 712/844/120 696/838/120
f 703/837/121 720/845/121 704/839/121
f 696/838/122 713/846/122 697/840/122
f 705/841/123 720/845/123 721/847/123
f 697/840/124 714/848/124 698/826/124
f 706/825/555 721/847/555 722/849/555
f 699/827/126 714/848/126 715/850/126
f 706/825/127 723/851/127 707/828/127
f 699/829/128 716/852/128 700/830/128
f 693/831/129 708/762/129 709/853/129
f 934/764/130 707/828/130 723/851/130
f 700/830/131 717/854/131 701/832/131
f 694/833/132 709/853/132 710/855/132
f 701/856/133 718/842/133 702/835/133
f 694/833/556 711/857/556 695/836/556
f 723/851/135 737/858/135 738/859/135
f 716/852/136 730/860/136 731/861/136
f 709/853/137 708/762/137 724/862/137
f 934/764/138 723/851/138 738/859/138
f 716/852/139 732/863/139 717/854/139
f 709/853/140 725/864/140 710/855/140
f 717/865/141 733/866/141 718/842/141
f 711/857/142 725/864/142 726/867/142
f 719/843/143 733/866/143 734/868/143
f 711/857/144 727/869/144 712/844/144
f 720/845/145 734/868/145 735/870/145
f 712/844/146 728/871/146 713/846/146
f 721/847/147 735/870/147 736/872/147
f 713/846/148 729/873/148 714/848/148
f 722/849/149 736/872/149 737/858/149
f 715/850/150 729/873/150 730/874/150
f 727/869/151 741/875/151 742/876/151
f 734/868/152 750/877/152 735/870/152
f 728/871/153 742/876/153 743/878/153
f 735/870/154 751/879/154 736/872/154
f 728/871/155 744/880/155 729/873/155
f 737/858/156 751/879/156 752/881/156
f 730/874/157 744/880/157 745/882/157
f 738/859/158 752/881/158 753/883/158
f 731/861/557 745/884/557 746/885/557
f 724/862/160 708/762/160 739/886/160
f 934/764/161 738/859/161 753/883/161
f 731/861/162 747/887/162 732/863/162
f 724/862/163 740/888/163 725/864/163
f 732/889/164 748/890/164 733/866/164
f 725/864/165 741/875/165 726/867/165
f 734/868/166 748/890/166 749/891/166
f 746/885/167 760/892/167 761/893/167
f 739/886/168 708/762/168 754/894/168
f 934/764/169 753/883/169 768/895/169
f 746/885/558 762/896/558 747/887/558
f 739/886/171 755/897/171 740/888/171
f 747/898/172 763/899/172 748/890/172
f 741/875/173 755/897/173 756/900/173
f 749/891/174 763/899/174 764/901/174
f 742/876/175 756/900/175 757/902/175
f 750/877/176 764/901/176 765/903/176
f 742/876/177 758/904/177 743/878/177
f 750/877/178 766/905/178 751/879/178
f 743/878/179 759/906/179 744/880/179
f 751/879/180 767/907/180 752/881/180
f 745/882/181 759/906/181 760/908/181
f 753/883/182 767/907/182 768/895/182
f 765/903/183 779/909/183 780/910/183
f 758/904/184 772/911/184 773/912/184
f 766/905/185 780/910/185 781/913/185
f 758/904/186 774/914/186 759/906/186
f 766/905/187 782/915/187 767/907/187
f 760/908/188 774/914/188 775/916/188
f 767/907/189 783/917/189 768/895/189
f 761/893/190 775/918/190 776/919/190
f 754/894/559 708/762/559 769/920/559
f 934/764/192 768/895/192 783/917/192
f 761/893/193 777/921/193 762/896/193
f 755/897/194 769/920/194 770/922/194
f 762/923/195 778/924/195 763/899/195
f 755/897/196 771/925/196 756/900/196
f 764/901/197 778/924/197 779/909/197
f 756/900/198 772/911/198 757/902/198
f 769/920/199 708/762/199 784/926/199
f 934/764/200 783/917/200 798/927/200
f 776/919/201 792/928/201 777/921/201
f 769/920/202 785/929/202 770/922/202
f 777/930/203 793/931/203 778/924/203
f 770/922/204 786/932/204 771/925/204
f 778/924/205 794/933/205 779/909/205
f 772/911/206 786/932/206 787/934/206
f 779/909/207 795/935/207 780/910/207
f 773/912/208 787/934/208 788/936/208
f 781/913/209 795/935/209 796/937/209
f 773/912/210 789/938/210 774/914/210
f 781/913/560 797/939/560 782/915/560
f 775/916/212 789/938/212 790/940/212
f 783/917/213 797/939/213 798/927/213
f 776/919/214 790/941/214 791/942/214
f 788/936/215 802/943/215 803/944/215
f 796/937/216 810/945/216 811/946/216
f 788/936/217 804/947/217 789/938/217
f 797/939/218 811/946/218 812/948/218
f 790/940/219 804/947/219 805/949/219
f 797/939/220 813/950/220 798/927/220
f 791/951/221 805/949/221 806/952/221
f 784/926/222 708/762/222 799/953/222
f 934/764/223 798/927/223 813/950/223
f 791/954/224 807/955/224 792/956/224
f 785/929/561 799/953/561 800/957/561
f 792/956/226 808/958/226 793/931/226
f 785/929/227 801/959/227 786/932/227
f 794/933/228 808/958/228 809/960/228
f 786/932/229 802/943/229 787/934/229
f 794/933/230 810/945/230 795/935/230
f 806/961/231 822/962/231 807/963/231
f 799/953/232 815/964/232 800/957/232
f 808/958/233 822/965/233 823/966/233
f 800/957/234 816/967/234 801/959/234
f 809/960/235 823/966/235 824/968/235
f 801/959/236 817/969/236 802/943/236
f 809/960/237 825/970/237 810/945/237
f 803/944/238 817/969/238 818/971/238
f 810/945/239 826/972/239 811/946/239
f 803/944/240 819/973/240 804/947/240
f 812/948/241 826/972/241 827/974/241
f 804/947/242 820/975/242 805/949/242
f 812/948/243 828/976/243 813/950/243
f 806/961/244 820/977/244 821/978/244
f 799/953/245 708/762/245 814/979/245
f 934/764/246 813/950/246 828/976/246
f 826/972/247 840/980/247 841/981/247
f 818/971/248 834/982/248 819/973/248
f 827/974/562 841/981/562 842/983/562
f 820/975/250 834/982/250 835/984/250
f 828/976/251 842/983/251 843/985/251
f 821/978/252 835/986/252 836/987/252
f 814/979/253 708/762/253 829/988/253
f 934/764/254 828/976/254 843/985/254
f 821/978/255 837/989/255 822/962/255
f 814/979/563 830/990/563 815/964/563
f 822/965/257 838/991/257 823/966/257
f 816/967/564 830/990/564 831/992/564
f 823/966/259 839/993/259 824/968/259
f 816/967/260 832/994/260 817/969/260
f 824/968/261 840/980/261 825/970/261
f 817/969/262 833/995/262 818/971/262
f 837/996/263 853/997/263 838/991/263
f 831/992/264 845/998/264 846/999/264
f 839/993/265 853/997/265 854/1000/265
f 831/992/266 847/1001/266 832/994/266
f 840/980/267 854/1000/267 855/1002/267
f 832/994/268 848/1003/268 833/995/268
f 841/981/269 855/1002/269 856/1004/269
f 834/982/270 848/1003/270 849/1005/270
f 842/983/271 856/1004/271 857/1006/271
f 835/984/272 849/1005/272 850/1007/272
f 843/985/273 857/1006/273 858/1008/273
f 836/987/274 850/1009/274 851/1010/274
f 829/988/275 708/762/275 844/1011/275
f 934/764/276 843/985/276 858/1008/276
f 836/987/277 852/1012/277 837/989/277
f 829/988/278 845/998/278 830/990/278
f 856/1004/279 872/1013/279 857/1006/279
f 850/1007/280 864/1014/280 865/1015/280
f 857/1006/565 873/1016/565 858/1008/565
f 851/1010/282 865/1017/282 866/1018/282
f 844/1011/283 708/762/283 859/1019/283
f 934/764/284 858/1008/284 873/1016/284
f 851/1010/285 867/1020/285 852/1012/285
f 845/998/286 859/1019/286 860/1021/286
f 852/1022/287 868/1023/287 853/997/287
f 846/999/288 860/1021/288 861/1024/288
f 854/1000/289 868/1023/289 869/1025/289
f 846/999/290 862/1026/290 847/1001/290
f 854/1000/291 870/1027/291 855/1002/291
f 848/1003/292 862/1026/292 863/1028/292
f 856/1004/293 870/1027/293 871/1029/293
f 848/1003/294 864/1014/294 849/1005/294
f 861/1024/295 875/1030/295 876/1031/295
f 869/1025/296 883/1032/296 884/1033/296
f 861/1024/297 877/1034/297 862/1026/297
f 869/1025/298 885/1035/298 870/1027/298
f 863/1028/299 877/1034/299 878/1036/299
f 871/1029/300 885/1035/300 886/1037/300
f 863/1028/301 879/1038/301 864/1014/301
f 871/1029/302 887/1039/302 872/1013/302
f 865/1015/303 879/1038/303 880/1040/303
f 872/1013/566 888/1041/566 873/1016/566
f 866/1018/305 880/1042/305 881/1043/305
f 859/1019/567 708/762/567 874/1044/567
f 934/764/307 873/1016/307 888/1041/307
f 866/1018/568 882/1045/568 867/1020/568
f 860/1021/309 874/1044/309 875/1030/309
f 867/1046/310 883/1032/310 868/1023/310
f 880/1040/311 894/1047/311 895/1048/311
f 888/1041/312 902/1049/312 903/1050/312
f 881/1043/313 895/1051/313 896/1052/313
f 874/1044/314 708/762/314 889/1053/314
f 934/764/315 888/1041/315 903/1050/315
f 881/1043/316 897/1054/316 882/1045/316
f 874/1044/317 890/1055/317 875/1030/317
f 882/1056/318 898/1057/318 883/1032/318
f 876/1031/319 890/1055/319 891/1058/319
f 884/1033/320 898/1057/320 899/1059/320
f 876/1031/321 892/1060/321 877/1034/321
f 884/1033/322 900/1061/322 885/1035/322
f 877/1034/323 893/1062/323 878/1036/323
f 886/1037/324 900/1061/324 901/1063/324
f 878/1036/325 894/1047/325 879/1038/325
f 887/1039/326 901/1063/326 902/1049/326
f 899/1059/327 913/1064/327 914/1065/327
f 891/1058/328 907/1066/328 892/1060/328
f 899/1059/329 915/1067/329 900/1061/329
f 892/1060/330 908/1068/330 893/1062/330
f 901/1063/331 915/1067/331 916/1069/331
f 893/1062/332 909/1070/332 894/1047/332
f 901/1063/569 917/1071/569 902/1049/569
f 895/1048/334 909/1070/334 910/1072/334
f 902/1049/335 918/1073/335 903/1050/335
f 896/1052/336 910/1074/336 911/1075/336
f 889/1053/337 708/762/337 904/1076/337
f 934/764/338 903/1050/338 918/1073/338
f 896/1052/339 912/1077/339 897/1054/339
f 890/1055/340 904/1076/340 905/1078/340
f 897/1079/341 913/1064/341 898/1057/341
f 891/1058/342 905/1078/342 906/1080/342
f 918/1073/343 932/1081/343 933/1082/343
f 911/1075/344 925/1083/344 926/1084/344
f 904/1076/345 708/762/345 919/1085/345
f 934/764/346 918/1073/346 933/1082/346
f 911/1075/347 927/1086/347 912/1077/347
f 904/1076/570 920/1087/570 905/1078/570
f 912/1088/349 928/1089/349 913/1064/349
f 906/1080/350 920/1087/350 921/1090/350
f 914/1065/351 928/1089/351 929/1091/351
f 906/1080/352 922/1092/352 907/1066/352
f 915/1067/353 929/1091/353 930/1093/353
f 907/1066/354 923/1094/354 908/1068/354
f 916/1069/355 930/1093/355 931/1095/355
f 908/1068/356 924/1096/356 909/1070/356
f 917/1071/357 931/1095/357 932/1081/357
f 910/1072/358 924/1096/358 925/1097/358
f 921/1090/359 938/1098/359 922/1092/359
f 929/1091/360 946/1099/360 930/1093/360
f 923/1094/361 938/1098/361 939/1100/361
f 930/1093/362 947/1101/362 931/1095/362
f 923/1094/363 940/1102/363 924/1096/363
f 932/1081/364 947/1101/364 948/1103/364
f 925/1097/365 940/1102/365 941/1104/365
f 933/1082/366 948/1103/366 949/1105/366
f 926/1106/367 941/1107/367 942/1108/367
f 919/1085/368 708/762/368 935/1109/368
f 934/764/369 933/1082/369 949/1105/369
f 926/1106/370 943/1110/370 927/1111/370
f 920/1087/371 935/1109/371 936/1112/371
f 927/1113/372 944/1114/372 928/1089/372
f 920/1087/373 937/1115/373 921/1090/373
f 929/1091/374 944/1114/374 945/1116/374
f 942/1108/375 956/1117/375 957/1118/375
f 935/1109/376 708/762/376 950/1119/376
f 934/764/377 949/1105/377 964/1120/377
f 942/1108/378 958/1121/378 943/1110/378
f 936/1112/379 950/1119/379 951/1122/379
f 943/1123/380 959/1124/380 944/1114/380
f 937/1115/571 951/1122/571 952/1125/571
f 945/1116/382 959/1124/382 960/1126/382
f 937/1115/383 953/1127/383 938/1098/383
f 946/1099/384 960/1126/384 961/1128/384
f 938/1098/385 954/1129/385 939/1100/385
f 947/1101/386 961/1128/386 962/1130/386
f 939/1100/387 955/1131/387 940/1102/387
f 947/1101/388 963/1132/388 948/1103/388
f 941/1104/389 955/1131/389 956/1133/389
f 948/1103/390 964/1120/390 949/1105/390
f 960/1126/391 976/1134/391 961/1128/391
f 954/1129/392 968/1135/392 969/1136/392
f 961/1128/393 977/1137/393 962/1130/393
f 954/1129/394 970/1138/394 955/1131/394
f 962/1130/395 978/1139/395 963/1132/395
f 956/1133/396 970/1138/396 971/1140/396
f 963/1132/397 979/1141/397 964/1120/397
f 957/1118/398 971/1142/398 972/1143/398
f 950/1119/399 708/762/399 965/1144/399
f 934/764/400 964/1120/400 979/1141/400
f 957/1118/401 973/1145/401 958/1121/401
f 951/1122/402 965/1144/402 966/1146/402
f 958/1147/403 974/1148/403 959/1124/403
f 951/1122/404 967/1149/404 952/1125/404
f 960/1126/405 974/1148/405 975/1150/405
f 952/1125/406 968/1135/406 953/1127/406
f 934/764/407 979/1141/407 994/1151/407
f 972/1143/408 988/1152/408 973/1145/408
f 965/1144/409 981/1153/409 966/1146/409
f 973/1154/410 989/1155/410 974/1148/410
f 966/1146/411 982/1156/411 967/1149/411
f 975/1150/412 989/1155/412 990/1157/412
f 967/1149/413 983/1158/413 968/1135/413
f 975/1150/414 991/1159/414 976/1134/414
f 969/1136/415 983/1158/415 984/1160/415
f 977/1137/416 991/1159/416 992/1161/416
f 969/1136/417 985/1162/417 970/1138/417
f 978/1139/418 992/1161/418 993/1163/418
f 971/1140/419 985/1162/419 986/1164/419
f 978/1139/420 994/1151/420 979/1141/420
f 972/1143/572 986/1165/572 987/1166/572
f 965/1144/422 708/762/422 980/1167/422
f 992/1161/423 1006/1168/423 1007/1169/423
f 984/1160/424 1000/1170/424 985/1162/424
f 992/1161/425 1008/1171/425 993/1163/425
f 986/1164/426 1000/1170/426 1001/1172/426
f 994/1151/427 1008/1171/427 1009/1173/427
f 987/1166/428 1001/1174/428 1002/1175/428
f 980/1167/429 708/762/429 995/1176/429
f 934/764/430 994/1151/430 1009/1173/430
f 987/1166/573 1003/1177/573 988/1152/573
f 980/1167/432 996/1178/432 981/1153/432
f 988/1179/433 1004/1180/433 989/1155/433
f 982/1156/434 996/1178/434 997/1181/434
f 990/1157/435 1004/1180/435 1005/1182/435
f 982/1156/436 998/1183/436 983/1158/436
f 990/1157/437 1006/1168/437 991/1159/437
f 984/1160/438 998/1183/438 999/1184/438
f 995/1176/439 1011/1185/439 996/1178/439
f 1003/1186/440 1019/1187/440 1004/1180/440
f 996/1178/441 1012/1188/441 997/1181/441
f 1005/1182/442 1019/1187/442 1020/1189/442
f 997/1181/443 1013/1190/443 998/1183/443
f 1005/1182/444 1021/1191/444 1006/1168/444
f 999/1184/445 1013/1190/445 1014/1192/445
f 1007/1169/446 1021/1191/446 1022/1193/446
f 999/1184/447 1015/1194/447 1000/1170/447
f 1008/1171/448 1022/1193/448 1023/1195/448
f 1001/1172/449 1015/1194/449 1016/1196/449
f 1008/1171/450 1024/1197/450 1009/1173/450
f 1002/1175/451 1016/1198/451 1017/1199/451
f 995/1176/452 708/762/452 1010/1200/452
f 934/764/453 1009/1173/453 1024/1197/453
f 1002/1175/454 1018/1201/454 1003/1177/454
f 1014/1192/455 1030/1202/455 1015/1194/455
f 1023/1195/456 1037/1203/456 1038/1204/456
f 1016/1196/457 1030/1202/457 1031/1205/457
f 1023/1195/458 1039/1206/458 1024/1197/458
f 1017/1199/574 1031/1207/574 1032/1208/574
f 1010/1200/460 708/762/460 1025/1209/460
f 934/764/461 1024/1197/461 1039/1206/461
f 1017/1199/462 1033/1210/462 1018/1201/462
f 1010/1200/575 1026/1211/575 1011/1185/575
f 1018/1212/464 1034/1213/464 1019/1187/464
f 1011/1185/465 1027/1214/465 1012/1188/465
f 1020/1189/466 1034/1213/466 1035/1215/466
f 1012/1188/467 1028/1216/467 1013/1190/467
f 1020/1189/468 1036/1217/468 1021/1191/468
f 1014/1192/469 1028/1216/469 1029/1218/469
f 1022/1193/470 1036/1217/470 1037/1203/470
f 1033/1219/471 1049/1220/471 1034/1213/471
f 1026/1211/472 1042/1221/472 1027/1214/472
f 1035/1215/473 1049/1220/473 1050/1222/473
f 1027/1214/474 1043/1223/474 1028/1216/474
f 1035/1215/475 1051/1224/475 1036/1217/475
f 1029/1218/476 1043/1223/476 1044/1225/476
f 1037/1203/477 1051/1224/477 1052/1226/477
f 1029/1218/478 1045/1227/478 1030/1202/478
f 1037/1203/479 1053/1228/479 1038/1204/479
f 1031/1205/480 1045/1227/480 1046/1229/480
f 1038/1204/481 1054/1230/481 1039/1206/481
f 1032/1231/482 1046/1232/482 1047/1233/482
f 1025/1209/483 708/762/483 1040/1234/483
f 934/764/484 1039/1206/484 1054/1230/484
f 1032/1231/485 1048/1235/485 1033/1236/485
f 1026/1211/486 1040/1234/486 1041/1237/486
f 1052/1226/487 1068/1238/487 1053/1228/487
f 1046/1229/488 1060/1239/488 1061/1240/488
f 1053/1228/489 1069/1241/489 1054/1230/489
f 1047/1233/490 1061/1242/490 1062/1243/490
f 1040/1234/491 708/762/491 1055/1244/491
f 934/764/492 1054/1230/492 1069/1241/492
f 1047/1233/493 1063/1245/493 1048/1235/493
f 1041/1237/494 1055/1244/494 1056/1246/494
f 1048/1247/495 1064/1248/495 1049/1220/495
f 1042/1221/496 1056/1246/496 1057/1249/496
f 1050/1222/497 1064/1248/497 1065/1250/497
f 1042/1221/498 1058/1251/498 1043/1223/498
f 1050/1222/499 1066/1252/499 1051/1224/499
f 1044/1225/500 1058/1251/500 1059/1253/500
f 1052/1226/501 1066/1252/501 1067/1254/501
f 1044/1225/502 1060/1239/502 1045/1227/502
f 1056/1246/503 1072/1255/503 1057/1249/503
f 1065/1250/504 1079/1256/504 1080/1257/504
f 1057/1249/505 1073/1258/505 1058/1251/505
f 1065/1250/506 1081/1259/506 1066/1252/506
f 1059/1253/507 1073/1258/507 1074/1260/507
f 1067/1254/508 1081/1259/508 1082/1261/508
f 1059/1253/509 1075/1262/509 1060/1239/509
f 1067/1254/510 1083/1263/510 1068/1238/510
f 1061/1240/511 1075/1262/511 1076/1264/511
f 1069/1241/512 1083/1263/512 1084/1265/512
f 1062/1243/513 1076/1266/513 1077/1267/513
f 1055/1244/514 708/762/514 1070/1268/514
f 934/764/515 1069/1241/515 1084/1265/515
f 1062/1243/516 1078/1269/516 1063/1245/516
f 1056/1246/517 1070/1268/517 1071/1270/517
f 1063/1271/518 1079/1256/518 1064/1248/518
f 1076/1264/519 1090/1272/519 1091/1273/519
f 1083/1263/576 1099/1274/576 1084/1265/576
f 1077/1267/521 1091/1275/521 1092/1276/521
f 1070/1268/522 708/762/522 1085/1277/522
f 934/764/523 1084/1265/523 1099/1274/523
f 1077/1267/524 1093/1278/524 1078/1269/524
f 1071/1270/525 1085/1277/525 1086/1279/525
f 1078/1280/526 1094/1281/526 1079/1256/526
f 1071/1270/527 1087/1282/527 1072/1255/527
f 1080/1257/528 1094/1281/528 1095/1283/528
f 1072/1255/529 1088/1284/529 1073/1258/529
f 1080/1257/530 1096/1285/530 1081/1259/530
f 1074/1260/531 1088/1284/531 1089/1286/531
f 1082/1261/532 1096/1285/532 1097/1287/532
f 1074/1260/533 1090/1272/533 1075/1262/533
f 1082/1261/534 1098/1288/534 1083/1263/534
f 1094/1281/535 632/740/535 1095/1283/535
f 1088/1284/536 627/771/536 1102/741/536
f 1095/1283/537 1105/744/537 1096/1285/537
f 1089/1286/538 1102/741/538 628/747/538
f 1097/1287/539 1105/744/539 1106/749/539
f 1090/1272/540 628/747/540 1103/751/540
f 1097/1287/541 1107/753/541 1098/1288/541
f 1091/1273/542 1103/751/542 629/754/542
f 1098/1288/577 1108/757/577 1099/1274/577
f 1092/1276/544 629/758/544 630/760/544
f 1085/1277/578 708/762/578 1100/761/578
f 934/764/546 1099/1274/546 1108/757/546
f 1092/1276/547 631/765/547 1093/1278/547
f 1085/1277/548 1101/767/548 1086/1279/548
f 1093/1289/549 1104/738/549 1094/1281/549
f 1087/1282/550 1101/767/550 627/771/550
f 2/1/1 4/1290/1 3/2/1
f 4/4/2 8/1291/2 7/5/2
f 8/7/3 6/1292/3 5/8/3
f 6/10/4 2/1293/4 1/11/4
f 7/13/5 5/1294/5 1/14/5
f 4/16/6 2/1295/6 6/17/6
f 9/20/6 10/1296/6 11/1297/6
f 11/1297/6 12/1298/6 13/1299/6
f 13/1299/6 14/1300/6 15/1301/6
f 15/1301/6 16/1302/6 17/1303/6
f 17/1303/6 18/1304/6 19/1305/6
f 19/1305/6 20/1306/6 21/1307/6
f 21/1307/6 22/1308/6 23/1309/6
f 23/1309/6 24/1310/6 25/21/6
f 25/21/6 26/1311/6 27/1312/6
f 27/1312/6 28/1313/6 29/1314/6
f 29/1314/6 30/1315/6 31/1316/6
f 31/1316/6 32/1317/6 33/1318/6
f 33/1318/6 34/1319/6 35/1320/6
f 35/1320/6 36/1321/6 37/19/6
f 37/19/6 38/1322/6 39/1323/6
f 39/1323/6 40/1324/6 9/20/6
f 9/20/6 11/1297/6 13/1299/6
f 13/1299/6 15/1301/6 17/1303/6
f 17/1303/6 19/1305/6 25/21/6
f 19/1305/6 21/1307/6 25/21/6
f 21/1307/6 23/1309/6 25/21/6
f 25/21/6 27/1312/6 33/1318/6
f 27/1312/6 29/1314/6 33/1318/6
f 29/1314/6 31/1316/6 33/1318/6
f 33/1318/6 35/1320/6 37/19/6
f 37/19/6 39/1323/6 9/20/6
f 9/20/6 13/1299/6 25/21/6
f 13/1299/6 17/1303/6 25/21/6
f 33/1318/6 37/19/6 25/21/6
f 41/23/6 42/1325/6 43/1326/6
f 43/1326/6 44/1327/6 45/1328/6
f 45/1328/6 46/1329/6 47/1330/6
f 47/1330/6 48/1331/6 49/1332/6
f 49/1332/6 50/1333/6 51/1334/6
f 51/1334/6 52/1335/6 53/1336/6
f 53/1336/6 54/1337/6 55/1338/6
f 55/1338/6 56/1339/6 57/24/6
f 57/24/6 58/1340/6 59/1341/6
f 59/1341/6 60/1342/6 61/1343/6
f 61/1343/6 62/1344/6 63/1345/6
f 63/1345/6 64/1346/6 65/1347/6
f 65/1347/6 66/1348/6 67/1349/6
f 67/1349/6 68/1350/6 69/22/6
f 69/22/6 70/1351/6 71/1352/6
f 71/1352/6 72/1353/6 41/23/6
f 41/23/6 43/1326/6 45/1328/6
f 45/1328/6 47/1330/6 49/1332/6
f 49/1332/6 51/1334/6 57/24/6
f 51/1334/6 53/1336/6 57/24/6
f 53/1336/6 55/1338/6 57/24/6
f 57/24/6 59/1341/6 65/1347/6
f 59/1341/6 61/1343/6 65/1347/6
f 61/1343/6 63/1345/6 65/1347/6
f 65/1347/6 67/1349/6 69/22/6
f 69/22/6 71/1352/6 41/23/6
f 41/23/6 45/1328/6 57/24/6
f 45/1328/6 49/1332/6 57/24/6
f 65/1347/6 69/22/6 57/24/6
f 52/25/7 53/1354/7 21/26/7
f 53/28/8 54/31/8 22/29/8
f 54/31/9 55/33/9 23/32/9
f 55/33/10 56/35/10 24/34/10
f 56/35/11 57/37/11 25/36/11
f 57/37/12 58/39/12 26/38/12
f 58/39/13 59/41/13 27/40/13
f 59/41/14 60/49/14 28/42/14
f 61/43/15 62/1355/15 30/44/15
f 62/46/16 63/50/16 31/47/16
f 60/49/17 61/43/17 29/45/17
f 63/50/18 64/52/18 32/51/18
f 64/52/19 65/54/19 33/53/19
f 65/54/20 66/56/20 34/55/20
f 66/56/21 67/58/21 35/57/21
f 67/58/22 68/60/22 36/59/22
f 68/60/23 69/62/23 37/61/23
f 69/62/24 70/1356/24 38/63/24
f 71/64/25 72/69/25 40/65/25
f 70/67/26 71/64/26 39/66/26
f 72/69/27 41/71/27 9/70/27
f 41/71/28 42/73/28 10/72/28
f 42/73/29 43/75/29 11/74/29
f 43/75/30 44/77/30 12/76/30
f 44/77/31 45/79/31 13/78/31
f 45/79/32 46/1357/32 14/80/32
f 46/81/33 47/84/33 15/82/33
f 47/84/34 48/86/34 16/85/34
f 48/86/35 49/88/35 17/87/35
f 49/88/36 50/90/36 18/89/36
f 50/90/37 51/92/37 19/91/37
f 51/92/38 52/25/38 20/27/38
f 73/93/6 74/1358/6 75/1359/6
f 75/1359/6 76/1360/6 77/1361/6
f 77/1361/6 78/1362/6 79/1363/6
f 79/1363/6 80/1364/6 81/94/6
f 81/94/6 82/1365/6 83/1366/6
f 83/1366/6 84/1367/6 85/1368/6
f 85/1368/6 86/1369/6 87/1370/6
f 87/1370/6 88/1371/6 85/1368/6
f 88/1371/6 89/95/6 85/1368/6
f 89/95/6 90/1372/6 93/1373/6
f 90/1372/6 91/1374/6 93/1373/6
f 91/1374/6 92/1375/6 93/1373/6
f 93/1373/6 94/1376/6 95/1377/6
f 95/1377/6 96/1378/6 97/1379/6
f 97/1379/6 98/1380/6 99/1381/6
f 99/1381/6 100/1382/6 101/1383/6
f 101/1383/6 102/1384/6 103/1385/6
f 103/1385/6 104/1386/6 73/93/6
f 73/93/6 75/1359/6 77/1361/6
f 77/1361/6 79/1363/6 73/93/6
f 79/1363/6 81/94/6 73/93/6
f 81/94/6 83/1366/6 89/95/6
f 83/1366/6 85/1368/6 89/95/6
f 93/1373/6 95/1377/6 89/95/6
f 95/1377/6 97/1379/6 89/95/6
f 97/1379/6 99/1381/6 101/1383/6
f 101/1383/6 103/1385/6 73/93/6
f 97/1379/6 101/1383/6 89/95/6
f 101/1383/6 73/93/6 89/95/6
f 105/96/6 106/1387/6 107/1388/6
f 107/1388/6 108/1389/6 109/1390/6
f 109/1390/6 110/1391/6 111/1392/6
f 111/1392/6 112/1393/6 113/97/6
f 113/97/6 114/1394/6 115/1395/6
f 115/1395/6 116/1396/6 117/1397/6
f 117/1397/6 118/1398/6 119/1399/6
f 119/1399/6 120/1400/6 117/1397/6
f 120/1400/6 121/98/6 117/1397/6
f 121/98/6 122/1401/6 125/1402/6
f 122/1401/6 123/1403/6 125/1402/6
f 123/1403/6 124/1404/6 125/1402/6
f 125/1402/6 126/1405/6 127/1406/6
f 127/1406/6 128/1407/6 129/1408/6
f 129/1408/6 130/1409/6 131/1410/6
f 131/1410/6 132/1411/6 133/1412/6
f 133/1412/6 134/1413/6 135/1414/6
f 135/1414/6 136/1415/6 105/96/6
f 105/96/6 107/1388/6 109/1390/6
f 109/1390/6 111/1392/6 105/96/6
f 111/1392/6 113/97/6 105/96/6
f 113/97/6 115/1395/6 121/98/6
f 115/1395/6 117/1397/6 121/98/6
f 125/1402/6 127/1406/6 121/98/6
f 127/1406/6 129/1408/6 121/98/6
f 129/1408/6 131/1410/6 133/1412/6
f 133/1412/6 135/1414/6 105/96/6
f 129/1408/6 133/1412/6 121/98/6
f 133/1412/6 105/96/6 121/98/6
f 116/99/7 117/1416/7 85/100/7
f 117/102/8 118/105/8 86/103/8
f 118/105/9 119/107/9 87/106/9
f 119/107/10 120/109/10 88/108/10
f 120/109/11 121/111/11 89/110/11
f 121/111/12 122/113/12 90/112/12
f 122/113/13 123/115/13 91/114/13
f 123/115/14 124/123/14 92/116/14
f 125/117/15 126/1417/15 94/118/15
f 126/120/16 127/124/16 95/121/16
f 124/123/17 125/117/17 93/119/17
f 127/124/18 128/126/18 96/125/18
f 128/126/19 129/128/19 97/127/19
f 129/128/20 130/130/20 98/129/20
f 130/130/21 131/132/21 99/131/21
f 131/132/22 132/134/22 100/133/22
f 132/134/23 133/136/23 101/135/23
f 133/136/24 134/1418/24 102/137/24
f 135/138/25 136/143/25 104/139/25
f 134/141/26 135/138/26 103/140/26
f 136/143/27 105/145/27 73/144/27
f 105/145/28 106/147/28 74/146/28
f 106/147/29 107/149/29 75/148/29
f 107/149/30 108/151/30 76/150/30
f 108/151/31 109/153/31 77/152/31
f 109/153/32 110/1419/32 78/154/32
f 110/155/33 111/158/33 79/156/33
f 111/158/34 112/160/34 80/159/34
f 112/160/35 113/162/35 81/161/35
f 113/162/36 114/164/36 82/163/36
f 114/164/37 115/166/37 83/165/37
f 115/166/38 116/99/38 84/101/38
f 138/167/1 140/1420/1 139/168/1
f 140/170/2 144/1421/2 143/171/2
f 144/173/3 142/1422/3 141/174/3
f 142/176/4 138/1423/4 137/177/4
f 143/179/5 141/1424/5 137/180/5
f 140/182/6 138/1425/6 142/183/6
f 622/185/39 160/217/39 161/186/39
f 620/188/40 145/218/40 153/189/40
f 623/191/41 150/187/41 161/186/41
f 620/188/42 154/190/42 155/193/42
f 623/191/43 162/192/43 163/195/43
f 621/197/44 146/194/44 155/193/44
f 624/196/45 163/195/45 164/199/45
f 621/197/46 156/198/46 157/201/46
f 625/200/47 164/199/47 165/203/47
f 147/205/579 157/232/579 158/206/579
f 149/212/580 148/207/580 158/206/580
f 619/214/52 618/208/52 151/210/52
f 149/216/53 159/220/53 160/217/53
f 145/218/54 619/214/54 152/215/54
f 151/210/55 166/234/55 167/219/55
f 159/220/56 174/245/56 175/221/56
f 152/215/57 167/219/57 168/222/57
f 160/217/58 175/221/58 176/223/58
f 153/189/59 168/222/59 169/224/59
f 162/192/60 161/186/60 176/223/60
f 154/190/61 169/224/61 170/226/61
f 163/195/62 162/192/62 177/225/62
f 155/193/63 170/226/63 171/228/63
f 164/199/64 163/195/64 178/227/64
f 156/198/65 171/228/65 172/230/65
f 164/199/66 179/229/66 180/231/66
f 157/232/581 172/1426/581 173/233/581
f 159/213/553 158/206/553 173/233/553
f 170/226/71 185/251/71 186/236/71
f 178/227/72 193/252/72 194/237/72
f 172/230/73 171/228/73 186/236/73
f 180/231/74 179/229/74 194/237/74
f 173/233/75 172/1426/75 187/240/75
f 173/233/78 188/241/78 189/243/78
f 166/234/79 181/242/79 182/244/79
f 174/245/80 189/253/80 190/246/80
f 167/219/582 182/244/582 183/247/582
f 176/223/82 175/221/82 190/246/82
f 168/222/83 183/247/83 184/249/83
f 176/223/84 191/248/84 192/250/84
f 170/226/85 169/224/85 184/249/85
f 178/227/86 177/225/86 192/250/86
f 189/253/87 204/281/87 205/254/87
f 182/244/88 197/271/88 198/255/88
f 190/246/89 205/254/89 206/256/89
f 183/247/90 198/255/90 199/257/90
f 191/248/91 206/256/91 207/258/91
f 184/249/92 199/257/92 200/259/92
f 193/252/93 192/250/93 207/258/93
f 185/251/94 200/259/94 201/261/94
f 193/252/95 208/260/95 209/262/95
f 187/238/96 186/236/96 201/261/96
f 195/239/97 194/237/97 209/262/97
f 188/265/98 187/1427/98 202/266/98
f 188/265/101 203/267/101 204/269/101
f 181/242/102 196/268/102 197/271/102
f 208/260/103 223/288/103 224/272/103
f 202/263/104 201/261/104 216/273/104
f 209/262/105 224/272/105 225/275/105
f 203/267/106 202/266/106 217/276/106
f 203/267/109 218/277/109 219/279/109
f 196/268/110 211/278/110 212/280/110
f 204/281/111 219/304/111 220/282/111
f 197/271/112 212/280/112 213/283/112
f 206/256/113 205/254/113 220/282/113
f 198/255/114 213/283/114 214/285/114
f 206/256/115 221/284/115 222/286/115
f 200/259/116 199/257/116 214/285/116
f 208/260/117 207/258/117 222/286/117
f 200/259/118 215/287/118 216/273/118
f 221/284/119 220/282/119 236/289/119
f 213/283/120 229/305/120 230/291/120
f 221/284/121 237/290/121 238/292/121
f 215/287/122 214/285/122 230/291/122
f 223/288/123 222/286/123 238/292/123
f 215/287/124 231/293/124 232/295/124
f 224/272/125 223/288/125 239/294/125
f 217/274/126 216/273/126 232/295/126
f 224/272/127 240/296/127 241/298/127
f 218/277/128 217/276/128 233/299/128
f 218/277/131 234/300/131 235/302/131
f 211/278/132 227/301/132 228/303/132
f 219/304/133 235/312/133 236/289/133
f 212/280/134 228/303/134 229/305/134
f 240/296/135 255/321/135 256/306/135
f 234/300/136 233/299/136 248/307/136
f 234/300/139 249/308/139 250/310/139
f 227/301/140 242/309/140 243/311/140
f 235/312/141 250/336/141 251/313/141
f 229/305/142 228/303/142 243/311/142
f 237/290/143 236/289/143 251/313/143
f 229/305/144 244/314/144 245/316/144
f 237/290/145 252/315/145 253/317/145
f 231/293/146 230/291/146 245/316/146
f 239/294/147 238/292/147 253/317/147
f 231/293/148 246/318/148 247/320/148
f 239/294/149 254/319/149 255/321/149
f 233/297/150 232/295/150 247/320/150
f 244/314/151 259/338/151 260/323/151
f 252/315/152 267/339/152 268/324/152
f 246/318/153 245/316/153 260/323/153
f 254/319/154 253/317/154 268/324/154
f 246/318/155 261/325/155 262/327/155
f 255/321/156 254/319/156 269/326/156
f 248/322/157 247/320/157 262/327/157
f 255/321/158 270/328/158 271/330/158
f 249/308/159 248/307/159 263/331/159
f 249/308/162 264/332/162 265/334/162
f 243/311/163 242/309/163 257/333/163
f 250/336/164 265/346/164 266/337/164
f 243/311/165 258/335/165 259/338/165
f 252/315/166 251/313/166 266/337/166
f 264/332/167 263/331/167 278/340/167
f 264/332/170 279/341/170 280/344/170
f 258/335/171 257/333/171 272/342/171
f 265/346/172 280/370/172 281/347/172
f 259/338/173 258/335/173 273/345/173
f 267/339/174 266/337/174 281/347/174
f 259/338/175 274/348/175 275/350/175
f 267/339/176 282/349/176 283/351/176
f 261/325/177 260/323/177 275/350/177
f 269/326/178 268/324/178 283/351/178
f 261/325/179 276/352/179 277/354/179
f 269/326/180 284/353/180 285/355/180
f 263/329/181 262/327/181 277/354/181
f 271/330/182 270/328/182 285/355/182
f 282/349/183 297/373/183 298/357/183
f 276/352/184 275/350/184 290/358/184
f 284/353/185 283/351/185 298/357/185
f 276/352/186 291/359/186 292/361/186
f 284/353/187 299/360/187 300/362/187
f 278/356/188 277/354/188 292/361/188
f 286/343/189 285/355/189 300/362/189
f 279/341/190 278/340/190 293/365/190
f 279/341/193 294/366/193 295/368/193
f 272/342/583 287/367/583 288/369/583
f 280/370/195 295/378/195 296/371/195
f 273/345/196 288/369/196 289/372/196
f 282/349/197 281/347/197 296/371/197
f 274/348/198 289/372/198 290/358/198
f 294/366/201 309/390/201 310/376/201
f 287/367/202 302/374/202 303/377/202
f 295/378/203 310/404/203 311/379/203
f 288/369/204 303/377/204 304/380/204
f 297/373/205 296/371/205 311/379/205
f 289/372/206 304/380/206 305/382/206
f 297/373/207 312/381/207 313/383/207
f 291/359/208 290/358/208 305/382/208
f 299/360/209 298/357/209 313/383/209
f 291/359/210 306/384/210 307/386/210
f 299/360/211 314/385/211 315/387/211
f 293/363/212 292/361/212 307/386/212
f 301/364/213 300/362/213 315/387/213
f 294/366/214 293/365/214 308/389/214
f 306/384/215 305/382/215 320/391/215
f 314/385/216 313/383/216 328/393/216
f 306/384/217 321/392/217 322/395/217
f 314/385/218 329/394/218 330/396/218
f 308/388/219 307/386/219 322/395/219
f 315/387/220 330/396/220 331/398/220
f 309/399/221 308/388/221 323/397/221
f 309/402/224 324/1428/224 325/403/224
f 303/377/561 302/374/561 317/401/561
f 310/404/226 325/403/226 326/406/226
f 303/377/227 318/405/227 319/407/227
f 312/381/228 311/379/228 326/406/228
f 304/380/229 319/407/229 320/391/229
f 312/381/230 327/408/230 328/393/230
f 324/409/231 339/425/231 340/410/231
f 317/401/584 332/426/584 333/412/584
f 325/403/233 340/438/233 341/413/233
f 318/405/234 333/412/234 334/414/234
f 327/408/235 326/406/235 341/413/235
f 319/407/236 334/414/236 335/416/236
f 327/408/237 342/415/237 343/417/237
f 321/392/238 320/391/238 335/416/238
f 329/394/239 328/393/239 343/417/239
f 321/392/240 336/418/240 337/420/240
f 329/394/241 344/419/241 345/421/241
f 323/397/242 322/395/242 337/420/242
f 330/396/243 345/421/243 346/423/243
f 324/409/244 323/1429/244 338/424/244
f 344/419/247 343/417/247 358/427/247
f 336/418/248 351/443/248 352/429/248
f 345/421/562 344/419/562 359/428/562
f 338/422/250 337/420/250 352/429/250
f 346/423/251 345/421/251 360/430/251
f 339/425/252 338/424/252 353/433/252
f 339/425/255 354/434/255 355/436/255
f 332/426/563 347/435/563 348/437/563
f 340/438/257 355/444/257 356/439/257
f 333/412/258 348/437/258 349/440/258
f 342/415/259 341/413/259 356/439/259
f 334/414/260 349/440/260 350/442/260
f 342/415/261 357/441/261 358/427/261
f 336/418/262 335/416/262 350/442/262
f 355/444/263 370/471/263 371/445/263
f 349/440/264 348/437/264 363/446/264
f 357/441/265 356/439/265 371/445/265
f 349/440/266 364/447/266 365/449/266
f 357/441/267 372/448/267 373/450/267
f 351/443/268 350/442/268 365/449/268
f 359/428/269 358/427/269 373/450/269
f 351/443/270 366/451/270 367/453/270
f 359/428/271 374/452/271 375/454/271
f 353/431/272 352/429/272 367/453/272
f 360/430/273 375/454/273 376/456/273
f 354/434/274 353/433/274 368/457/274
f 354/434/277 369/458/277 370/460/277
f 347/435/278 362/459/278 363/446/278
f 375/454/279 374/452/279 389/461/279
f 368/455/280 367/453/280 382/463/280
f 375/454/281 390/462/281 391/465/281
f 369/458/282 368/457/282 383/466/282
f 369/458/285 384/467/285 385/469/285
f 362/459/286 377/468/286 378/470/286
f 370/471/287 385/494/287 386/472/287
f 363/446/288 378/470/288 379/473/288
f 372/448/289 371/445/289 386/472/289
f 364/447/290 379/473/290 380/475/290
f 372/448/291 387/474/291 388/476/291
f 365/449/292 380/475/292 381/477/292
f 374/452/293 373/450/293 388/476/293
f 366/451/294 381/477/294 382/463/294
f 379/473/295 378/470/295 393/478/295
f 387/474/296 386/472/296 401/480/296
f 379/473/297 394/479/297 395/482/297
f 387/474/298 402/481/298 403/483/298
f 381/477/299 380/475/299 395/482/299
f 389/461/300 388/476/300 403/483/300
f 381/477/301 396/484/301 397/486/301
f 389/461/302 404/485/302 405/487/302
f 383/464/303 382/463/303 397/486/303
f 390/462/304 405/487/304 406/489/304
f 384/467/585 383/466/585 398/490/585
f 384/467/568 399/491/568 400/493/568
f 377/468/309 392/492/309 393/478/309
f 385/494/310 400/503/310 401/480/310
f 398/488/311 397/486/311 412/495/311
f 405/487/312 420/511/312 421/497/312
f 399/491/313 398/490/313 413/498/313
f 399/491/316 414/499/316 415/501/316
f 393/478/317 392/492/317 407/500/317
f 400/503/318 415/527/318 416/504/318
f 393/478/319 408/502/319 409/505/319
f 402/481/320 401/480/320 416/504/320
f 394/479/321 409/505/321 410/507/321
f 402/481/322 417/506/322 418/508/322
f 396/484/323 395/482/323 410/507/323
f 404/485/324 403/483/324 418/508/324
f 396/484/325 411/509/325 412/495/325
f 404/485/326 419/510/326 420/511/326
f 417/506/327 416/504/327 431/512/327
f 409/505/328 424/528/328 425/514/328
f 417/506/329 432/513/329 433/515/329
f 411/509/330 410/507/330 425/514/330
f 419/510/331 418/508/331 433/515/331
f 411/509/332 426/516/332 427/518/332
f 419/510/569 434/517/569 435/519/569
f 413/496/334 412/495/334 427/518/334
f 421/497/335 420/511/335 435/519/335
f 414/499/336 413/498/336 428/522/336
f 414/499/339 429/523/339 430/525/339
f 407/500/340 422/524/340 423/526/340
f 415/527/341 430/535/341 431/512/341
f 408/502/342 423/526/342 424/528/342
f 435/519/343 450/544/343 451/529/343
f 429/523/344 428/522/344 443/530/344
f 429/523/347 444/531/347 445/533/347
f 422/524/348 437/532/348 438/534/348
f 430/535/349 445/561/349 446/536/349
f 424/528/350 423/526/350 438/534/350
f 432/513/351 431/512/351 446/536/351
f 424/528/352 439/537/352 440/539/352
f 432/513/353 447/538/353 448/540/353
f 426/516/354 425/514/354 440/539/354
f 434/517/355 433/515/355 448/540/355
f 426/516/356 441/541/356 442/543/356
f 434/517/357 449/542/357 450/544/357
f 428/520/358 427/518/358 442/543/358
f 439/537/359 455/563/359 456/546/359
f 447/538/360 463/564/360 464/547/360
f 441/541/361 440/539/361 456/546/361
f 449/542/362 448/540/362 464/547/362
f 441/541/363 457/548/363 458/550/363
f 449/542/364 465/549/364 466/551/364
f 443/545/365 442/543/365 458/550/365
f 450/544/366 466/551/366 467/553/366
f 444/554/367 443/1430/367 459/555/367
f 444/554/370 460/556/370 461/558/370
f 438/534/586 437/532/586 453/557/586
f 445/561/372 461/571/372 462/562/372
f 439/537/373 438/534/373 454/560/373
f 447/538/374 446/536/374 462/562/374
f 460/556/375 459/555/375 474/565/375
f 460/556/378 475/566/378 476/569/378
f 453/557/379 468/567/379 469/570/379
f 461/571/380 476/595/380 477/572/380
f 455/563/381 454/560/381 469/570/381
f 463/564/382 462/562/382 477/572/382
f 455/563/383 470/573/383 471/575/383
f 463/564/384 478/574/384 479/576/384
f 457/548/385 456/546/385 471/575/385
f 465/549/386 464/547/386 479/576/386
f 457/548/387 472/577/387 473/579/387
f 465/549/388 480/578/388 481/580/388
f 459/552/389 458/550/389 473/579/389
f 466/551/390 481/580/390 482/568/390
f 478/574/391 493/598/391 494/582/391
f 472/577/392 471/575/392 486/583/392
f 480/578/393 479/576/393 494/582/393
f 472/577/394 487/584/394 488/586/394
f 480/578/395 495/585/395 496/587/395
f 474/581/396 473/579/396 488/586/396
f 481/580/397 496/587/397 497/589/397
f 475/566/398 474/565/398 489/590/398
f 475/566/401 490/591/401 491/593/401
f 468/567/402 483/592/402 484/594/402
f 476/595/403 491/602/403 492/596/403
f 469/570/404 484/594/404 485/597/404
f 478/574/405 477/572/405 492/596/405
f 470/573/406 485/597/406 486/583/406
f 490/591/587 505/614/587 506/600/587
f 483/592/409 498/615/409 499/601/409
f 491/602/410 506/627/410 507/603/410
f 485/597/411 484/594/411 499/601/411
f 493/598/412 492/596/412 507/603/412
f 485/597/413 500/604/413 501/606/413
f 493/598/414 508/605/414 509/607/414
f 487/584/415 486/583/415 501/606/415
f 495/585/416 494/582/416 509/607/416
f 487/584/417 502/608/417 503/610/417
f 496/587/418 495/585/418 510/609/418
f 489/588/419 488/586/419 503/610/419
f 497/589/420 496/587/420 511/611/420
f 490/591/572 489/590/572 504/613/572
f 510/609/423 509/607/423 524/616/423
f 502/608/424 517/632/424 518/618/424
f 510/609/425 525/617/425 526/619/425
f 504/612/426 503/610/426 518/618/426
f 512/599/427 511/611/427 526/619/427
f 505/614/428 504/613/428 519/622/428
f 505/614/431 520/623/431 521/625/431
f 499/601/432 498/615/432 513/624/432
f 506/627/433 521/634/433 522/628/433
f 500/604/434 499/601/434 514/626/434
f 508/605/435 507/603/435 522/628/435
f 500/604/436 515/629/436 516/631/436
f 508/605/437 523/630/437 524/616/437
f 502/608/438 501/606/438 516/631/438
f 513/624/588 528/648/588 529/633/588
f 521/634/440 536/659/440 537/635/440
f 514/626/441 529/633/441 530/636/441
f 523/630/442 522/628/442 537/635/442
f 515/629/443 530/636/443 531/638/443
f 523/630/444 538/637/444 539/639/444
f 517/632/445 516/631/445 531/638/445
f 525/617/446 524/616/446 539/639/446
f 517/632/447 532/640/447 533/642/447
f 525/617/448 540/641/448 541/643/448
f 519/620/449 518/618/449 533/642/449
f 526/619/450 541/643/450 542/645/450
f 520/623/451 519/622/451 534/646/451
f 520/623/454 535/647/454 536/649/454
f 532/640/455 547/665/455 548/650/455
f 540/641/456 555/666/456 556/651/456
f 534/644/457 533/642/457 548/650/457
f 542/645/458 541/643/458 556/651/458
f 535/647/574 534/646/574 549/654/574
f 535/647/462 550/655/462 551/657/462
f 528/648/463 543/656/463 544/658/463
f 536/659/464 551/667/464 552/660/464
f 529/633/465 544/658/465 545/661/465
f 538/637/466 537/635/466 552/660/466
f 530/636/467 545/661/467 546/663/467
f 538/637/468 553/662/468 554/664/468
f 532/640/469 531/638/469 546/663/469
f 540/641/470 539/639/470 554/664/470
f 551/667/471 566/695/471 567/668/471
f 545/661/472 544/658/472 559/669/472
f 553/662/473 552/660/473 567/668/473
f 545/661/474 560/670/474 561/672/474
f 553/662/475 568/671/475 569/673/475
f 547/665/476 546/663/476 561/672/476
f 555/666/477 554/664/477 569/673/477
f 547/665/478 562/674/478 563/676/478
f 555/666/479 570/675/479 571/677/479
f 549/652/480 548/650/480 563/676/480
f 556/651/481 571/677/481 572/679/481
f 550/680/482 549/1431/482 564/681/482
f 550/680/485 565/682/485 566/684/485
f 544/658/486 543/656/486 558/683/486
f 570/675/487 585/702/487 586/686/487
f 564/678/488 563/676/488 578/687/488
f 571/677/489 586/686/489 587/689/489
f 565/682/490 564/681/490 579/690/490
f 565/682/493 580/691/493 581/693/493
f 558/683/494 573/692/494 574/694/494
f 566/695/495 581/719/495 582/696/495
f 560/670/496 559/669/496 574/694/496
f 568/671/497 567/668/497 582/696/497
f 560/670/498 575/697/498 576/699/498
f 568/671/499 583/698/499 584/700/499
f 562/674/500 561/672/500 576/699/500
f 570/675/501 569/673/501 584/700/501
f 562/674/502 577/701/502 578/687/502
f 575/697/589 574/694/589 589/703/589
f 583/698/504 582/696/504 597/705/504
f 575/697/505 590/704/505 591/707/505
f 583/698/506 598/706/506 599/708/506
f 577/701/507 576/699/507 591/707/507
f 585/702/508 584/700/508 599/708/508
f 577/701/509 592/709/509 593/711/509
f 585/702/510 600/710/510 601/712/510
f 579/688/511 578/687/511 593/711/511
f 586/686/512 601/712/512 602/714/512
f 580/691/513 579/690/513 594/715/513
f 580/691/516 595/716/516 596/718/516
f 573/692/590 588/717/590 589/703/590
f 581/719/518 596/728/518 597/705/518
f 594/713/519 593/711/519 608/720/519
f 601/712/520 616/736/520 617/722/520
f 595/716/521 594/715/521 609/723/521
f 595/716/524 610/724/524 611/726/524
f 588/717/525 603/725/525 604/727/525
f 596/728/526 611/737/526 612/729/526
f 589/703/527 604/727/527 605/730/527
f 598/706/528 597/705/528 612/729/528
f 590/704/529 605/730/529 606/732/529
f 598/706/530 613/731/530 614/733/530
f 592/709/531 591/707/531 606/732/531
f 600/710/532 599/708/532 614/733/532
f 592/709/533 607/734/533 608/720/533
f 600/710/534 615/735/534 616/736/534
f 612/729/535 622/185/535 150/187/535
f 606/732/536 605/730/536 145/218/536
f 613/731/537 150/187/537 623/191/537
f 607/734/538 606/732/538 620/188/538
f 615/735/539 614/733/539 623/191/539
f 608/720/540 607/734/540 146/194/540
f 615/735/541 624/196/541 625/200/541
f 609/721/542 608/720/542 621/197/542
f 616/736/543 625/200/543 626/204/543
f 610/724/544 609/723/544 147/205/544
f 610/724/547 148/207/547 149/212/547
f 603/725/548 618/208/548 619/214/548
f 611/737/549 149/216/549 622/185/549
f 605/730/550 604/727/550 619/214/550
f 1104/738/39 642/770/39 643/739/39
f 1102/741/40 627/771/40 635/742/40
f 1105/744/41 632/740/41 643/739/41
f 1102/741/42 636/743/42 637/746/42
f 1105/744/43 644/745/43 645/748/43
f 628/747/44 637/746/44 638/750/44
f 1106/749/45 645/748/45 646/752/45
f 629/754/46 1103/751/46 638/750/46
f 1107/753/47 646/752/47 647/756/47
f 629/758/579 639/785/579 640/759/579
f 631/765/51 630/760/51 640/759/51
f 1101/767/52 1100/761/52 633/763/52
f 631/769/53 641/773/53 642/770/53
f 627/771/54 1101/767/54 634/768/54
f 633/763/55 648/787/55 649/772/55
f 641/773/56 656/800/56 657/774/56
f 634/768/57 649/772/57 650/775/57
f 643/739/58 642/770/58 657/774/58
f 635/742/59 650/775/59 651/777/59
f 643/739/60 658/776/60 659/778/60
f 637/746/61 636/743/61 651/777/61
f 644/745/62 659/778/62 660/780/62
f 637/746/63 652/779/63 653/781/63
f 646/752/64 645/748/64 660/780/64
f 639/755/65 638/750/65 653/781/65
f 647/756/66 646/752/66 661/782/66
f 639/785/67 654/1432/67 655/786/67
f 641/766/553 640/759/553 655/786/553
f 653/781/71 652/779/71 667/789/71
f 661/782/591 660/780/591 675/791/591
f 653/781/73 668/790/73 669/793/73
f 662/784/74 661/782/74 676/792/74
f 655/786/75 654/1432/75 669/795/75
f 655/786/78 670/796/78 671/798/78
f 648/787/592 663/797/592 664/799/592
f 656/800/80 671/806/80 672/801/80
f 649/772/81 664/799/81 665/802/81
f 657/774/82 672/801/82 673/803/82
f 650/775/83 665/802/83 666/804/83
f 659/778/84 658/776/84 673/803/84
f 651/777/85 666/804/85 667/789/85
f 660/780/86 659/778/86 674/805/86
f 671/806/87 686/834/87 687/807/87
f 665/802/88 664/799/88 679/808/88
f 672/801/89 687/807/89 688/810/89
f 665/802/90 680/809/90 681/811/90
f 674/805/91 673/803/91 688/810/91
f 666/804/92 681/811/92 682/813/92
f 675/791/93 674/805/93 689/812/93
f 667/789/94 682/813/94 683/815/94
f 675/791/95 690/814/95 691/816/95
f 669/793/96 668/790/96 683/815/96
f 677/794/97 676/792/97 691/816/97
f 670/819/98 669/1433/98 684/820/98
f 670/819/101 685/821/101 686/823/101
f 663/797/102 678/822/102 679/808/102
f 690/814/103 705/841/103 706/825/103
f 684/817/104 683/815/104 698/826/104
f 691/816/105 706/825/105 707/828/105
f 685/821/593 684/820/593 699/829/593
f 685/821/109 700/830/109 701/832/109
f 679/808/110 678/822/110 693/831/110
f 686/834/111 701/856/111 702/835/111
f 680/809/112 679/808/112 694/833/112
f 688/810/113 687/807/113 702/835/113
f 680/809/114 695/836/114 696/838/114
f 688/810/115 703/837/115 704/839/115
f 681/811/116 696/838/116 697/840/116
f 690/814/117 689/812/117 704/839/117
f 682/813/118 697/840/118 698/826/118
f 703/837/119 702/835/119 718/842/119
f 695/836/120 711/857/120 712/844/120
f 703/837/121 719/843/121 720/845/121
f 696/838/122 712/844/122 713/846/122
f 705/841/123 704/839/123 720/845/123
f 697/840/124 713/846/124 714/848/124
f 706/825/125 705/841/125 721/847/125
f 699/827/126 698/826/126 714/848/126
f 706/825/127 722/849/127 723/851/127
f 699/829/594 715/1434/594 716/852/594
f 700/830/131 716/852/131 717/854/131
f 694/833/595 693/831/595 709/853/595
f 701/856/133 717/865/133 718/842/133
f 694/833/134 710/855/134 711/857/134
f 723/851/135 722/849/135 737/858/135
f 716/852/136 715/1434/136 730/860/136
f 716/852/139 731/861/139 732/863/139
f 709/853/140 724/862/140 725/864/140
f 717/865/141 732/889/141 733/866/141
f 711/857/142 710/855/142 725/864/142
f 719/843/143 718/842/143 733/866/143
f 711/857/144 726/867/144 727/869/144
f 720/845/145 719/843/145 734/868/145
f 712/844/146 727/869/146 728/871/146
f 721/847/147 720/845/147 735/870/147
f 713/846/148 728/871/148 729/873/148
f 722/849/149 721/847/149 736/872/149
f 715/850/150 714/848/150 729/873/150
f 727/869/151 726/867/151 741/875/151
f 734/868/152 749/891/152 750/877/152
f 728/871/153 727/869/153 742/876/153
f 735/870/154 750/877/154 751/879/154
f 728/871/155 743/878/155 744/880/155
f 737/858/156 736/872/156 751/879/156
f 730/874/157 729/873/157 744/880/157
f 738/859/158 737/858/158 752/881/158
f 731/861/159 730/860/159 745/884/159
f 731/861/596 746/885/596 747/887/596
f 724/862/163 739/886/163 740/888/163
f 732/889/164 747/898/164 748/890/164
f 725/864/165 740/888/165 741/875/165
f 734/868/166 733/866/166 748/890/166
f 746/885/597 745/884/597 760/892/597
f 746/885/170 761/893/170 762/896/170
f 739/886/171 754/894/171 755/897/171
f 747/898/172 762/923/172 763/899/172
f 741/875/173 740/888/173 755/897/173
f 749/891/174 748/890/174 763/899/174
f 742/876/175 741/875/175 756/900/175
f 750/877/176 749/891/176 764/901/176
f 742/876/177 757/902/177 758/904/177
f 750/877/178 765/903/178 766/905/178
f 743/878/179 758/904/179 759/906/179
f 751/879/180 766/905/180 767/907/180
f 745/882/181 744/880/181 759/906/181
f 753/883/182 752/881/182 767/907/182
f 765/903/183 764/901/183 779/909/183
f 758/904/184 757/902/184 772/911/184
f 766/905/185 765/903/185 780/910/185
f 758/904/186 773/912/186 774/914/186
f 766/905/187 781/913/187 782/915/187
f 760/908/188 759/906/188 774/914/188
f 767/907/189 782/915/189 783/917/189
f 761/893/190 760/892/190 775/918/190
f 761/893/193 776/919/193 777/921/193
f 755/897/194 754/894/194 769/920/194
f 762/923/195 777/930/195 778/924/195
f 755/897/196 770/922/196 771/925/196
f 764/901/197 763/899/197 778/924/197
f 756/900/198 771/925/198 772/911/198
f 776/919/201 791/942/201 792/928/201
f 769/920/202 784/926/202 785/929/202
f 777/930/203 792/956/203 793/931/203
f 770/922/598 785/929/598 786/932/598
f 778/924/205 793/931/205 794/933/205
f 772/911/206 771/925/206 786/932/206
f 779/909/207 794/933/207 795/935/207
f 773/912/208 772/911/208 787/934/208
f 781/913/209 780/910/209 795/935/209
f 773/912/210 788/936/210 789/938/210
f 781/913/560 796/937/560 797/939/560
f 775/916/212 774/914/212 789/938/212
f 783/917/213 782/915/213 797/939/213
f 776/919/214 775/918/214 790/941/214
f 788/936/215 787/934/215 802/943/215
f 796/937/216 795/935/216 810/945/216
f 788/936/217 803/944/217 804/947/217
f 797/939/218 796/937/218 811/946/218
f 790/940/219 789/938/219 804/947/219
f 797/939/220 812/948/220 813/950/220
f 791/951/221 790/940/221 805/949/221
f 791/954/224 806/1435/224 807/955/224
f 785/929/561 784/926/561 799/953/561
f 792/956/226 807/955/226 808/958/226
f 785/929/227 800/957/227 801/959/227
f 794/933/228 793/931/228 808/958/228
f 786/932/229 801/959/229 802/943/229
f 794/933/230 809/960/230 810/945/230
f 806/961/231 821/978/231 822/962/231
f 799/953/232 814/979/232 815/964/232
f 808/958/233 807/955/233 822/965/233
f 800/957/234 815/964/234 816/967/234
f 809/960/235 808/958/235 823/966/235
f 801/959/236 816/967/236 817/969/236
f 809/960/237 824/968/237 825/970/237
f 803/944/238 802/943/238 817/969/238
f 810/945/239 825/970/239 826/972/239
f 803/944/240 818/971/240 819/973/240
f 812/948/241 811/946/241 826/972/241
f 804/947/242 819/973/242 820/975/242
f 812/948/243 827/974/243 828/976/243
f 806/961/244 805/1436/244 820/977/244
f 826/972/247 825/970/247 840/980/247
f 818/971/248 833/995/248 834/982/248
f 827/974/562 826/972/562 841/981/562
f 820/975/250 819/973/250 834/982/250
f 828/976/251 827/974/251 842/983/251
f 821/978/252 820/977/252 835/986/252
f 821/978/255 836/987/255 837/989/255
f 814/979/563 829/988/563 830/990/563
f 822/965/257 837/996/257 838/991/257
f 816/967/564 815/964/564 830/990/564
f 823/966/259 838/991/259 839/993/259
f 816/967/260 831/992/260 832/994/260
f 824/968/261 839/993/261 840/980/261
f 817/969/262 832/994/262 833/995/262
f 837/996/263 852/1022/263 853/997/263
f 831/992/264 830/990/264 845/998/264
f 839/993/265 838/991/265 853/997/265
f 831/992/266 846/999/266 847/1001/266
f 840/980/267 839/993/267 854/1000/267
f 832/994/268 847/1001/268 848/1003/268
f 841/981/269 840/980/269 855/1002/269
f 834/982/270 833/995/270 848/1003/270
f 842/983/271 841/981/271 856/1004/271
f 835/984/272 834/982/272 849/1005/272
f 843/985/273 842/983/273 857/1006/273
f 836/987/274 835/986/274 850/1009/274
f 836/987/277 851/1010/277 852/1012/277
f 829/988/278 844/1011/278 845/998/278
f 856/1004/279 871/1029/279 872/1013/279
f 850/1007/280 849/1005/280 864/1014/280
f 857/1006/281 872/1013/281 873/1016/281
f 851/1010/599 850/1009/599 865/1017/599
f 851/1010/285 866/1018/285 867/1020/285
f 845/998/286 844/1011/286 859/1019/286
f 852/1022/287 867/1046/287 868/1023/287
f 846/999/288 845/998/288 860/1021/288
f 854/1000/289 853/997/289 868/1023/289
f 846/999/290 861/1024/290 862/1026/290
f 854/1000/291 869/1025/291 870/1027/291
f 848/1003/292 847/1001/292 862/1026/292
f 856/1004/293 855/1002/293 870/1027/293
f 848/1003/294 863/1028/294 864/1014/294
f 861/1024/295 860/1021/295 875/1030/295
f 869/1025/296 868/1023/296 883/1032/296
f 861/1024/297 876/1031/297 877/1034/297
f 869/1025/298 884/1033/298 885/1035/298
f 863/1028/299 862/1026/299 877/1034/299
f 871/1029/300 870/1027/300 885/1035/300
f 863/1028/301 878/1036/301 879/1038/301
f 871/1029/302 886/1037/302 887/1039/302
f 865/1015/303 864/1014/303 879/1038/303
f 872/1013/304 887/1039/304 888/1041/304
f 866/1018/305 865/1017/305 880/1042/305
f 866/1018/308 881/1043/308 882/1045/308
f 860/1021/309 859/1019/309 874/1044/309
f 867/1046/310 882/1056/310 883/1032/310
f 880/1040/311 879/1038/311 894/1047/311
f 888/1041/312 887/1039/312 902/1049/312
f 881/1043/313 880/1042/313 895/1051/313
f 881/1043/316 896/1052/316 897/1054/316
f 874/1044/317 889/1053/317 890/1055/317
f 882/1056/318 897/1079/318 898/1057/318
f 876/1031/319 875/1030/319 890/1055/319
f 884/1033/320 883/1032/320 898/1057/320
f 876/1031/321 891/1058/321 892/1060/321
f 884/1033/322 899/1059/322 900/1061/322
f 877/1034/323 892/1060/323 893/1062/323
f 886/1037/324 885/1035/324 900/1061/324
f 878/1036/325 893/1062/325 894/1047/325
f 887/1039/326 886/1037/326 901/1063/326
f 899/1059/327 898/1057/327 913/1064/327
f 891/1058/328 906/1080/328 907/1066/328
f 899/1059/329 914/1065/329 915/1067/329
f 892/1060/330 907/1066/330 908/1068/330
f 901/1063/331 900/1061/331 915/1067/331
f 893/1062/332 908/1068/332 909/1070/332
f 901/1063/569 916/1069/569 917/1071/569
f 895/1048/334 894/1047/334 909/1070/334
f 902/1049/335 917/1071/335 918/1073/335
f 896/1052/336 895/1051/336 910/1074/336
f 896/1052/339 911/1075/339 912/1077/339
f 890/1055/340 889/1053/340 904/1076/340
f 897/1079/341 912/1088/341 913/1064/341
f 891/1058/600 890/1055/600 905/1078/600
f 918/1073/343 917/1071/343 932/1081/343
f 911/1075/344 910/1074/344 925/1083/344
f 911/1075/347 926/1084/347 927/1086/347
f 904/1076/348 919/1085/348 920/1087/348
f 912/1088/349 927/1113/349 928/1089/349
f 906/1080/350 905/1078/350 920/1087/350
f 914/1065/351 913/1064/351 928/1089/351
f 906/1080/352 921/1090/352 922/1092/352
f 915/1067/353 914/1065/353 929/1091/353
f 907/1066/354 922/1092/354 923/1094/354
f 916/1069/355 915/1067/355 930/1093/355
f 908/1068/356 923/1094/356 924/1096/356
f 917/1071/357 916/1069/357 931/1095/357
f 910/1072/358 909/1070/358 924/1096/358
f 921/1090/359 937/1115/359 938/1098/359
f 929/1091/360 945/1116/360 946/1099/360
f 923/1094/361 922/1092/361 938/1098/361
f 930/1093/362 946/1099/362 947/1101/362
f 923/1094/363 939/1100/363 940/1102/363
f 932/1081/364 931/1095/364 947/1101/364
f 925/1097/365 924/1096/365 940/1102/365
f 933/1082/366 932/1081/366 948/1103/366
f 926/1106/367 925/1437/367 941/1107/367
f 926/1106/370 942/1108/370 943/1110/370
f 920/1087/371 919/1085/371 935/1109/371
f 927/1113/372 943/1123/372 944/1114/372
f 920/1087/373 936/1112/373 937/1115/373
f 929/1091/374 928/1089/374 944/1114/374
f 942/1108/375 941/1107/375 956/1117/375
f 942/1108/378 957/1118/378 958/1121/378
f 936/1112/379 935/1109/379 950/1119/379
f 943/1123/380 958/1147/380 959/1124/380
f 937/1115/381 936/1112/381 951/1122/381
f 945/1116/382 944/1114/382 959/1124/382
f 937/1115/383 952/1125/383 953/1127/383
f 946/1099/384 945/1116/384 960/1126/384
f 938/1098/385 953/1127/385 954/1129/385
f 947/1101/386 946/1099/386 961/1128/386
f 939/1100/387 954/1129/387 955/1131/387
f 947/1101/388 962/1130/388 963/1132/388
f 941/1104/389 940/1102/389 955/1131/389
f 948/1103/390 963/1132/390 964/1120/390
f 960/1126/391 975/1150/391 976/1134/391
f 954/1129/392 953/1127/392 968/1135/392
f 961/1128/393 976/1134/393 977/1137/393
f 954/1129/394 969/1136/394 970/1138/394
f 962/1130/395 977/1137/395 978/1139/395
f 956/1133/396 955/1131/396 970/1138/396
f 963/1132/397 978/1139/397 979/1141/397
f 957/1118/398 956/1117/398 971/1142/398
f 957/1118/401 972/1143/401 973/1145/401
f 951/1122/601 950/1119/601 965/1144/601
f 958/1147/403 973/1154/403 974/1148/403
f 951/1122/404 966/1146/404 967/1149/404
f 960/1126/405 959/1124/405 974/1148/405
f 952/1125/406 967/1149/406 968/1135/406
f 972/1143/408 987/1166/408 988/1152/408
f 965/1144/409 980/1167/409 981/1153/409
f 973/1154/410 988/1179/410 989/1155/410
f 966/1146/411 981/1153/411 982/1156/411
f 975/1150/412 974/1148/412 989/1155/412
f 967/1149/413 982/1156/413 983/1158/413
f 975/1150/414 990/1157/414 991/1159/414
f 969/1136/415 968/1135/415 983/1158/415
f 977/1137/416 976/1134/416 991/1159/416
f 969/1136/417 984/1160/417 985/1162/417
f 978/1139/418 977/1137/418 992/1161/418
f 971/1140/419 970/1138/419 985/1162/419
f 978/1139/420 993/1163/420 994/1151/420
f 972/1143/572 971/1142/572 986/1165/572
f 992/1161/423 991/1159/423 1006/1168/423
f 984/1160/424 999/1184/424 1000/1170/424
f 992/1161/425 1007/1169/425 1008/1171/425
f 986/1164/426 985/1162/426 1000/1170/426
f 994/1151/427 993/1163/427 1008/1171/427
f 987/1166/602 986/1165/602 1001/1174/602
f 987/1166/431 1002/1175/431 1003/1177/431
f 980/1167/432 995/1176/432 996/1178/432
f 988/1179/433 1003/1186/433 1004/1180/433
f 982/1156/434 981/1153/434 996/1178/434
f 990/1157/435 989/1155/435 1004/1180/435
f 982/1156/436 997/1181/436 998/1183/436
f 990/1157/437 1005/1182/437 1006/1168/437
f 984/1160/438 983/1158/438 998/1183/438
f 995/1176/439 1010/1200/439 1011/1185/439
f 1003/1186/440 1018/1212/440 1019/1187/440
f 996/1178/441 1011/1185/441 1012/1188/441
f 1005/1182/442 1004/1180/442 1019/1187/442
f 997/1181/443 1012/1188/443 1013/1190/443
f 1005/1182/444 1020/1189/444 1021/1191/444
f 999/1184/445 998/1183/445 1013/1190/445
f 1007/1169/446 1006/1168/446 1021/1191/446
f 999/1184/447 1014/1192/447 1015/1194/447
f 1008/1171/448 1007/1169/448 1022/1193/448
f 1001/1172/449 1000/1170/449 1015/1194/449
f 1008/1171/450 1023/1195/450 1024/1197/450
f 1002/1175/451 1001/1174/451 1016/1198/451
f 1002/1175/454 1017/1199/454 1018/1201/454
f 1014/1192/455 1029/1218/455 1030/1202/455
f 1023/1195/456 1022/1193/456 1037/1203/456
f 1016/1196/457 1015/1194/457 1030/1202/457
f 1023/1195/458 1038/1204/458 1039/1206/458
f 1017/1199/574 1016/1198/574 1031/1207/574
f 1017/1199/462 1032/1208/462 1033/1210/462
f 1010/1200/463 1025/1209/463 1026/1211/463
f 1018/1212/464 1033/1219/464 1034/1213/464
f 1011/1185/465 1026/1211/465 1027/1214/465
f 1020/1189/466 1019/1187/466 1034/1213/466
f 1012/1188/467 1027/1214/467 1028/1216/467
f 1020/1189/468 1035/1215/468 1036/1217/468
f 1014/1192/469 1013/1190/469 1028/1216/469
f 1022/1193/470 1021/1191/470 1036/1217/470
f 1033/1219/471 1048/1247/471 1049/1220/471
f 1026/1211/472 1041/1237/472 1042/1221/472
f 1035/1215/473 1034/1213/473 1049/1220/473
f 1027/1214/474 1042/1221/474 1043/1223/474
f 1035/1215/475 1050/1222/475 1051/1224/475
f 1029/1218/476 1028/1216/476 1043/1223/476
f 1037/1203/477 1036/1217/477 1051/1224/477
f 1029/1218/478 1044/1225/478 1045/1227/478
f 1037/1203/479 1052/1226/479 1053/1228/479
f 1031/1205/480 1030/1202/480 1045/1227/480
f 1038/1204/481 1053/1228/481 1054/1230/481
f 1032/1231/482 1031/1438/482 1046/1232/482
f 1032/1231/485 1047/1233/485 1048/1235/485
f 1026/1211/486 1025/1209/486 1040/1234/486
f 1052/1226/487 1067/1254/487 1068/1238/487
f 1046/1229/488 1045/1227/488 1060/1239/488
f 1053/1228/489 1068/1238/489 1069/1241/489
f 1047/1233/490 1046/1232/490 1061/1242/490
f 1047/1233/493 1062/1243/493 1063/1245/493
f 1041/1237/494 1040/1234/494 1055/1244/494
f 1048/1247/495 1063/1271/495 1064/1248/495
f 1042/1221/496 1041/1237/496 1056/1246/496
f 1050/1222/497 1049/1220/497 1064/1248/497
f 1042/1221/498 1057/1249/498 1058/1251/498
f 1050/1222/499 1065/1250/499 1066/1252/499
f 1044/1225/500 1043/1223/500 1058/1251/500
f 1052/1226/501 1051/1224/501 1066/1252/501
f 1044/1225/502 1059/1253/502 1060/1239/502
f 1056/1246/503 1071/1270/503 1072/1255/503
f 1065/1250/504 1064/1248/504 1079/1256/504
f 1057/1249/505 1072/1255/505 1073/1258/505
f 1065/1250/506 1080/1257/506 1081/1259/506
f 1059/1253/507 1058/1251/507 1073/1258/507
f 1067/1254/508 1066/1252/508 1081/1259/508
f 1059/1253/509 1074/1260/509 1075/1262/509
f 1067/1254/603 1082/1261/603 1083/1263/603
f 1061/1240/511 1060/1239/511 1075/1262/511
f 1069/1241/512 1068/1238/512 1083/1263/512
f 1062/1243/513 1061/1242/513 1076/1266/513
f 1062/1243/516 1077/1267/516 1078/1269/516
f 1056/1246/590 1055/1244/590 1070/1268/590
f 1063/1271/518 1078/1280/518 1079/1256/518
f 1076/1264/519 1075/1262/519 1090/1272/519
f 1083/1263/520 1098/1288/520 1099/1274/520
f 1077/1267/521 1076/1266/521 1091/1275/521
f 1077/1267/524 1092/1276/524 1093/1278/524
f 1071/1270/525 1070/1268/525 1085/1277/525
f 1078/1280/526 1093/1289/526 1094/1281/526
f 1071/1270/527 1086/1279/527 1087/1282/527
f 1080/1257/528 1079/1256/528 1094/1281/528
f 1072/1255/529 1087/1282/529 1088/1284/529
f 1080/1257/530 1095/1283/530 1096/1285/530
f 1074/1260/531 1073/1258/531 1088/1284/531
f 1082/1261/532 1081/1259/532 1096/1285/532
f 1074/1260/533 1089/1286/533 1090/1272/533
f 1082/1261/534 1097/1287/534 1098/1288/534
f 1094/1281/535 1104/738/535 632/740/535
f 1088/1284/536 1087/1282/536 627/771/536
f 1095/1283/537 632/740/537 1105/744/537
f 1089/1286/538 1088/1284/538 1102/741/538
f 1097/1287/539 1096/1285/539 1105/744/539
f 1090/1272/540 1089/1286/540 628/747/540
f 1097/1287/541 1106/749/541 1107/753/541
f 1091/1273/542 1090/1272/542 1103/751/542
f 1098/1288/543 1107/753/543 1108/757/543
f 1092/1276/544 1091/1275/544 629/758/544
f 1092/1276/547 630/760/547 631/765/547
f 1085/1277/604 1100/761/604 1101/767/604
f 1093/1289/549 631/769/549 1104/738/549
f 1087/1282/550 1086/1279/550 1101/767/550
