# Blender 4.0.2
# www.blender.org
mtllib level1.mtl
o bed_02.001
v -1.427435 -0.101005 -0.610492
v -1.427435 0.724387 -0.558706
v -1.466292 -0.100927 -0.611727
v -1.466292 0.724465 -0.559941
v -1.477123 -0.098589 -0.648992
v -1.477123 0.726803 -0.597206
v -1.444959 -0.097222 -0.670788
v -1.444959 0.728170 -0.619002
v -1.414250 -0.098715 -0.646994
v -1.414250 0.726677 -0.595208
v -1.416884 -0.133814 -0.596981
v -1.477811 -0.133692 -0.598917
v -1.494793 -0.130026 -0.657347
v -1.444361 -0.127882 -0.691522
v -1.396211 -0.130223 -0.654214
v -1.482291 0.766875 -0.536632
v -1.412779 0.766737 -0.534423
v -1.501666 0.771058 -0.603294
v -1.444129 0.773504 -0.642285
v -1.389194 0.770833 -0.599719
v -1.469993 0.804392 -0.550150
v -1.424045 0.804301 -0.548690
v -1.482800 0.807157 -0.594215
v -1.444767 0.808774 -0.619988
v -1.408454 0.807009 -0.591852
v -0.086944 -0.044011 -1.518880
v -0.086944 0.781381 -1.467094
v -0.125802 -0.043934 -1.520115
v -0.125802 0.781458 -1.468329
v -0.136632 -0.041596 -1.557380
v -0.136632 0.783796 -1.505594
v -0.104469 -0.040228 -1.579176
v -0.104469 0.785164 -1.527389
v -0.073760 -0.041721 -1.555382
v -0.073760 0.783671 -1.503595
v -0.076393 -0.076820 -1.505369
v -0.137320 -0.076699 -1.507305
v -0.154302 -0.073033 -1.565735
v -0.103871 -0.070889 -1.599910
v -0.055720 -0.073230 -1.562601
v -0.141800 0.823869 -1.445020
v -0.072289 0.823730 -1.442810
v -0.161176 0.828051 -1.511682
v -0.103638 0.830497 -1.550673
v -0.048703 0.827827 -1.508107
v -0.129503 0.861386 -1.458538
v -0.083554 0.861294 -1.457078
v -0.142310 0.864150 -1.502603
v -0.104277 0.865767 -1.528376
v -0.067964 0.864002 -1.500240
v 1.303675 -0.172259 0.525184
v 1.303676 1.055729 0.602230
v 1.264818 -0.172181 0.523949
v 1.264818 1.055806 0.600995
v 1.253988 -0.169843 0.486685
v 1.253988 1.058144 0.563730
v 1.286151 -0.168476 0.464889
v 1.286151 1.059512 0.541935
v 1.316860 -0.169969 0.488683
v 1.316860 1.058019 0.565729
v 1.314227 -0.205068 0.538696
v 1.253300 -0.204946 0.536759
v 1.236318 -0.201281 0.478330
v 1.286749 -0.199136 0.444155
v 1.334899 -0.201477 0.481463
v 1.248819 1.098217 0.624304
v 1.318331 1.098078 0.626514
v 1.229444 1.102399 0.557642
v 1.286982 1.104846 0.518652
v 1.341916 1.102175 0.561217
v 1.261117 1.135734 0.610786
v 1.307066 1.135642 0.612246
v 1.248310 1.138498 0.566721
v 1.286343 1.140115 0.540948
v 1.322656 1.138350 0.569084
v -0.036815 -0.229252 1.433572
v -0.036814 0.998735 1.510618
v -0.075672 -0.229175 1.432337
v -0.075672 0.998813 1.509382
v -0.086503 -0.226837 1.395072
v -0.086502 1.001151 1.472118
v -0.054339 -0.225469 1.373277
v -0.054339 1.002518 1.450322
v -0.023630 -0.226962 1.397070
v -0.023630 1.001025 1.474116
v -0.026263 -0.262061 1.447083
v -0.087190 -0.261940 1.445147
v -0.104173 -0.258274 1.386717
v -0.053741 -0.256130 1.352542
v -0.005591 -0.258471 1.389851
v -0.091671 1.041223 1.532692
v -0.022159 1.041085 1.534901
v -0.111046 1.045406 1.466029
v -0.053508 1.047852 1.427039
v 0.001426 1.045182 1.469604
v -0.079373 1.078740 1.519174
v -0.033424 1.078649 1.520634
v -0.092180 1.081505 1.475109
v -0.054147 1.083122 1.449336
v -0.017834 1.081357 1.477472
v -1.450714 0.217691 -0.596956
v -1.450714 0.276112 -0.593291
v -0.071998 0.090541 1.429611
v -0.071998 0.148962 1.433277
v -0.084348 0.275785 -1.522879
v -0.084348 0.334205 -1.519213
v 1.294368 0.148635 0.503689
v 1.294368 0.207056 0.507354
v 1.180700 0.731792 0.634911
v 1.204839 0.724543 0.640065
v 1.184402 0.726427 0.610026
v 1.208541 0.719178 0.615180
v 1.277112 0.840002 0.576110
v 1.287330 0.820905 0.589991
v 1.266893 0.822790 0.559951
v 1.277112 0.803693 0.573832
v 1.118253 0.546450 0.665767
v 1.136664 0.530628 0.674280
v 1.116227 0.532512 0.644240
v 1.134639 0.516690 0.652752
v 0.998986 0.564953 0.748068
v 0.998115 0.551267 0.769832
v 0.977678 0.553152 0.739793
v 0.976807 0.539465 0.761558
v 0.814385 0.704270 0.882396
v 0.811184 0.694541 0.905995
v 0.790747 0.696425 0.875955
v 0.787545 0.686696 0.899554
v 0.846556 0.772404 0.864785
v 0.848570 0.786332 0.886319
v 0.828133 0.788217 0.856280
v 0.830147 0.802145 0.877815
v 0.859831 0.896122 0.863516
v 0.857367 0.884868 0.886517
v 0.836930 0.886752 0.856477
v 0.834465 0.875498 0.879479
v 0.725366 0.932147 0.957255
v 0.740810 0.914401 0.967666
v 0.720373 0.916286 0.937627
v 0.735816 0.898540 0.948037
v 0.619889 0.853811 1.024099
v 0.644045 0.846615 1.029244
v 0.623609 0.848500 0.999205
v 0.647765 0.841303 1.004349
v 0.626098 0.714200 1.011115
v 0.646244 0.727323 1.020263
v 0.625808 0.729208 0.990224
v 0.645954 0.742331 0.999372
v 0.767460 0.578161 0.906408
v 0.781898 0.587565 0.912964
v 0.767252 0.588916 0.891437
v 0.781690 0.598321 0.897993
v 0.776355 0.526097 0.897090
v 0.792894 0.519055 0.901185
v 0.778248 0.520405 0.879657
v 0.794787 0.513364 0.883752
v 0.740818 0.498887 0.919560
v 0.746711 0.485255 0.930484
v 0.732065 0.486606 0.908956
v 0.737958 0.472974 0.919880
v 0.664853 0.521703 0.972672
v 0.663142 0.513538 0.989112
v 0.648496 0.514889 0.967584
v 0.646784 0.506723 0.984025
v 0.645060 0.576575 0.989580
v 0.643349 0.568410 1.006020
v 0.628703 0.569760 0.984493
v 0.626992 0.561595 1.000933
v 1.275861 0.279007 0.541763
v 1.294273 0.263185 0.550275
v 1.273836 0.265069 0.520236
v 1.292248 0.249247 0.528748
v 1.165435 0.201899 0.612051
v 1.177716 0.183061 0.624545
v 1.157279 0.184945 0.594505
v 1.169560 0.166107 0.606999
v 1.097030 0.229284 0.660306
v 1.098911 0.212873 0.680027
v 1.078475 0.214757 0.649988
v 1.080356 0.198347 0.669709
v 1.066931 0.294278 0.684861
v 1.062258 0.295326 0.710137
v 1.041821 0.297211 0.680097
v 1.037148 0.298259 0.705373
v 1.088219 0.414405 0.677915
v 1.084250 0.406803 0.702169
v 1.063813 0.408688 0.672130
v 1.059844 0.401086 0.696383
v 0.977985 0.462185 0.755908
v 0.994449 0.444991 0.765658
v 0.974013 0.446876 0.735619
v 0.990477 0.429682 0.745369
v 0.929131 0.340877 0.781533
v 0.954131 0.337156 0.786322
v 0.933694 0.339041 0.756282
v 0.958695 0.335321 0.761072
v 0.917658 0.167301 0.778448
v 0.937637 0.152955 0.785986
v 0.917200 0.154840 0.755947
v 0.937180 0.140495 0.763485
v 0.803305 0.180218 0.857055
v 0.803853 0.164954 0.877755
v 0.783416 0.166839 0.847716
v 0.783964 0.151575 0.868416
v 0.663726 0.269273 0.957601
v 0.659073 0.264919 0.982524
v 0.638636 0.266804 0.952484
v 0.633983 0.262450 0.977408
v 0.644539 0.356403 0.976121
v 0.644411 0.368205 0.998979
v 0.623975 0.370090 0.968939
v 0.623847 0.381891 0.991797
v 0.708049 0.407205 0.936101
v 0.717718 0.424382 0.952631
v 0.697281 0.426267 0.922592
v 0.706950 0.443443 0.939122
v 0.792338 0.378294 0.876943
v 0.813016 0.390849 0.885694
v 0.792580 0.392734 0.855655
v 0.813258 0.405289 0.864405
v 0.057723 0.684047 1.395901
v 0.054021 0.675614 1.419921
v 0.033584 0.677498 1.389882
v 0.029882 0.669065 1.413902
v -0.038689 0.784059 1.467767
v -0.028470 0.764961 1.481647
v -0.048907 0.766846 1.451608
v -0.038689 0.747749 1.465488
v 0.120171 0.504015 1.342121
v 0.122196 0.487496 1.361737
v 0.101759 0.489380 1.331698
v 0.103784 0.472861 1.351314
v 0.239437 0.532660 1.262779
v 0.260745 0.519916 1.269514
v 0.240308 0.521801 1.239474
v 0.261616 0.509058 1.246209
v 0.424038 0.687673 1.146917
v 0.447676 0.679085 1.152327
v 0.427239 0.680970 1.122288
v 0.450878 0.672382 1.127698
v 0.391867 0.753073 1.172907
v 0.410290 0.767698 1.183321
v 0.389853 0.769583 1.153282
v 0.408276 0.784209 1.163696
v 0.378592 0.875661 1.189629
v 0.401493 0.865485 1.195441
v 0.381056 0.867370 1.165402
v 0.403958 0.857195 1.171214
v 0.513057 0.923120 1.101128
v 0.518050 0.904930 1.118620
v 0.497614 0.906815 1.088580
v 0.502607 0.888625 1.106073
v 0.618534 0.853754 1.025017
v 0.614815 0.845372 1.049052
v 0.594378 0.847257 1.019013
v 0.590658 0.838875 1.043048
v 0.612325 0.713614 1.020449
v 0.612615 0.725893 1.043052
v 0.592179 0.727778 1.013013
v 0.592469 0.740057 1.035616
v 0.470963 0.565554 1.107331
v 0.471171 0.574354 1.123529
v 0.456525 0.575705 1.102002
v 0.456733 0.584505 1.118201
v 0.462068 0.512734 1.110068
v 0.460175 0.504909 1.126653
v 0.445529 0.506259 1.105125
v 0.443636 0.498434 1.121710
v 0.497605 0.488546 1.084374
v 0.506358 0.475036 1.093360
v 0.491712 0.476387 1.071832
v 0.500465 0.462877 1.080818
v 0.573570 0.517822 1.034530
v 0.589927 0.510425 1.038726
v 0.575282 0.511776 1.017198
v 0.591639 0.504379 1.021394
v 0.593363 0.574377 1.024613
v 0.609720 0.566980 1.028809
v 0.595074 0.568331 1.007281
v 0.611431 0.560933 1.011477
v -0.037438 0.223170 1.431725
v -0.035413 0.206651 1.451341
v -0.055850 0.208535 1.421302
v -0.053825 0.192016 1.440918
v 0.072988 0.155451 1.352351
v 0.081144 0.136438 1.367640
v 0.060707 0.138323 1.337600
v 0.068863 0.119309 1.352890
v 0.141393 0.188653 1.307897
v 0.159948 0.172951 1.316319
v 0.139512 0.174836 1.286279
v 0.158068 0.159134 1.294701
v 0.171492 0.256207 1.291658
v 0.196602 0.258521 1.296751
v 0.176165 0.260406 1.266712
v 0.201275 0.262720 1.271805
v 0.150204 0.374523 1.313564
v 0.174610 0.368128 1.318590
v 0.154173 0.370013 1.288550
v 0.178579 0.363617 1.293576
v 0.260438 0.431677 1.242156
v 0.264410 0.413952 1.260372
v 0.243974 0.415837 1.230332
v 0.247946 0.398112 1.248549
v 0.309292 0.314523 1.201569
v 0.304728 0.309546 1.226392
v 0.284292 0.311431 1.196352
v 0.279728 0.306453 1.221175
v 0.320766 0.141923 1.182934
v 0.321222 0.126747 1.203701
v 0.300786 0.128632 1.173662
v 0.301243 0.113457 1.194430
v 0.435118 0.164564 1.106558
v 0.455007 0.150122 1.114152
v 0.434570 0.152007 1.084112
v 0.454459 0.137565 1.091706
v 0.574697 0.265488 1.017932
v 0.599787 0.262398 1.022699
v 0.579350 0.264283 0.992660
v 0.604441 0.261194 0.997427
v 0.593884 0.354250 1.010448
v 0.614448 0.366931 1.019283
v 0.594012 0.368816 0.989244
v 0.614576 0.381497 0.998080
v 0.530374 0.399651 1.056503
v 0.541142 0.416874 1.072289
v 0.520705 0.418759 1.042249
v 0.531473 0.435983 1.058035
v 0.446085 0.363572 1.111583
v 0.445843 0.375238 1.134510
v 0.425407 0.377123 1.104470
v 0.425166 0.388789 1.127397
v 0.615972 1.037081 1.031278
v 0.624818 1.020547 1.043295
v 0.607125 1.022179 1.017288
v 0.615972 1.005646 1.029305
v 1.273872 0.933990 0.577226
v 1.282718 0.917457 0.589243
v 1.265025 0.919088 0.563237
v 1.273872 0.902555 0.575254
v 1.030707 0.909126 0.722023
v 1.039553 0.892592 0.734041
v 1.039553 0.924028 0.736013
v 1.048400 0.907494 0.748030
v 0.833043 1.004499 0.862482
v 0.850736 1.002868 0.888489
v 0.841889 0.987966 0.874500
v 0.841889 1.019401 0.876472
v -0.041928 0.878046 1.468883
v -0.033082 0.861513 1.480900
v -0.050775 0.863145 1.454893
v -0.041928 0.846611 1.466910
v 0.183543 0.873107 1.296106
v 0.192390 0.856574 1.308124
v 0.192390 0.888009 1.310096
v 0.201237 0.871475 1.322113
v 0.381208 0.985289 1.168670
v 0.398901 0.983657 1.194677
v 0.390054 0.968755 1.180687
v 0.390054 1.000190 1.182660
v -0.774563 0.080713 -1.080711
v -0.760258 0.053978 -1.061279
v -0.788868 0.056617 -1.103333
v -0.774563 0.029882 -1.083901
v -0.116663 0.108685 -1.526540
v -0.102358 0.081950 -1.507107
v -0.130968 0.084588 -1.549161
v -0.116663 0.057853 -1.529729
v -1.432463 0.052741 -0.634883
v -1.418158 0.026006 -0.615451
v -1.446768 0.028645 -0.657505
v -1.432463 0.001910 -0.638072
v -0.213074 0.688625 -1.424563
v -0.188935 0.681376 -1.419409
v -0.209372 0.683261 -1.449448
v -0.185233 0.676011 -1.444295
v -0.116663 0.796835 -1.483364
v -0.106444 0.777738 -1.469483
v -0.126881 0.779623 -1.499523
v -0.116663 0.760526 -1.485642
v -0.275522 0.503283 -1.393707
v -0.257110 0.487461 -1.385195
v -0.277547 0.489346 -1.415234
v -0.259135 0.473523 -1.406722
v -0.394788 0.521787 -1.311407
v -0.395659 0.508100 -1.289642
v -0.416096 0.509985 -1.319681
v -0.416968 0.496299 -1.297917
v -0.579389 0.661103 -1.177078
v -0.582591 0.651374 -1.153479
v -0.603027 0.653259 -1.183519
v -0.606229 0.643530 -1.159921
v -0.547218 0.729238 -1.194690
v -0.545204 0.743166 -1.173155
v -0.565641 0.745050 -1.203194
v -0.563628 0.758978 -1.181660
v -0.533943 0.852955 -1.195959
v -0.536408 0.841701 -1.172957
v -0.556844 0.843586 -1.202997
v -0.559309 0.832332 -1.179996
v -0.668408 0.888980 -1.102219
v -0.652965 0.871234 -1.091808
v -0.673401 0.873119 -1.121848
v -0.657958 0.855374 -1.111437
v -0.773886 0.810644 -1.035375
v -0.749729 0.803448 -1.030230
v -0.770166 0.805333 -1.060270
v -0.746009 0.798136 -1.055125
v -0.767676 0.671033 -1.048359
v -0.747530 0.684156 -1.039211
v -0.767967 0.686041 -1.069250
v -0.747820 0.699165 -1.060102
v -0.626314 0.534994 -1.153066
v -0.611876 0.544399 -1.146510
v -0.626522 0.545749 -1.168038
v -0.612084 0.555154 -1.161482
v -0.617419 0.482930 -1.162384
v -0.600880 0.475888 -1.158289
v -0.615526 0.477238 -1.179817
v -0.598988 0.470197 -1.175722
v -0.652957 0.455720 -1.139914
v -0.647063 0.442088 -1.128991
v -0.661709 0.443439 -1.150518
v -0.655816 0.429807 -1.139595
v -0.728921 0.478537 -1.086802
v -0.730633 0.470371 -1.070362
v -0.745278 0.471722 -1.091890
v -0.746990 0.463556 -1.075450
v -0.748714 0.533408 -1.069894
v -0.750425 0.525243 -1.053454
v -0.765071 0.526594 -1.074982
v -0.766783 0.518428 -1.058542
v -0.117913 0.235840 -1.517711
v -0.099502 0.220018 -1.509199
v -0.119938 0.221903 -1.539238
v -0.101527 0.206080 -1.530726
v -0.228340 0.158732 -1.447424
v -0.216059 0.139894 -1.434930
v -0.236495 0.141778 -1.464969
v -0.224214 0.122940 -1.452476
v -0.296744 0.186117 -1.399168
v -0.294863 0.169706 -1.379447
v -0.315300 0.171591 -1.409487
v -0.313419 0.155180 -1.389765
v -0.326843 0.251111 -1.374613
v -0.331516 0.252159 -1.349338
v -0.351953 0.254044 -1.379377
v -0.356626 0.255092 -1.354102
v -0.305555 0.371238 -1.381559
v -0.309525 0.363636 -1.357305
v -0.329961 0.365521 -1.387345
v -0.333930 0.357919 -1.363091
v -0.415789 0.419018 -1.303567
v -0.399325 0.401824 -1.293816
v -0.419761 0.403709 -1.323856
v -0.403297 0.386515 -1.314105
v -0.464644 0.297710 -1.277941
v -0.439643 0.293990 -1.273152
v -0.460080 0.295874 -1.303192
v -0.435080 0.292154 -1.298403
v -0.476117 0.124134 -1.281026
v -0.456137 0.109789 -1.273488
v -0.476574 0.111673 -1.303528
v -0.456594 0.097328 -1.295989
v -0.590469 0.137051 -1.202419
v -0.589921 0.121787 -1.181719
v -0.610358 0.123672 -1.211759
v -0.609810 0.108408 -1.191059
v -0.730048 0.226106 -1.101874
v -0.734702 0.221752 -1.076950
v -0.755138 0.223637 -1.106990
v -0.759792 0.219283 -1.082066
v -0.749235 0.313237 -1.083354
v -0.749363 0.325038 -1.060496
v -0.769799 0.326923 -1.090535
v -0.769927 0.338724 -1.067677
v -0.685725 0.364038 -1.123373
v -0.676057 0.381215 -1.106843
v -0.696493 0.383100 -1.136882
v -0.686824 0.400277 -1.120352
v -0.601436 0.335127 -1.182531
v -0.580758 0.347683 -1.173780
v -0.601195 0.349567 -1.203820
v -0.580517 0.362123 -1.195069
v -1.336052 0.640880 -0.663573
v -1.339754 0.632447 -0.639553
v -1.360190 0.634331 -0.669593
v -1.363892 0.625898 -0.645573
v -1.432463 0.740892 -0.591708
v -1.422245 0.721795 -0.577827
v -1.442681 0.723679 -0.607866
v -1.432463 0.704582 -0.593986
v -1.273604 0.460848 -0.717353
v -1.271579 0.444329 -0.697737
v -1.292015 0.446214 -0.727776
v -1.289990 0.429695 -0.708160
v -1.154338 0.489493 -0.796695
v -1.133030 0.476750 -0.789961
v -1.153466 0.478634 -0.820000
v -1.132158 0.465891 -0.813265
v -0.969737 0.644507 -0.912557
v -0.946098 0.635919 -0.907147
v -0.966535 0.637803 -0.937187
v -0.942897 0.629216 -0.931777
v -1.001908 0.709906 -0.886568
v -0.983485 0.724531 -0.876153
v -1.003921 0.726416 -0.906192
v -0.985498 0.741042 -0.895778
v -1.015182 0.832494 -0.869845
v -0.992281 0.822318 -0.864033
v -1.012718 0.824203 -0.894072
v -0.989817 0.814028 -0.888261
v -0.880717 0.879953 -0.958347
v -0.875724 0.861763 -0.940854
v -0.896161 0.863648 -0.970894
v -0.891167 0.845458 -0.953402
v -0.775240 0.810587 -1.034457
v -0.778960 0.802205 -1.010422
v -0.799396 0.804090 -1.040462
v -0.803116 0.795709 -1.016426
v -0.781449 0.670447 -1.039026
v -0.781159 0.682726 -1.016422
v -0.801595 0.684611 -1.046462
v -0.801305 0.696890 -1.023858
v -0.922811 0.522388 -0.952144
v -0.922603 0.531187 -0.935945
v -0.937249 0.532538 -0.957472
v -0.937041 0.541338 -0.941274
v -0.931706 0.469567 -0.949406
v -0.933599 0.461742 -0.932821
v -0.948245 0.463092 -0.954349
v -0.950138 0.455267 -0.937764
v -0.896169 0.445379 -0.975101
v -0.887416 0.431869 -0.966115
v -0.902062 0.433220 -0.987642
v -0.893310 0.419710 -0.978656
v -0.820204 0.474656 -1.024944
v -0.803847 0.467258 -1.020748
v -0.818493 0.468609 -1.042276
v -0.802136 0.461212 -1.038080
v -0.800411 0.531210 -1.034861
v -0.784054 0.523813 -1.030665
v -0.798700 0.525164 -1.052193
v -0.782343 0.517766 -1.047997
v -1.431212 0.180003 -0.627749
v -1.429187 0.163484 -0.608133
v -1.449624 0.165369 -0.638172
v -1.447599 0.148850 -0.618556
v -1.320786 0.112285 -0.707124
v -1.312630 0.093271 -0.691834
v -1.333067 0.095156 -0.721874
v -1.324911 0.076142 -0.706585
v -1.252381 0.145486 -0.751577
v -1.233826 0.129784 -0.743156
v -1.254262 0.131669 -0.773195
v -1.235707 0.115967 -0.764774
v -1.222282 0.213040 -0.767816
v -1.197173 0.215354 -0.762723
v -1.217609 0.217239 -0.792762
v -1.192500 0.219553 -0.787669
v -1.243570 0.331357 -0.745910
v -1.219165 0.324961 -0.740885
v -1.239601 0.326846 -0.770924
v -1.215196 0.320451 -0.765898
v -1.133336 0.388510 -0.817319
v -1.129364 0.370785 -0.799102
v -1.149801 0.372670 -0.829142
v -1.145829 0.354945 -0.810926
v -1.084482 0.271356 -0.857906
v -1.089046 0.266379 -0.833083
v -1.109482 0.268264 -0.863122
v -1.114046 0.263287 -0.838299
v -1.073009 0.098756 -0.876540
v -1.072552 0.083581 -0.855773
v -1.092988 0.085465 -0.885812
v -1.092531 0.070290 -0.865045
v -0.958656 0.121397 -0.952916
v -0.938768 0.106955 -0.945323
v -0.959204 0.108840 -0.975362
v -0.939315 0.094398 -0.967768
v -0.819078 0.222321 -1.041543
v -0.793987 0.219231 -1.036775
v -0.814424 0.221116 -1.066815
v -0.789334 0.218027 -1.062047
v -0.799891 0.311083 -1.049027
v -0.779326 0.323764 -1.040191
v -0.799763 0.325649 -1.070230
v -0.779198 0.338330 -1.061395
v -0.863400 0.356484 -1.002971
v -0.852633 0.373708 -0.987186
v -0.873069 0.375592 -1.017225
v -0.862301 0.392816 -1.001439
v -0.947689 0.320406 -0.947891
v -0.947931 0.332072 -0.924964
v -0.968367 0.333956 -0.955004
v -0.968609 0.345622 -0.932077
v -0.774563 0.945767 -1.026437
v -0.765716 0.929234 -1.014419
v -0.783409 0.930866 -1.040426
v -0.774563 0.914332 -1.028409
v -0.116663 0.842677 -1.480488
v -0.107816 0.826143 -1.468471
v -0.125509 0.827775 -1.494478
v -0.116663 0.811241 -1.482460
v -0.359827 0.817812 -1.335691
v -0.350981 0.801279 -1.323674
v -0.350981 0.832714 -1.321701
v -0.342134 0.816181 -1.309684
v -0.557492 0.913186 -1.195232
v -0.539799 0.911554 -1.169225
v -0.548645 0.896652 -1.183215
v -0.548645 0.928088 -1.181242
v -1.432463 0.786733 -0.588832
v -1.423616 0.770200 -0.576814
v -1.441309 0.771831 -0.602821
v -1.432463 0.755298 -0.590804
v -1.206991 0.781794 -0.761608
v -1.198144 0.765260 -0.749591
v -1.198144 0.796696 -0.747618
v -1.189298 0.780162 -0.735601
v -1.009327 0.893975 -0.889044
v -0.991634 0.892344 -0.863038
v -1.000480 0.877442 -0.877027
v -1.000480 0.908877 -0.875055
v -0.102731 0.320821 -1.490833
v 1.245720 0.196463 0.491249
v -1.416826 0.264950 -0.600332
v -0.068374 0.140592 1.381750
v -0.143667 0.561957 -1.447854
v -0.102731 0.514314 -1.478693
v 1.245720 0.389955 0.503389
v 1.204784 0.437598 0.534228
v -1.416826 0.458443 -0.588192
v -1.375890 0.509566 -0.612835
v -0.027438 0.385208 1.369248
v -0.068374 0.334084 1.393890
v 0.883527 0.453971 0.256620
v 0.870118 0.598840 0.245922
v 1.079633 0.493676 0.548501
v 1.066225 0.638545 0.537804
v 0.427112 0.434566 0.565911
v 0.413703 0.579434 0.555214
v 0.623218 0.474271 0.857793
v 0.609809 0.619139 0.847095
v 0.921171 0.522947 0.148850
v 1.184098 0.576181 0.540187
v 0.572165 0.550164 0.954865
v 0.309238 0.496930 0.563529
v 0.961139 0.439137 0.421013
v 0.941495 0.651376 0.405340
v 0.551841 0.421735 0.698375
v 0.532197 0.633974 0.682702
v 0.472288 0.524889 0.737792
v 1.021048 0.548221 0.365923
v 0.836754 0.446686 0.679157
v 0.817110 0.658926 0.663484
v 0.676227 0.414185 0.440231
v 0.656582 0.626424 0.424558
v 0.639056 0.514767 0.391689
v 0.854281 0.558343 0.712026
v 0.734472 0.668322 0.542127
v 0.758864 0.404788 0.561588
v 0.274100 0.428060 0.669600
v 0.260691 0.572929 0.658902
v 0.470207 0.467765 0.961482
v 0.456798 0.612634 0.950784
v -0.182315 0.408655 0.978891
v -0.195724 0.553523 0.968194
v 0.013791 0.448360 1.270773
v 0.000382 0.593228 1.260075
v 0.311744 0.497036 0.561830
v 0.574671 0.550270 0.953167
v -0.037262 0.524253 1.367845
v -0.300189 0.471019 0.976509
v 0.351712 0.413226 0.833993
v 0.332068 0.625465 0.818320
v -0.057585 0.395824 1.111355
v -0.077230 0.608063 1.095682
v -0.137139 0.498979 1.150772
v 0.411622 0.522310 0.778903
v 0.227327 0.420775 1.092137
v 0.207683 0.633015 1.076464
v 0.066800 0.388274 0.853211
v 0.047155 0.600513 0.837538
v 0.029629 0.488856 0.804669
v 0.244854 0.532432 1.125006
v 0.125045 0.642411 0.955107
v 0.149437 0.378877 0.974568
vn -0.0309 0.1786 0.9834
vn -0.0309 -0.3026 0.9526
vn -0.9324 0.2224 0.2849
vn -0.9318 -0.2588 0.2546
vn -0.5453 0.2896 -0.7866
vn -0.5450 -0.1917 -0.8162
vn 0.5950 -0.1939 -0.7800
vn 0.6132 0.0370 -0.7891
vn 0.5953 0.2873 -0.7503
vn 0.9133 0.2187 0.3436
vn 0.9127 -0.2625 0.3132
vn 0.8493 0.4101 0.3325
vn -0.0000 -0.9980 -0.0626
vn -0.0287 0.3727 0.9275
vn -0.5071 0.4760 -0.7185
vn 0.5536 0.4739 -0.6848
vn -0.8671 0.4135 0.2779
vn 0.9407 -0.0337 0.3377
vn 0.8600 0.3851 0.3348
vn -0.9603 -0.0299 0.2772
vn -0.0318 -0.0750 0.9967
vn -0.5617 0.0394 -0.8264
vn -0.0000 0.9980 0.0626
vn -0.5135 0.4518 -0.7295
vn -0.0291 0.3473 0.9373
vn 0.5606 0.4497 -0.6953
vn -0.8780 0.3885 0.2796
vn 0.5949 -0.1939 -0.7800
vn -0.8273 -0.0352 0.5606
vn -0.5617 0.0518 -0.8257
vn 0.5617 -0.0518 0.8257
vn 0.8273 0.0352 -0.5606
vn 0.1392 -0.3610 -0.9221
vn 0.0870 -0.5063 -0.8579
vn 0.1301 -0.3879 -0.9125
vn -0.0744 0.5184 0.8519
vn -0.1370 0.3616 0.9222
vn -0.1258 0.3914 0.9116
vn -0.8693 0.4599 -0.1812
vn -0.8850 0.4306 -0.1772
vn -0.7875 0.5842 -0.1963
vn 0.7985 -0.5719 0.1878
vn 0.8858 -0.4298 0.1752
vn 0.8718 -0.4564 0.1779
vn 0.6575 -0.6442 0.3908
vn 0.6830 -0.6253 0.3775
vn -0.6852 0.6225 -0.3782
vn -0.6611 0.6405 -0.3908
vn -0.1346 -0.5498 -0.8243
vn -0.1574 -0.5690 -0.8071
vn 0.1559 0.5651 0.8101
vn 0.1343 0.5469 0.8263
vn -0.6212 -0.6628 -0.4181
vn -0.5648 -0.6974 -0.4411
vn 0.5646 0.6982 0.4403
vn 0.6198 0.6643 0.4179
vn 0.1603 -0.7643 0.6247
vn 0.1201 -0.7312 0.6715
vn -0.1203 0.7326 -0.6700
vn -0.1595 0.7649 -0.6240
vn -0.1447 -0.1799 0.9730
vn -0.1141 -0.2716 0.9556
vn -0.0433 0.6605 -0.7496
vn -0.9444 -0.1950 -0.2648
vn -0.9664 -0.1042 -0.2349
vn 0.7178 0.5903 0.3692
vn -0.9843 0.1741 -0.0299
vn -0.9648 0.2594 -0.0432
vn 0.9204 -0.3863 0.0602
vn 0.9560 -0.2898 0.0454
vn 0.9784 -0.2041 0.0322
vn -0.3008 0.1981 0.9329
vn -0.3252 0.1133 0.9388
vn 0.2612 -0.3255 -0.9087
vn 0.3192 -0.1433 -0.9368
vn 0.2937 -0.2287 -0.9281
vn 0.9950 -0.0987 0.0160
vn -0.3497 0.0165 0.9367
vn 0.3465 -0.0389 -0.9373
vn -0.9970 0.0762 -0.0147
vn 0.1930 -0.8055 0.5603
vn 0.4710 -0.7672 0.4353
vn 0.4216 -0.7801 0.4622
vn -0.1849 0.8031 -0.5664
vn -0.4280 0.7756 -0.4639
vn -0.4783 0.7620 -0.4365
vn -0.4954 -0.7420 -0.4516
vn -0.3186 -0.7119 -0.6259
vn -0.2747 -0.6985 -0.6608
vn 0.5040 0.7396 0.4461
vn 0.2728 0.6927 0.6676
vn 0.3176 0.7068 0.6321
vn -0.9042 0.3702 -0.2130
vn -0.9224 0.3301 -0.2003
vn 0.1063 -0.3247 -0.9398
vn 0.1340 -0.2753 -0.9520
vn -0.1353 0.2575 0.9568
vn -0.1145 0.2973 0.9479
vn 0.9165 -0.3474 0.1982
vn 0.8921 -0.3972 0.2153
vn 0.9152 0.3152 0.2512
vn 0.9552 0.2192 0.1989
vn -0.9459 -0.2473 -0.2102
vn -0.9038 -0.3383 -0.2622
vn 0.1806 0.2906 -0.9396
vn 0.1230 0.3882 -0.9133
vn -0.1098 -0.4115 0.9048
vn -0.1683 -0.3190 0.9327
vn 0.1283 0.4347 -0.8914
vn 0.1745 0.3793 -0.9087
vn -0.1649 -0.3945 0.9040
vn -0.1162 -0.4514 0.8847
vn 0.9294 0.3097 0.2009
vn 0.8995 0.3636 0.2423
vn -0.8899 -0.3800 -0.2524
vn -0.9224 -0.3247 -0.2094
vn 0.9377 -0.2893 0.1926
vn 0.9207 -0.3330 0.2032
vn -0.9233 0.3277 -0.2004
vn -0.9416 0.2788 -0.1890
vn 0.1317 -0.2603 -0.9565
vn 0.1505 -0.2167 -0.9646
vn -0.1558 0.2064 0.9660
vn -0.1356 0.2550 0.9574
vn 0.4679 -0.7537 0.4614
vn 0.4154 -0.7605 0.4991
vn -0.4246 0.7613 -0.4900
vn -0.4814 0.7524 -0.4496
vn -0.3540 -0.6895 -0.6319
vn -0.2993 -0.6830 -0.6663
vn 0.2833 0.6819 0.6744
vn 0.3422 0.6906 0.6371
vn -0.8117 -0.4707 -0.3457
vn -0.7694 -0.5191 -0.3723
vn 0.7615 0.5260 0.3789
vn 0.8080 0.4741 0.3499
vn 0.0313 -0.5929 0.8046
vn -0.0061 -0.5450 0.8384
vn 0.0011 0.5485 -0.8361
vn -0.0399 0.5999 -0.7991
vn -0.1475 -0.3395 0.9290
vn 0.1475 0.3395 -0.9290
vn -0.9359 -0.2668 -0.2299
vn 0.9359 0.2668 0.2299
vn -0.1120 -0.5857 -0.8027
vn -0.3532 -0.6517 -0.6713
vn -0.3657 -0.6538 -0.6624
vn 0.1083 0.5836 0.8048
vn 0.3693 0.6529 0.6613
vn 0.3556 0.6506 0.6710
vn 0.6692 -0.6578 0.3457
vn 0.4415 -0.7282 0.5242
vn 0.4545 -0.7261 0.5159
vn -0.6726 0.6556 -0.3431
vn -0.4534 0.7252 -0.5181
vn -0.4393 0.7275 -0.5271
vn -0.7705 -0.5348 -0.3469
vn -0.7903 -0.5163 -0.3298
vn 0.7900 0.5185 0.3273
vn 0.7708 0.5363 0.3439
vn -0.0157 -0.5878 0.8089
vn 0.0064 -0.6065 0.7951
vn -0.0034 0.6077 -0.7941
vn 0.0180 0.5897 -0.8074
vn -0.2133 -0.1767 0.9609
vn -0.2149 -0.1136 0.9700
vn 0.2128 0.1261 -0.9689
vn 0.2106 0.1924 -0.9584
vn -0.9857 -0.0426 -0.1630
vn -0.9803 -0.1059 -0.1666
vn 0.9780 0.1217 0.1695
vn 0.9847 0.0549 0.1657
vn -0.9709 0.1911 -0.1441
vn 0.9740 -0.1725 0.1471
vn -0.2134 0.1212 0.9694
vn 0.2128 -0.1023 -0.9717
vn 0.0690 -0.8119 0.5797
vn -0.0643 0.8099 -0.5831
vn -0.5595 -0.7540 -0.3442
vn 0.5643 0.7519 0.3409
vn 0.9411 -0.3122 0.1298
vn 0.9716 -0.2025 0.1226
vn 0.9699 -0.2100 0.1231
vn -0.9321 0.3348 -0.1382
vn -0.9691 0.2128 -0.1250
vn -0.9712 0.2034 -0.1240
vn 0.2086 -0.2447 -0.9469
vn 0.2314 -0.1418 -0.9625
vn 0.2329 -0.1343 -0.9632
vn -0.1962 0.2670 0.9435
vn -0.2315 0.1352 0.9634
vn -0.2291 0.1446 0.9626
vn 0.2527 -0.0306 -0.9671
vn -0.2601 0.0111 0.9655
vn 0.9885 -0.0985 0.1145
vn -0.9910 0.0785 -0.1087
vn 0.2729 -0.8249 0.4950
vn 0.1667 -0.7842 0.5978
vn 0.1243 -0.7633 0.6339
vn -0.2618 0.8244 -0.5018
vn -0.1255 0.7702 -0.6253
vn -0.1649 0.7886 -0.5924
vn -0.4065 -0.7622 -0.5037
vn -0.5866 -0.6978 -0.4111
vn -0.5386 -0.7191 -0.4390
vn 0.4169 0.7618 0.4958
vn 0.5346 0.7241 0.4358
vn 0.5786 0.7053 0.4096
vn 0.1848 0.4360 -0.8808
vn 0.1139 0.5416 -0.8329
vn -0.9239 -0.3297 -0.1944
vn -0.8685 -0.4322 -0.2426
vn 0.8461 0.4741 0.2435
vn 0.9106 0.3690 0.1861
vn -0.1205 -0.5012 0.8569
vn -0.1796 -0.3983 0.8995
vn 0.9583 -0.2096 0.1940
vn 0.9026 -0.3596 0.2368
vn -0.1454 0.1811 0.9727
vn -0.0841 0.3042 0.9489
vn 0.0923 -0.2848 -0.9541
vn 0.1614 -0.1361 -0.9775
vn -0.8935 0.3789 -0.2409
vn -0.9454 0.2548 -0.2032
vn 0.3314 0.6563 0.6778
vn 0.3475 0.6592 0.6669
vn -0.3424 -0.6579 -0.6708
vn -0.3234 -0.6542 -0.6837
vn -0.4521 0.7329 -0.5084
vn -0.4683 0.7301 -0.4977
vn 0.4768 -0.7280 0.4925
vn 0.4577 -0.7316 0.5052
vn -0.1892 0.7410 -0.6443
vn 0.1926 -0.7423 0.6418
vn 0.5710 0.6709 0.4732
vn -0.5676 -0.6722 -0.4755
vn -0.8858 -0.4045 -0.2276
vn -0.8718 -0.4305 -0.2335
vn -0.7985 -0.5440 -0.2578
vn 0.7875 0.5551 0.2678
vn 0.8693 0.4337 0.2372
vn 0.8850 0.4050 0.2296
vn 0.1258 0.5022 -0.8555
vn 0.0744 0.6208 -0.7804
vn 0.1370 0.4740 -0.8698
vn -0.0870 -0.6096 0.7879
vn -0.1301 -0.4989 0.8568
vn -0.1392 -0.4734 0.8698
vn 0.1346 -0.6486 0.7492
vn 0.1574 -0.6654 0.7297
vn -0.1559 0.6620 -0.7331
vn -0.1343 0.6459 -0.7515
vn -0.6575 -0.5903 -0.4682
vn -0.6830 -0.5732 -0.4527
vn 0.6852 0.5703 0.4531
vn 0.6611 0.5866 0.4678
vn -0.1603 -0.6802 -0.7153
vn -0.1201 -0.6415 -0.7576
vn 0.1203 0.6431 0.7563
vn 0.1595 0.6809 0.7148
vn 0.6212 -0.7099 0.3319
vn 0.5648 -0.7471 0.3505
vn -0.5646 0.7477 -0.3496
vn -0.6198 0.7113 -0.3316
vn 0.9444 -0.2266 0.2383
vn 0.9664 -0.1327 0.2200
vn -0.7178 0.6319 -0.2925
vn 0.1447 -0.0569 -0.9878
vn 0.1141 -0.1500 -0.9821
vn 0.0433 0.5617 0.8262
vn 0.3008 0.3132 -0.9008
vn 0.3252 0.2298 -0.9173
vn -0.2612 -0.4365 0.8609
vn -0.3192 -0.2593 0.9115
vn -0.2937 -0.3429 0.8923
vn 0.9843 0.1690 0.0514
vn 0.9648 0.2519 0.0752
vn -0.9204 -0.3757 -0.1080
vn -0.9560 -0.2818 -0.0812
vn -0.9784 -0.1985 -0.0575
vn -0.3465 -0.1558 0.9250
vn 0.9970 0.0738 0.0241
vn -0.9950 -0.0960 -0.0282
vn 0.3497 0.1335 -0.9273
vn 0.4954 -0.7927 0.3553
vn 0.3186 -0.7845 0.5320
vn 0.2747 -0.7756 0.5683
vn -0.5040 0.7895 -0.3502
vn -0.2728 0.7707 -0.5758
vn -0.3176 0.7803 -0.5388
vn -0.1930 -0.7292 -0.6566
vn -0.4710 -0.7068 -0.5278
vn -0.4216 -0.7162 -0.5561
vn 0.1849 0.7260 0.6624
vn 0.4280 0.7115 0.5572
vn 0.4783 0.7015 0.5284
vn 0.1353 0.3751 -0.9171
vn 0.1145 0.4135 -0.9033
vn -0.9165 -0.3199 -0.2401
vn -0.8921 -0.3672 -0.2632
vn 0.9042 0.3406 0.2576
vn 0.9224 0.3025 0.2400
vn -0.1063 -0.4397 0.8919
vn -0.1340 -0.3921 0.9101
vn -0.1806 0.1709 0.9686
vn -0.1230 0.2710 0.9547
vn 0.1098 -0.2952 -0.9491
vn 0.1683 -0.1999 -0.9652
vn -0.9152 0.3441 -0.2098
vn -0.9552 0.2423 -0.1699
vn 0.9459 -0.2716 0.1777
vn 0.9038 -0.3684 0.2179
vn -0.9294 0.3324 -0.1606
vn -0.8995 0.3910 -0.1949
vn 0.8899 -0.4086 0.2030
vn 0.9224 -0.3483 0.1671
vn -0.1283 0.3199 0.9387
vn -0.1745 0.2628 0.9489
vn 0.1649 -0.2784 -0.9462
vn 0.1162 -0.3372 -0.9342
vn -0.1317 -0.3778 0.9165
vn -0.1505 -0.3355 0.9299
vn 0.1558 0.3255 -0.9326
vn 0.1356 0.3727 -0.9180
vn -0.9377 -0.2629 -0.2272
vn -0.9207 -0.3050 -0.2433
vn 0.9233 0.3001 0.2398
vn 0.9416 0.2530 0.2223
vn 0.3540 -0.7631 0.5407
vn 0.2993 -0.7609 0.5757
vn -0.2833 0.7608 -0.5839
vn -0.3422 0.7648 -0.5458
vn -0.4679 -0.6901 -0.5520
vn -0.4154 -0.6921 -0.5903
vn 0.4246 0.6941 0.5813
vn 0.4814 0.6903 0.5401
vn -0.0313 -0.4877 -0.8724
vn 0.0061 -0.4359 -0.9000
vn -0.0011 0.4397 0.8981
vn 0.0399 0.4953 0.8678
vn 0.8117 -0.5102 0.2842
vn 0.7694 -0.5616 0.3045
vn -0.7615 0.5692 -0.3101
vn -0.8080 0.5141 -0.2879
vn 0.9359 -0.2934 0.1948
vn -0.9359 0.2934 -0.1948
vn 0.1475 -0.2207 -0.9641
vn -0.1475 0.2207 0.9641
vn -0.6692 -0.6094 -0.4252
vn -0.4415 -0.6570 -0.6111
vn -0.4545 -0.6560 -0.6026
vn 0.6726 0.6076 0.4223
vn 0.4534 0.6548 0.6047
vn 0.4393 0.6559 0.6139
vn 0.1120 -0.6815 0.7232
vn 0.3532 -0.7304 0.5846
vn 0.3657 -0.7315 0.5755
vn -0.1083 0.6796 -0.7255
vn -0.3693 0.7304 -0.5745
vn -0.3556 0.7294 -0.5844
vn 0.0157 -0.4821 -0.8760
vn -0.0064 -0.5023 -0.8647
vn 0.0034 0.5037 0.8639
vn -0.0180 0.4841 0.8748
vn 0.7705 -0.5740 0.2773
vn 0.7903 -0.5535 0.2627
vn -0.7900 0.5553 -0.2599
vn -0.7708 0.5751 -0.2741
vn 0.9857 -0.0626 0.1564
vn 0.9803 -0.1259 0.1520
vn -0.9780 0.1419 -0.1530
vn -0.9847 0.0752 -0.1575
vn 0.2133 -0.0552 -0.9754
vn 0.2149 0.0085 -0.9766
vn -0.2128 0.0040 0.9771
vn -0.2106 0.0711 0.9750
vn 0.2134 0.2414 -0.9467
vn -0.2128 -0.2230 0.9513
vn 0.9709 0.1715 0.1669
vn -0.9740 -0.1528 -0.1675
vn 0.5596 -0.7911 0.2472
vn -0.5643 0.7886 -0.2443
vn -0.0690 -0.7331 -0.6766
vn 0.0643 0.7306 0.6797
vn -0.2086 -0.3611 0.9089
vn -0.2314 -0.2610 0.9372
vn -0.2329 -0.2537 0.9388
vn 0.1962 0.3828 -0.9028
vn 0.2315 0.2545 -0.9390
vn 0.2291 0.2638 -0.9370
vn -0.9411 -0.2936 -0.1678
vn -0.9716 -0.1856 -0.1469
vn -0.9699 -0.1929 -0.1484
vn 0.9321 0.3149 0.1789
vn 0.9691 0.1955 0.1507
vn 0.9712 0.1863 0.1484
vn -0.9885 -0.0834 -0.1259
vn 0.9910 0.0643 0.1177
vn -0.2527 -0.1513 0.9556
vn 0.2601 0.1317 -0.9565
vn 0.4065 -0.8192 0.4045
vn 0.5866 -0.7437 0.3206
vn 0.5386 -0.7683 0.3457
vn -0.4169 0.8178 -0.3967
vn -0.5346 0.7729 -0.3419
vn -0.5786 0.7509 -0.3183
vn -0.2729 -0.7566 -0.5942
vn -0.1667 -0.7033 -0.6911
vn -0.1243 -0.6781 -0.7244
vn 0.2618 0.7552 0.6009
vn 0.1255 0.6860 0.7167
vn 0.1649 0.7084 0.6863
vn -0.8461 0.5008 -0.1823
vn -0.9106 0.3894 -0.1385
vn 0.1205 -0.3901 -0.9128
vn 0.1796 -0.2828 -0.9422
vn -0.1848 0.3225 0.9284
vn -0.1138 0.4333 0.8940
vn 0.9238 -0.3514 0.1517
vn 0.8685 -0.4591 0.1867
vn -0.0923 -0.4019 0.9110
vn -0.1614 -0.2573 0.9528
vn 0.8935 0.3458 0.2863
vn 0.9454 0.2274 0.2335
vn -0.9583 -0.1838 -0.2186
vn -0.9026 -0.3271 -0.2799
vn 0.1454 0.3012 -0.9424
vn 0.0842 0.4205 -0.9034
vn 0.4521 0.6636 0.5960
vn 0.4683 0.6621 0.5850
vn -0.4768 -0.6608 -0.5797
vn -0.4577 -0.6628 -0.5927
vn -0.3314 0.7359 -0.5905
vn -0.3475 0.7374 -0.5793
vn 0.3424 -0.7365 0.5833
vn 0.3234 -0.7346 0.5965
vn -0.5710 0.7248 -0.3856
vn 0.5676 -0.7263 0.3877
vn 0.1892 0.6546 0.7319
vn -0.1926 -0.6562 -0.7296
vn -0.5253 -0.6660 -0.5296
vn -0.3972 -0.6691 -0.6281
vn -0.5043 -0.6678 -0.5475
vn 0.5319 0.6653 0.5238
vn 0.3972 0.6691 0.6281
vn 0.5513 0.6631 0.5064
vn -0.2829 0.7404 -0.6097
vn -0.2587 0.7383 -0.6229
vn -0.3972 0.7424 -0.5396
vn 0.2278 -0.7349 0.6388
vn 0.2509 -0.7375 0.6270
vn 0.3972 -0.7424 0.5396
vn 0.3972 -0.7423 0.5396
vn 0.2587 -0.7383 0.6229
vn 0.2829 -0.7404 0.6097
vn -0.2278 0.7349 -0.6388
vn -0.2509 0.7375 -0.6270
vn 0.5253 0.6660 0.5296
vn 0.5043 0.6678 0.5475
vn -0.5319 -0.6653 -0.5238
vn -0.5513 -0.6631 -0.5064
vn -0.2587 -0.6547 -0.7103
vn -0.2829 -0.6584 -0.6975
vn 0.2509 0.6534 0.7142
vn 0.2278 0.6493 0.7256
vn -0.5043 0.7310 -0.4597
vn -0.5253 0.7270 -0.4422
vn 0.5513 -0.7211 0.4196
vn 0.5319 -0.7256 0.4365
vn 0.5043 -0.7310 0.4597
vn 0.5253 -0.7270 0.4422
vn -0.5513 0.7212 -0.4196
vn -0.5319 0.7256 -0.4365
vn 0.2829 0.6584 0.6975
vn 0.2587 0.6547 0.7103
vn -0.2509 -0.6534 -0.7142
vn -0.2278 -0.6493 -0.7256
vn -0.1447 -0.1800 0.9730
vn 0.4710 -0.7673 0.4353
vn 0.9152 0.3151 0.2512
vn -0.1162 -0.4513 0.8847
vn 0.1504 -0.2166 -0.9646
vn -0.3541 -0.6895 -0.6319
vn -0.5596 -0.7540 -0.3442
vn 0.1138 0.5416 -0.8329
vn -0.1454 0.1810 0.9727
vn -0.3424 -0.6578 -0.6708
vn -0.7985 -0.5440 -0.2579
vn -0.1301 -0.4990 0.8568
vn 0.9224 -0.3483 0.1672
vn -0.3693 0.7304 -0.5746
vn -0.0180 0.4842 0.8748
vn 0.9239 -0.3514 0.1517
vn -0.3972 0.7423 -0.5396
vn 0.5513 -0.7212 0.4196
vn -0.5513 0.7211 -0.4196
vn -0.3166 0.9086 0.2724
vn 0.3166 0.9355 -0.1567
vn -0.7643 0.3494 0.5419
vn 0.7643 0.4144 -0.4940
vn 0.5318 0.7145 -0.4545
vn 0.2421 0.9263 -0.2887
vn 0.4456 0.8841 0.1411
vn 0.4982 0.7067 -0.5023
vn 0.5542 0.1122 0.8248
vn 0.2227 0.8957 0.3848
vn -0.0849 0.8615 0.5006
vn 0.6236 0.1148 0.7733
vn -0.6594 0.6639 0.3527
vn -0.4110 0.8985 0.1539
vn -0.5975 0.7577 -0.2623
vn -0.6256 0.6694 0.4007
vn -0.5542 -0.1122 -0.8248
vn -0.3772 0.7743 -0.5081
vn -0.0670 0.7803 -0.6218
vn -0.6236 -0.1148 -0.7733
vn 0.0919 -0.9931 0.0733
vn -0.2421 -0.9263 0.2887
vn -0.4456 -0.8841 -0.1411
vn -0.2227 -0.8957 -0.3848
vn -0.0919 0.9931 -0.0733
vn 0.0849 -0.8615 -0.5006
vn -0.5318 -0.7145 0.4545
vn -0.4982 -0.7067 0.5023
vn 0.3772 -0.7743 0.5081
vn 0.0670 -0.7803 0.6218
vn 0.4110 -0.8985 -0.1539
vn 0.6594 -0.6639 -0.3527
vn 0.6256 -0.6694 -0.4007
vn 0.5975 -0.7577 0.2623
vn 0.6909 -0.6561 -0.3035
vn -0.5636 -0.7199 0.4051
vn -0.6909 0.6561 0.3035
vn 0.5636 0.7199 -0.4051
vn 0.4806 0.1087 0.8702
vn -0.4806 -0.1087 -0.8702
vt 0.509332 0.996997
vt 0.604592 0.996997
vt 0.604592 0.990345
vt 0.509332 0.990345
vt 0.996997 0.807124
vt 0.996997 0.711864
vt 0.990345 0.711864
vt 0.990345 0.807124
vt 0.306800 0.996997
vt 0.402060 0.996997
vt 0.402060 0.990345
vt 0.306800 0.990345
vt 0.946364 0.965028
vt 0.939712 0.965028
vt 0.939712 0.971681
vt 0.946364 0.971681
vt 0.996997 0.705858
vt 0.996997 0.610598
vt 0.990345 0.610598
vt 0.990345 0.705858
vt 0.205535 0.996997
vt 0.300794 0.996997
vt 0.300794 0.990345
vt 0.205535 0.990345
vt 0.680541 0.876421
vt 0.673889 0.876421
vt 0.673889 0.883073
vt 0.680541 0.883073
vt 0.667883 0.877691
vt 0.667883 0.881802
vt 0.663772 0.883073
vt 0.661231 0.879747
vt 0.663772 0.876421
vt 0.680541 0.863762
vt 0.673889 0.863762
vt 0.673889 0.870415
vt 0.680541 0.870415
vt 0.667883 0.863762
vt 0.661231 0.863762
vt 0.661231 0.870415
vt 0.667883 0.870415
vt 0.705858 0.876421
vt 0.699206 0.876421
vt 0.699206 0.883073
vt 0.705858 0.883073
vt 0.693200 0.876421
vt 0.686547 0.876421
vt 0.686547 0.883073
vt 0.693200 0.883073
vt 0.705858 0.863762
vt 0.699206 0.863762
vt 0.699206 0.870415
vt 0.705858 0.870415
vt 0.693200 0.863762
vt 0.686547 0.863762
vt 0.686547 0.870415
vt 0.693200 0.870415
vt 0.680541 0.901737
vt 0.673889 0.901737
vt 0.673889 0.908389
vt 0.680541 0.908389
vt 0.667883 0.901737
vt 0.661231 0.901737
vt 0.661231 0.908389
vt 0.667883 0.908389
vt 0.680541 0.889079
vt 0.673889 0.889079
vt 0.673889 0.895731
vt 0.680541 0.895731
vt 0.663772 0.889079
vt 0.667883 0.890349
vt 0.667883 0.894461
vt 0.663772 0.895731
vt 0.661231 0.892405
vt 0.705858 0.901737
vt 0.699206 0.901737
vt 0.699206 0.908389
vt 0.705858 0.908389
vt 0.693200 0.901737
vt 0.686547 0.901737
vt 0.686547 0.908389
vt 0.693200 0.908389
vt 0.705858 0.889079
vt 0.699206 0.889079
vt 0.699206 0.895731
vt 0.705858 0.895731
vt 0.693200 0.889079
vt 0.686547 0.889079
vt 0.686547 0.895731
vt 0.693200 0.895731
vt 0.996997 0.604592
vt 0.996997 0.509332
vt 0.990345 0.509332
vt 0.990345 0.604592
vt 0.104269 0.996997
vt 0.199529 0.996997
vt 0.199529 0.990345
vt 0.104269 0.990345
vt 0.996997 0.503326
vt 0.996997 0.408066
vt 0.990345 0.408066
vt 0.990345 0.503326
vt 0.629908 0.876421
vt 0.623256 0.876421
vt 0.623256 0.883073
vt 0.629908 0.883073
vt 0.003003 0.996997
vt 0.098263 0.996997
vt 0.098263 0.990345
vt 0.003003 0.990345
vt 0.996997 0.402060
vt 0.996997 0.306800
vt 0.990345 0.306800
vt 0.990345 0.402060
vt 0.617250 0.876421
vt 0.610598 0.876421
vt 0.610598 0.883073
vt 0.617250 0.883073
vt 0.625797 0.863762
vt 0.629908 0.865033
vt 0.629908 0.869144
vt 0.625797 0.870415
vt 0.623256 0.867089
vt 0.617250 0.863762
vt 0.610598 0.863762
vt 0.610598 0.870415
vt 0.617250 0.870415
vt 0.655225 0.876421
vt 0.648573 0.876421
vt 0.648573 0.883073
vt 0.655225 0.883073
vt 0.642567 0.876421
vt 0.635914 0.876421
vt 0.635914 0.883073
vt 0.642567 0.883073
vt 0.655225 0.863762
vt 0.648573 0.863762
vt 0.648573 0.870415
vt 0.655225 0.870415
vt 0.642567 0.863762
vt 0.635914 0.863762
vt 0.635914 0.870415
vt 0.642567 0.870415
vt 0.629908 0.901737
vt 0.623256 0.901737
vt 0.623256 0.908389
vt 0.629908 0.908389
vt 0.617250 0.901737
vt 0.610598 0.901737
vt 0.610598 0.908389
vt 0.617250 0.908389
vt 0.629908 0.889079
vt 0.623256 0.889079
vt 0.623256 0.895731
vt 0.629908 0.895731
vt 0.617250 0.889079
vt 0.610598 0.889079
vt 0.610598 0.895731
vt 0.617250 0.895731
vt 0.655225 0.903008
vt 0.655225 0.907119
vt 0.651114 0.908389
vt 0.648573 0.905063
vt 0.651114 0.901737
vt 0.642567 0.901737
vt 0.635914 0.901737
vt 0.635914 0.908389
vt 0.642567 0.908389
vt 0.655225 0.889079
vt 0.648573 0.889079
vt 0.648573 0.895731
vt 0.655225 0.895731
vt 0.642567 0.889079
vt 0.635914 0.889079
vt 0.635914 0.895731
vt 0.642567 0.895731
vt 0.680541 0.825788
vt 0.673889 0.825788
vt 0.673889 0.832440
vt 0.680541 0.832440
vt 0.813130 0.984339
vt 0.908389 0.984339
vt 0.908389 0.977687
vt 0.813130 0.977687
vt 0.996997 0.300794
vt 0.996997 0.205535
vt 0.990345 0.205535
vt 0.990345 0.300794
vt 0.711864 0.984339
vt 0.807124 0.984339
vt 0.807124 0.977687
vt 0.711864 0.977687
vt 0.667883 0.825788
vt 0.661231 0.825788
vt 0.661231 0.832440
vt 0.667883 0.832440
vt 0.996997 0.199529
vt 0.996997 0.104269
vt 0.990345 0.104269
vt 0.990345 0.199529
vt 0.610598 0.984339
vt 0.705858 0.984339
vt 0.705858 0.977687
vt 0.610598 0.977687
vt 0.680541 0.813130
vt 0.673889 0.813130
vt 0.673889 0.819782
vt 0.680541 0.819782
vt 0.667883 0.814400
vt 0.667883 0.818511
vt 0.663772 0.819782
vt 0.661231 0.816456
vt 0.663772 0.813130
vt 0.705858 0.825788
vt 0.699206 0.825788
vt 0.699206 0.832440
vt 0.705858 0.832440
vt 0.693200 0.825788
vt 0.686547 0.825788
vt 0.686547 0.832440
vt 0.693200 0.832440
vt 0.705858 0.813130
vt 0.699206 0.813130
vt 0.699206 0.819782
vt 0.705858 0.819782
vt 0.693200 0.813130
vt 0.686547 0.813130
vt 0.686547 0.819782
vt 0.693200 0.819782
vt 0.680541 0.851104
vt 0.673889 0.851104
vt 0.673889 0.857756
vt 0.680541 0.857756
vt 0.667883 0.851104
vt 0.661231 0.851104
vt 0.661231 0.857756
vt 0.667883 0.857756
vt 0.680541 0.838446
vt 0.673889 0.838446
vt 0.673889 0.845098
vt 0.680541 0.845098
vt 0.667883 0.838446
vt 0.661231 0.838446
vt 0.661231 0.845098
vt 0.667883 0.845098
vt 0.705858 0.851104
vt 0.699206 0.851104
vt 0.699206 0.857756
vt 0.705858 0.857756
vt 0.689088 0.857756
vt 0.686547 0.854430
vt 0.689088 0.851104
vt 0.693200 0.852375
vt 0.693200 0.856486
vt 0.705858 0.838446
vt 0.699206 0.838446
vt 0.699206 0.845098
vt 0.705858 0.845098
vt 0.693200 0.838446
vt 0.686547 0.838446
vt 0.686547 0.845098
vt 0.693200 0.845098
vt 0.629908 0.825788
vt 0.623256 0.825788
vt 0.623256 0.832440
vt 0.629908 0.832440
vt 0.617250 0.825788
vt 0.610598 0.825788
vt 0.610598 0.832440
vt 0.617250 0.832440
vt 0.996997 0.098263
vt 0.996997 0.003003
vt 0.990345 0.003003
vt 0.990345 0.098263
vt 0.509332 0.984339
vt 0.604592 0.984339
vt 0.604592 0.977687
vt 0.509332 0.977687
vt 0.984339 0.705858
vt 0.984339 0.610598
vt 0.977687 0.610598
vt 0.977687 0.705858
vt 0.629908 0.813130
vt 0.623256 0.813130
vt 0.623256 0.819782
vt 0.629908 0.819782
vt 0.104269 0.984339
vt 0.199529 0.984339
vt 0.199529 0.977687
vt 0.104269 0.977687
vt 0.984339 0.199529
vt 0.984339 0.104269
vt 0.977687 0.104269
vt 0.977687 0.199529
vt 0.617250 0.813130
vt 0.610598 0.813130
vt 0.610598 0.819782
vt 0.617250 0.819782
vt 0.651114 0.825788
vt 0.655225 0.827058
vt 0.655225 0.831170
vt 0.651114 0.832440
vt 0.648573 0.829114
vt 0.642567 0.825788
vt 0.635914 0.825788
vt 0.635914 0.832440
vt 0.642567 0.832440
vt 0.655225 0.813130
vt 0.648573 0.813130
vt 0.648573 0.819782
vt 0.655225 0.819782
vt 0.642567 0.813130
vt 0.635914 0.813130
vt 0.635914 0.819782
vt 0.642567 0.819782
vt 0.629908 0.851104
vt 0.623256 0.851104
vt 0.623256 0.857756
vt 0.629908 0.857756
vt 0.617250 0.851104
vt 0.610598 0.851104
vt 0.610598 0.857756
vt 0.617250 0.857756
vt 0.629908 0.838446
vt 0.623256 0.838446
vt 0.623256 0.845098
vt 0.629908 0.845098
vt 0.617250 0.838446
vt 0.610598 0.838446
vt 0.610598 0.845098
vt 0.617250 0.845098
vt 0.655225 0.851104
vt 0.648573 0.851104
vt 0.648573 0.857756
vt 0.655225 0.857756
vt 0.642567 0.851104
vt 0.635914 0.851104
vt 0.635914 0.857756
vt 0.642567 0.857756
vt 0.648573 0.841772
vt 0.651114 0.838446
vt 0.655225 0.839716
vt 0.655225 0.843828
vt 0.651114 0.845098
vt 0.642567 0.838446
vt 0.635914 0.838446
vt 0.635914 0.845098
vt 0.642567 0.845098
vt 0.376744 0.825788
vt 0.370092 0.825788
vt 0.370092 0.832440
vt 0.376744 0.832440
vt 0.364086 0.825788
vt 0.357433 0.825788
vt 0.357433 0.832440
vt 0.364086 0.832440
vt 0.376744 0.813130
vt 0.370092 0.813130
vt 0.370092 0.819782
vt 0.376744 0.819782
vt 0.705858 0.921048
vt 0.705858 0.914395
vt 0.509332 0.914395
vt 0.509332 0.921048
vt 0.933706 0.610598
vt 0.927054 0.610598
vt 0.927054 0.807124
vt 0.933706 0.807124
vt 0.711864 0.921048
vt 0.908389 0.921048
vt 0.908389 0.914395
vt 0.711864 0.914395
vt 0.946364 0.199529
vt 0.946364 0.003003
vt 0.939712 0.003003
vt 0.939712 0.199529
vt 0.402060 0.003003
vt 0.205535 0.003003
vt 0.205535 0.199529
vt 0.402060 0.199529
vt 0.199529 0.205535
vt 0.003003 0.205535
vt 0.003003 0.402060
vt 0.199529 0.402060
vt 0.364086 0.813130
vt 0.357433 0.813130
vt 0.357433 0.819782
vt 0.364086 0.819782
vt 0.402060 0.825788
vt 0.395408 0.825788
vt 0.395408 0.832440
vt 0.402060 0.832440
vt 0.389402 0.825788
vt 0.382750 0.825788
vt 0.382750 0.832440
vt 0.389402 0.832440
vt 0.402060 0.813130
vt 0.395408 0.813130
vt 0.395408 0.819782
vt 0.402060 0.819782
vt 0.807124 0.098263
vt 0.807124 0.078952
vt 0.800471 0.078952
vt 0.800471 0.098263
vt 0.794465 0.098263
vt 0.794465 0.078952
vt 0.787813 0.078952
vt 0.787813 0.098263
vt 0.832440 0.022313
vt 0.832440 0.003003
vt 0.825788 0.003003
vt 0.825788 0.022313
vt 0.819782 0.022313
vt 0.819782 0.003003
vt 0.813130 0.003003
vt 0.813130 0.022313
vt 0.389402 0.813130
vt 0.382750 0.813130
vt 0.382750 0.819782
vt 0.389402 0.819782
vt 0.376744 0.851104
vt 0.370092 0.851104
vt 0.370092 0.857756
vt 0.376744 0.857756
vt 0.364086 0.851104
vt 0.357433 0.851104
vt 0.357433 0.857756
vt 0.364086 0.857756
vt 0.376744 0.838446
vt 0.370092 0.838446
vt 0.370092 0.845098
vt 0.376744 0.845098
vt 0.857756 0.022313
vt 0.857756 0.003003
vt 0.851104 0.003003
vt 0.851104 0.022313
vt 0.845098 0.022313
vt 0.845098 0.003003
vt 0.838446 0.003003
vt 0.838446 0.022313
vt 0.832440 0.047630
vt 0.832440 0.028319
vt 0.825788 0.028319
vt 0.825788 0.047630
vt 0.819782 0.047630
vt 0.819782 0.028319
vt 0.813130 0.028319
vt 0.813130 0.047630
vt 0.364086 0.838446
vt 0.357433 0.838446
vt 0.357433 0.845098
vt 0.364086 0.845098
vt 0.402060 0.851104
vt 0.395408 0.851104
vt 0.395408 0.857756
vt 0.402060 0.857756
vt 0.389402 0.851104
vt 0.382750 0.851104
vt 0.382750 0.857756
vt 0.389402 0.857756
vt 0.402060 0.838446
vt 0.395408 0.838446
vt 0.395408 0.845098
vt 0.402060 0.845098
vt 0.389402 0.838446
vt 0.382750 0.838446
vt 0.382750 0.845098
vt 0.389402 0.845098
vt 0.326111 0.825788
vt 0.319459 0.825788
vt 0.319459 0.832440
vt 0.326111 0.832440
vt 0.313453 0.825788
vt 0.306800 0.825788
vt 0.306800 0.832440
vt 0.313453 0.832440
vt 0.326111 0.813130
vt 0.319459 0.813130
vt 0.319459 0.819782
vt 0.326111 0.819782
vt 0.313453 0.813130
vt 0.306800 0.813130
vt 0.306800 0.819782
vt 0.313453 0.819782
vt 0.351427 0.825788
vt 0.344775 0.825788
vt 0.344775 0.832440
vt 0.351427 0.832440
vt 0.338769 0.825788
vt 0.332117 0.825788
vt 0.332117 0.832440
vt 0.338769 0.832440
vt 0.351427 0.813130
vt 0.344775 0.813130
vt 0.344775 0.819782
vt 0.351427 0.819782
vt 0.338769 0.813130
vt 0.332117 0.813130
vt 0.332117 0.819782
vt 0.338769 0.819782
vt 0.326111 0.851104
vt 0.319459 0.851104
vt 0.319459 0.857756
vt 0.326111 0.857756
vt 0.313453 0.851104
vt 0.306800 0.851104
vt 0.306800 0.857756
vt 0.313453 0.857756
vt 0.326111 0.838446
vt 0.319459 0.838446
vt 0.319459 0.845098
vt 0.326111 0.845098
vt 0.313453 0.838446
vt 0.306800 0.838446
vt 0.306800 0.845098
vt 0.313453 0.845098
vt 0.351427 0.851104
vt 0.344775 0.851104
vt 0.344775 0.857756
vt 0.351427 0.857756
vt 0.338769 0.851104
vt 0.332117 0.851104
vt 0.332117 0.857756
vt 0.338769 0.857756
vt 0.351427 0.838446
vt 0.344775 0.838446
vt 0.344775 0.845098
vt 0.351427 0.845098
vt 0.857756 0.047630
vt 0.857756 0.028319
vt 0.851104 0.028319
vt 0.851104 0.047630
vt 0.845098 0.047630
vt 0.845098 0.028319
vt 0.838446 0.028319
vt 0.838446 0.047630
vt 0.781807 0.022313
vt 0.781807 0.003003
vt 0.775155 0.003003
vt 0.775155 0.022313
vt 0.769149 0.022313
vt 0.769149 0.003003
vt 0.762497 0.003003
vt 0.762497 0.022313
vt 0.338769 0.838446
vt 0.332117 0.838446
vt 0.332117 0.845098
vt 0.338769 0.845098
vt 0.376744 0.775155
vt 0.370092 0.775155
vt 0.370092 0.781807
vt 0.376744 0.781807
vt 0.364086 0.775155
vt 0.357433 0.775155
vt 0.357433 0.781807
vt 0.364086 0.781807
vt 0.376744 0.762497
vt 0.370092 0.762497
vt 0.370092 0.769149
vt 0.376744 0.769149
vt 0.364086 0.762497
vt 0.357433 0.762497
vt 0.357433 0.769149
vt 0.364086 0.769149
vt 0.402060 0.775155
vt 0.395408 0.775155
vt 0.395408 0.781807
vt 0.402060 0.781807
vt 0.389402 0.775155
vt 0.382750 0.775155
vt 0.382750 0.781807
vt 0.389402 0.781807
vt 0.402060 0.762497
vt 0.395408 0.762497
vt 0.395408 0.769149
vt 0.402060 0.769149
vt 0.389402 0.762497
vt 0.382750 0.762497
vt 0.382750 0.769149
vt 0.389402 0.769149
vt 0.376744 0.800471
vt 0.370092 0.800471
vt 0.370092 0.807124
vt 0.376744 0.807124
vt 0.364086 0.800471
vt 0.357433 0.800471
vt 0.357433 0.807124
vt 0.364086 0.807124
vt 0.376744 0.787813
vt 0.370092 0.787813
vt 0.370092 0.794465
vt 0.376744 0.794465
vt 0.364086 0.787813
vt 0.357433 0.787813
vt 0.357433 0.794465
vt 0.364086 0.794465
vt 0.402060 0.800471
vt 0.395408 0.800471
vt 0.395408 0.807124
vt 0.402060 0.807124
vt 0.389402 0.800471
vt 0.382750 0.800471
vt 0.382750 0.807124
vt 0.389402 0.807124
vt 0.402060 0.787813
vt 0.395408 0.787813
vt 0.395408 0.794465
vt 0.402060 0.794465
vt 0.389402 0.787813
vt 0.382750 0.787813
vt 0.382750 0.794465
vt 0.389402 0.794465
vt 0.326111 0.775155
vt 0.319459 0.775155
vt 0.319459 0.781807
vt 0.326111 0.781807
vt 0.313453 0.775155
vt 0.306800 0.775155
vt 0.306800 0.781807
vt 0.313453 0.781807
vt 0.326111 0.762497
vt 0.319459 0.762497
vt 0.319459 0.769149
vt 0.326111 0.769149
vt 0.313453 0.762497
vt 0.306800 0.762497
vt 0.306800 0.769149
vt 0.313453 0.769149
vt 0.351427 0.775155
vt 0.344775 0.775155
vt 0.344775 0.781807
vt 0.351427 0.781807
vt 0.338769 0.775155
vt 0.332117 0.775155
vt 0.332117 0.781807
vt 0.338769 0.781807
vt 0.351427 0.762497
vt 0.344775 0.762497
vt 0.344775 0.769149
vt 0.351427 0.769149
vt 0.338769 0.762497
vt 0.332117 0.762497
vt 0.332117 0.769149
vt 0.338769 0.769149
vt 0.326111 0.800471
vt 0.319459 0.800471
vt 0.319459 0.807124
vt 0.326111 0.807124
vt 0.313453 0.800471
vt 0.306800 0.800471
vt 0.306800 0.807124
vt 0.313453 0.807124
vt 0.326111 0.787813
vt 0.319459 0.787813
vt 0.319459 0.794465
vt 0.326111 0.794465
vt 0.313453 0.787813
vt 0.306800 0.787813
vt 0.306800 0.794465
vt 0.313453 0.794465
vt 0.351427 0.800471
vt 0.344775 0.800471
vt 0.344775 0.807124
vt 0.351427 0.807124
vt 0.338769 0.800471
vt 0.332117 0.800471
vt 0.332117 0.807124
vt 0.338769 0.807124
vt 0.351427 0.787813
vt 0.344775 0.787813
vt 0.344775 0.794465
vt 0.351427 0.794465
vt 0.338769 0.787813
vt 0.332117 0.787813
vt 0.332117 0.794465
vt 0.338769 0.794465
vt 0.174212 0.775155
vt 0.167560 0.775155
vt 0.167560 0.781807
vt 0.174212 0.781807
vt 0.161554 0.775155
vt 0.154902 0.775155
vt 0.154902 0.781807
vt 0.161554 0.781807
vt 0.174212 0.762497
vt 0.167560 0.762497
vt 0.167560 0.769149
vt 0.174212 0.769149
vt 0.161554 0.762497
vt 0.154902 0.762497
vt 0.154902 0.769149
vt 0.161554 0.769149
vt 0.199529 0.775155
vt 0.192876 0.775155
vt 0.192876 0.781807
vt 0.199529 0.781807
vt 0.186870 0.775155
vt 0.180218 0.775155
vt 0.180218 0.781807
vt 0.186870 0.781807
vt 0.199529 0.762497
vt 0.192876 0.762497
vt 0.192876 0.769149
vt 0.199529 0.769149
vt 0.807124 0.022313
vt 0.807124 0.003003
vt 0.800471 0.003003
vt 0.800471 0.022313
vt 0.186870 0.762497
vt 0.180218 0.762497
vt 0.180218 0.769149
vt 0.186870 0.769149
vt 0.794465 0.022313
vt 0.794465 0.003003
vt 0.787813 0.003003
vt 0.787813 0.022313
vt 0.174212 0.800471
vt 0.167560 0.800471
vt 0.167560 0.807124
vt 0.174212 0.807124
vt 0.161554 0.800471
vt 0.154902 0.800471
vt 0.154902 0.807124
vt 0.161554 0.807124
vt 0.174212 0.787813
vt 0.167560 0.787813
vt 0.167560 0.794465
vt 0.174212 0.794465
vt 0.161554 0.787813
vt 0.154902 0.787813
vt 0.154902 0.794465
vt 0.161554 0.794465
vt 0.199529 0.800471
vt 0.192876 0.800471
vt 0.192876 0.807124
vt 0.199529 0.807124
vt 0.781807 0.047630
vt 0.781807 0.028319
vt 0.775155 0.028319
vt 0.775155 0.047630
vt 0.769149 0.047630
vt 0.769149 0.028319
vt 0.762497 0.028319
vt 0.762497 0.047630
vt 0.807124 0.047630
vt 0.807124 0.028319
vt 0.800471 0.028319
vt 0.800471 0.047630
vt 0.794465 0.047630
vt 0.794465 0.028319
vt 0.787813 0.028319
vt 0.787813 0.047630
vt 0.186870 0.800471
vt 0.180218 0.800471
vt 0.180218 0.807124
vt 0.186870 0.807124
vt 0.199529 0.787813
vt 0.192876 0.787813
vt 0.192876 0.794465
vt 0.199529 0.794465
vt 0.186870 0.787813
vt 0.180218 0.787813
vt 0.180218 0.794465
vt 0.186870 0.794465
vt 0.123579 0.775155
vt 0.116927 0.775155
vt 0.116927 0.781807
vt 0.123579 0.781807
vt 0.110921 0.775155
vt 0.104269 0.775155
vt 0.104269 0.781807
vt 0.110921 0.781807
vt 0.123579 0.762497
vt 0.116927 0.762497
vt 0.116927 0.769149
vt 0.123579 0.769149
vt 0.110921 0.762497
vt 0.104269 0.762497
vt 0.104269 0.769149
vt 0.110921 0.769149
vt 0.148896 0.775155
vt 0.142244 0.775155
vt 0.142244 0.781807
vt 0.148896 0.781807
vt 0.136238 0.775155
vt 0.129585 0.775155
vt 0.129585 0.781807
vt 0.136238 0.781807
vt 0.148896 0.762497
vt 0.142244 0.762497
vt 0.142244 0.769149
vt 0.148896 0.769149
vt 0.136238 0.762497
vt 0.129585 0.762497
vt 0.129585 0.769149
vt 0.136238 0.769149
vt 0.123579 0.800471
vt 0.116927 0.800471
vt 0.116927 0.807124
vt 0.123579 0.807124
vt 0.110921 0.800471
vt 0.104269 0.800471
vt 0.104269 0.807124
vt 0.110921 0.807124
vt 0.123579 0.787813
vt 0.116927 0.787813
vt 0.116927 0.794465
vt 0.123579 0.794465
vt 0.110921 0.787813
vt 0.104269 0.787813
vt 0.104269 0.794465
vt 0.110921 0.794465
vt 0.148896 0.800471
vt 0.142244 0.800471
vt 0.142244 0.807124
vt 0.148896 0.807124
vt 0.781807 0.762497
vt 0.775155 0.762497
vt 0.775155 0.781807
vt 0.781807 0.781807
vt 0.769149 0.762497
vt 0.762497 0.762497
vt 0.762497 0.781807
vt 0.769149 0.781807
vt 0.807124 0.762497
vt 0.800471 0.762497
vt 0.800471 0.781807
vt 0.807124 0.781807
vt 0.794465 0.762497
vt 0.787813 0.762497
vt 0.787813 0.781807
vt 0.794465 0.781807
vt 0.136238 0.800471
vt 0.129585 0.800471
vt 0.129585 0.807124
vt 0.136238 0.807124
vt 0.148896 0.787813
vt 0.142244 0.787813
vt 0.142244 0.794465
vt 0.148896 0.794465
vt 0.136238 0.787813
vt 0.129585 0.787813
vt 0.129585 0.794465
vt 0.136238 0.794465
vt 0.174212 0.724522
vt 0.167560 0.724522
vt 0.167560 0.731174
vt 0.174212 0.731174
vt 0.781807 0.787813
vt 0.775155 0.787813
vt 0.775155 0.807124
vt 0.781807 0.807124
vt 0.769149 0.787813
vt 0.762497 0.787813
vt 0.762497 0.807124
vt 0.769149 0.807124
vt 0.807124 0.787813
vt 0.800471 0.787813
vt 0.800471 0.807124
vt 0.807124 0.807124
vt 0.794465 0.787813
vt 0.787813 0.787813
vt 0.787813 0.807124
vt 0.794465 0.807124
vt 0.161554 0.724522
vt 0.154902 0.724522
vt 0.154902 0.731174
vt 0.161554 0.731174
vt 0.174212 0.711864
vt 0.167560 0.711864
vt 0.167560 0.718516
vt 0.174212 0.718516
vt 0.161554 0.711864
vt 0.154902 0.711864
vt 0.154902 0.718516
vt 0.161554 0.718516
vt 0.199529 0.724522
vt 0.192876 0.724522
vt 0.192876 0.731174
vt 0.199529 0.731174
vt 0.186870 0.724522
vt 0.180218 0.724522
vt 0.180218 0.731174
vt 0.186870 0.731174
vt 0.199529 0.711864
vt 0.192876 0.711864
vt 0.192876 0.718516
vt 0.199529 0.718516
vt 0.186870 0.711864
vt 0.180218 0.711864
vt 0.180218 0.718516
vt 0.186870 0.718516
vt 0.174212 0.749838
vt 0.167560 0.749838
vt 0.167560 0.756491
vt 0.174212 0.756491
vt 0.161554 0.749838
vt 0.154902 0.749838
vt 0.154902 0.756491
vt 0.161554 0.756491
vt 0.174212 0.737180
vt 0.167560 0.737180
vt 0.167560 0.743832
vt 0.174212 0.743832
vt 0.161554 0.737180
vt 0.154902 0.737180
vt 0.154902 0.743832
vt 0.161554 0.743832
vt 0.199529 0.749838
vt 0.192876 0.749838
vt 0.192876 0.756491
vt 0.199529 0.756491
vt 0.186870 0.749838
vt 0.180218 0.749838
vt 0.180218 0.756491
vt 0.186870 0.756491
vt 0.199529 0.737180
vt 0.192876 0.737180
vt 0.192876 0.743832
vt 0.199529 0.743832
vt 0.186870 0.737180
vt 0.180218 0.737180
vt 0.180218 0.743832
vt 0.186870 0.743832
vt 0.123579 0.724522
vt 0.116927 0.724522
vt 0.116927 0.731174
vt 0.123579 0.731174
vt 0.110921 0.724522
vt 0.104269 0.724522
vt 0.104269 0.731174
vt 0.110921 0.731174
vt 0.123579 0.711864
vt 0.116927 0.711864
vt 0.116927 0.718516
vt 0.123579 0.718516
vt 0.110921 0.711864
vt 0.104269 0.711864
vt 0.104269 0.718516
vt 0.110921 0.718516
vt 0.148896 0.724522
vt 0.142244 0.724522
vt 0.142244 0.731174
vt 0.148896 0.731174
vt 0.731174 0.762497
vt 0.724522 0.762497
vt 0.724522 0.781807
vt 0.731174 0.781807
vt 0.718516 0.762497
vt 0.711864 0.762497
vt 0.711864 0.781807
vt 0.718516 0.781807
vt 0.756491 0.762497
vt 0.749838 0.762497
vt 0.749838 0.781807
vt 0.756491 0.781807
vt 0.743832 0.762497
vt 0.737180 0.762497
vt 0.737180 0.781807
vt 0.743832 0.781807
vt 0.136238 0.724522
vt 0.129585 0.724522
vt 0.129585 0.731174
vt 0.136238 0.731174
vt 0.148896 0.711864
vt 0.142244 0.711864
vt 0.142244 0.718516
vt 0.148896 0.718516
vt 0.136238 0.711864
vt 0.129585 0.711864
vt 0.129585 0.718516
vt 0.136238 0.718516
vt 0.123579 0.749838
vt 0.116927 0.749838
vt 0.116927 0.756491
vt 0.123579 0.756491
vt 0.110921 0.749838
vt 0.104269 0.749838
vt 0.104269 0.756491
vt 0.110921 0.756491
vt 0.123579 0.737180
vt 0.116927 0.737180
vt 0.116927 0.743832
vt 0.123579 0.743832
vt 0.110921 0.737180
vt 0.104269 0.737180
vt 0.104269 0.743832
vt 0.110921 0.743832
vt 0.148896 0.749838
vt 0.142244 0.749838
vt 0.142244 0.756491
vt 0.148896 0.756491
vt 0.136238 0.749838
vt 0.129585 0.749838
vt 0.129585 0.756491
vt 0.136238 0.756491
vt 0.148896 0.737180
vt 0.142244 0.737180
vt 0.142244 0.743832
vt 0.148896 0.743832
vt 0.136238 0.737180
vt 0.129585 0.737180
vt 0.129585 0.743832
vt 0.136238 0.743832
vt 0.072946 0.775155
vt 0.066294 0.775155
vt 0.066294 0.781807
vt 0.072946 0.781807
vt 0.060288 0.775155
vt 0.053636 0.775155
vt 0.053636 0.781807
vt 0.060288 0.781807
vt 0.072946 0.762497
vt 0.066294 0.762497
vt 0.066294 0.769149
vt 0.072946 0.769149
vt 0.060288 0.762497
vt 0.053636 0.762497
vt 0.053636 0.769149
vt 0.060288 0.769149
vt 0.098263 0.775155
vt 0.091611 0.775155
vt 0.091611 0.781807
vt 0.098263 0.781807
vt 0.085605 0.775155
vt 0.078952 0.775155
vt 0.078952 0.781807
vt 0.085605 0.781807
vt 0.098263 0.762497
vt 0.091611 0.762497
vt 0.091611 0.769149
vt 0.098263 0.769149
vt 0.085605 0.762497
vt 0.078952 0.762497
vt 0.078952 0.769149
vt 0.085605 0.769149
vt 0.072946 0.800471
vt 0.066294 0.800471
vt 0.066294 0.807124
vt 0.072946 0.807124
vt 0.060288 0.800471
vt 0.053636 0.800471
vt 0.053636 0.807124
vt 0.060288 0.807124
vt 0.072946 0.787813
vt 0.066294 0.787813
vt 0.066294 0.794465
vt 0.072946 0.794465
vt 0.060288 0.787813
vt 0.053636 0.787813
vt 0.053636 0.794465
vt 0.060288 0.794465
vt 0.098263 0.800471
vt 0.091611 0.800471
vt 0.091611 0.807124
vt 0.098263 0.807124
vt 0.085605 0.800471
vt 0.078952 0.800471
vt 0.078952 0.807124
vt 0.085605 0.807124
vt 0.098263 0.787813
vt 0.091611 0.787813
vt 0.091611 0.794465
vt 0.098263 0.794465
vt 0.085605 0.787813
vt 0.078952 0.787813
vt 0.078952 0.794465
vt 0.085605 0.794465
vt 0.022313 0.775155
vt 0.015661 0.775155
vt 0.015661 0.781807
vt 0.022313 0.781807
vt 0.009655 0.775155
vt 0.003003 0.775155
vt 0.003003 0.781807
vt 0.009655 0.781807
vt 0.022313 0.762497
vt 0.015661 0.762497
vt 0.015661 0.769149
vt 0.022313 0.769149
vt 0.009655 0.762497
vt 0.003003 0.762497
vt 0.003003 0.769149
vt 0.009655 0.769149
vt 0.047630 0.775155
vt 0.040978 0.775155
vt 0.040978 0.781807
vt 0.047630 0.781807
vt 0.034972 0.775155
vt 0.028319 0.775155
vt 0.028319 0.781807
vt 0.034972 0.781807
vt 0.047630 0.762497
vt 0.040978 0.762497
vt 0.040978 0.769149
vt 0.047630 0.769149
vt 0.034972 0.762497
vt 0.028319 0.762497
vt 0.028319 0.769149
vt 0.034972 0.769149
vt 0.022313 0.800471
vt 0.015661 0.800471
vt 0.015661 0.807124
vt 0.022313 0.807124
vt 0.009655 0.800471
vt 0.003003 0.800471
vt 0.003003 0.807124
vt 0.009655 0.807124
vt 0.022313 0.787813
vt 0.015661 0.787813
vt 0.015661 0.794465
vt 0.022313 0.794465
vt 0.009655 0.787813
vt 0.003003 0.787813
vt 0.003003 0.794465
vt 0.009655 0.794465
vt 0.047630 0.800471
vt 0.040978 0.800471
vt 0.040978 0.807124
vt 0.047630 0.807124
vt 0.731174 0.787813
vt 0.724522 0.787813
vt 0.724522 0.807124
vt 0.731174 0.807124
vt 0.034972 0.800471
vt 0.028319 0.800471
vt 0.028319 0.807124
vt 0.034972 0.807124
vt 0.718516 0.787813
vt 0.711864 0.787813
vt 0.711864 0.807124
vt 0.718516 0.807124
vt 0.047630 0.787813
vt 0.040978 0.787813
vt 0.040978 0.794465
vt 0.047630 0.794465
vt 0.034972 0.787813
vt 0.028319 0.787813
vt 0.028319 0.794465
vt 0.034972 0.794465
vt 0.072946 0.724522
vt 0.066294 0.724522
vt 0.066294 0.731174
vt 0.072946 0.731174
vt 0.060288 0.724522
vt 0.053636 0.724522
vt 0.053636 0.731174
vt 0.060288 0.731174
vt 0.072946 0.711864
vt 0.066294 0.711864
vt 0.066294 0.718516
vt 0.072946 0.718516
vt 0.756491 0.787813
vt 0.749838 0.787813
vt 0.749838 0.807124
vt 0.756491 0.807124
vt 0.743832 0.787813
vt 0.737180 0.787813
vt 0.737180 0.807124
vt 0.743832 0.807124
vt 0.781807 0.711864
vt 0.775155 0.711864
vt 0.775155 0.731174
vt 0.781807 0.731174
vt 0.769149 0.711864
vt 0.762497 0.711864
vt 0.762497 0.731174
vt 0.769149 0.731174
vt 0.060288 0.711864
vt 0.053636 0.711864
vt 0.053636 0.718516
vt 0.060288 0.718516
vt 0.098263 0.724522
vt 0.091611 0.724522
vt 0.091611 0.731174
vt 0.098263 0.731174
vt 0.085605 0.724522
vt 0.078952 0.724522
vt 0.078952 0.731174
vt 0.085605 0.731174
vt 0.098263 0.711864
vt 0.091611 0.711864
vt 0.091611 0.718516
vt 0.098263 0.718516
vt 0.085605 0.711864
vt 0.078952 0.711864
vt 0.078952 0.718516
vt 0.085605 0.718516
vt 0.072946 0.749838
vt 0.066294 0.749838
vt 0.066294 0.756491
vt 0.072946 0.756491
vt 0.060288 0.749838
vt 0.053636 0.749838
vt 0.053636 0.756491
vt 0.060288 0.756491
vt 0.072946 0.737180
vt 0.066294 0.737180
vt 0.066294 0.743832
vt 0.072946 0.743832
vt 0.060288 0.737180
vt 0.053636 0.737180
vt 0.053636 0.743832
vt 0.060288 0.743832
vt 0.098263 0.749838
vt 0.091611 0.749838
vt 0.091611 0.756491
vt 0.098263 0.756491
vt 0.085605 0.749838
vt 0.078952 0.749838
vt 0.078952 0.756491
vt 0.085605 0.756491
vt 0.098263 0.737180
vt 0.091611 0.737180
vt 0.091611 0.743832
vt 0.098263 0.743832
vt 0.807124 0.731174
vt 0.807124 0.711864
vt 0.800471 0.711864
vt 0.800471 0.731174
vt 0.794465 0.731174
vt 0.794465 0.711864
vt 0.787813 0.711864
vt 0.787813 0.731174
vt 0.781807 0.737180
vt 0.775155 0.737180
vt 0.775155 0.756491
vt 0.781807 0.756491
vt 0.769149 0.737180
vt 0.762497 0.737180
vt 0.762497 0.756491
vt 0.769149 0.756491
vt 0.807124 0.737180
vt 0.800471 0.737180
vt 0.800471 0.756491
vt 0.807124 0.756491
vt 0.794465 0.737180
vt 0.787813 0.737180
vt 0.787813 0.756491
vt 0.794465 0.756491
vt 0.731174 0.731174
vt 0.731174 0.711864
vt 0.724522 0.711864
vt 0.724522 0.731174
vt 0.718516 0.731174
vt 0.718516 0.711864
vt 0.711864 0.711864
vt 0.711864 0.731174
vt 0.756491 0.731174
vt 0.756491 0.711864
vt 0.749838 0.711864
vt 0.749838 0.731174
vt 0.743832 0.711864
vt 0.737180 0.711864
vt 0.737180 0.731174
vt 0.743832 0.731174
vt 0.731174 0.737180
vt 0.724522 0.737180
vt 0.724522 0.756491
vt 0.731174 0.756491
vt 0.718516 0.756491
vt 0.718516 0.737180
vt 0.711864 0.737180
vt 0.711864 0.756491
vt 0.756491 0.737180
vt 0.749838 0.737180
vt 0.749838 0.756491
vt 0.756491 0.756491
vt 0.743832 0.737180
vt 0.737180 0.737180
vt 0.737180 0.756491
vt 0.743832 0.756491
vt 0.781807 0.579275
vt 0.781807 0.559965
vt 0.775155 0.559965
vt 0.775155 0.579275
vt 0.769149 0.579275
vt 0.769149 0.559965
vt 0.762497 0.559965
vt 0.762497 0.579275
vt 0.807124 0.579275
vt 0.807124 0.559965
vt 0.800471 0.559965
vt 0.800471 0.579275
vt 0.794465 0.579275
vt 0.794465 0.559965
vt 0.787813 0.559965
vt 0.787813 0.579275
vt 0.781807 0.585281
vt 0.775155 0.585281
vt 0.775155 0.604592
vt 0.781807 0.604592
vt 0.769149 0.585281
vt 0.762497 0.585281
vt 0.762497 0.604592
vt 0.769149 0.604592
vt 0.807124 0.585281
vt 0.800471 0.585281
vt 0.800471 0.604592
vt 0.807124 0.604592
vt 0.794465 0.604592
vt 0.794465 0.585281
vt 0.787813 0.585281
vt 0.787813 0.604592
vt 0.731174 0.579275
vt 0.731174 0.559965
vt 0.724522 0.559965
vt 0.724522 0.579275
vt 0.718516 0.559965
vt 0.711864 0.559965
vt 0.711864 0.579275
vt 0.718516 0.579275
vt 0.813130 0.959022
vt 0.908389 0.959022
vt 0.908389 0.952370
vt 0.813130 0.952370
vt 0.971681 0.199529
vt 0.971681 0.104269
vt 0.965028 0.104269
vt 0.965028 0.199529
vt 0.705858 0.959022
vt 0.705858 0.952370
vt 0.610598 0.952370
vt 0.610598 0.959022
vt 0.971681 0.003003
vt 0.965028 0.003003
vt 0.965028 0.098263
vt 0.971681 0.098263
vt 0.300794 0.946364
vt 0.300794 0.939712
vt 0.205535 0.939712
vt 0.205535 0.946364
vt 0.946364 0.711864
vt 0.939712 0.711864
vt 0.939712 0.807124
vt 0.946364 0.807124
vt 0.003003 0.971681
vt 0.098263 0.971681
vt 0.098263 0.965028
vt 0.003003 0.965028
vt 0.971681 0.908389
vt 0.971681 0.813130
vt 0.965028 0.813130
vt 0.965028 0.908389
vt 0.085605 0.737180
vt 0.078952 0.737180
vt 0.078952 0.743832
vt 0.085605 0.743832
vt 0.022313 0.724522
vt 0.015661 0.724522
vt 0.015661 0.731174
vt 0.022313 0.731174
vt 0.009655 0.724522
vt 0.003003 0.724522
vt 0.003003 0.731174
vt 0.009655 0.731174
vt 0.022313 0.711864
vt 0.015661 0.711864
vt 0.015661 0.718516
vt 0.022313 0.718516
vt 0.756491 0.579275
vt 0.756491 0.559965
vt 0.749838 0.559965
vt 0.749838 0.579275
vt 0.743832 0.579275
vt 0.743832 0.559965
vt 0.737180 0.559965
vt 0.737180 0.579275
vt 0.731174 0.604592
vt 0.731174 0.585281
vt 0.724522 0.585281
vt 0.724522 0.604592
vt 0.718516 0.604592
vt 0.718516 0.585281
vt 0.711864 0.585281
vt 0.711864 0.604592
vt 0.009655 0.711864
vt 0.003003 0.711864
vt 0.003003 0.718516
vt 0.009655 0.718516
vt 0.047630 0.724522
vt 0.040978 0.724522
vt 0.040978 0.731174
vt 0.047630 0.731174
vt 0.034972 0.724522
vt 0.028319 0.724522
vt 0.028319 0.731174
vt 0.034972 0.731174
vt 0.047630 0.711864
vt 0.040978 0.711864
vt 0.040978 0.718516
vt 0.047630 0.718516
vt 0.756491 0.604592
vt 0.756491 0.585281
vt 0.749838 0.585281
vt 0.749838 0.604592
vt 0.743832 0.604592
vt 0.743832 0.585281
vt 0.737180 0.585281
vt 0.737180 0.604592
vt 0.781807 0.528643
vt 0.781807 0.509332
vt 0.775155 0.509332
vt 0.775155 0.528643
vt 0.769149 0.528643
vt 0.769149 0.509332
vt 0.762497 0.509332
vt 0.762497 0.528643
vt 0.034972 0.711864
vt 0.028319 0.711864
vt 0.028319 0.718516
vt 0.034972 0.718516
vt 0.022313 0.749838
vt 0.015661 0.749838
vt 0.015661 0.756491
vt 0.022313 0.756491
vt 0.009655 0.749838
vt 0.003003 0.749838
vt 0.003003 0.756491
vt 0.009655 0.756491
vt 0.022313 0.737180
vt 0.015661 0.737180
vt 0.015661 0.743832
vt 0.022313 0.743832
vt 0.009655 0.737180
vt 0.003003 0.737180
vt 0.003003 0.743832
vt 0.009655 0.743832
vt 0.047630 0.749838
vt 0.040978 0.749838
vt 0.040978 0.756491
vt 0.047630 0.756491
vt 0.034972 0.749838
vt 0.028319 0.749838
vt 0.028319 0.756491
vt 0.034972 0.756491
vt 0.047630 0.737180
vt 0.040978 0.737180
vt 0.040978 0.743832
vt 0.047630 0.743832
vt 0.034972 0.737180
vt 0.028319 0.737180
vt 0.028319 0.743832
vt 0.034972 0.743832
vt 0.376744 0.724522
vt 0.370092 0.724522
vt 0.370092 0.731174
vt 0.376744 0.731174
vt 0.364086 0.724522
vt 0.357433 0.724522
vt 0.357433 0.731174
vt 0.364086 0.731174
vt 0.376744 0.711864
vt 0.370092 0.711864
vt 0.370092 0.718516
vt 0.376744 0.718516
vt 0.364086 0.711864
vt 0.357433 0.711864
vt 0.357433 0.718516
vt 0.364086 0.718516
vt 0.402060 0.724522
vt 0.395408 0.724522
vt 0.395408 0.731174
vt 0.402060 0.731174
vt 0.389402 0.724522
vt 0.382750 0.724522
vt 0.382750 0.731174
vt 0.389402 0.731174
vt 0.402060 0.711864
vt 0.395408 0.711864
vt 0.395408 0.718516
vt 0.402060 0.718516
vt 0.389402 0.711864
vt 0.382750 0.711864
vt 0.382750 0.718516
vt 0.389402 0.718516
vt 0.376744 0.749838
vt 0.370092 0.749838
vt 0.370092 0.756491
vt 0.376744 0.756491
vt 0.364086 0.749838
vt 0.357433 0.749838
vt 0.357433 0.756491
vt 0.364086 0.756491
vt 0.376744 0.737180
vt 0.370092 0.737180
vt 0.370092 0.743832
vt 0.376744 0.743832
vt 0.807124 0.528643
vt 0.807124 0.509332
vt 0.800471 0.509332
vt 0.800471 0.528643
vt 0.794465 0.528643
vt 0.794465 0.509332
vt 0.787813 0.509332
vt 0.787813 0.528643
vt 0.781807 0.553959
vt 0.781807 0.534649
vt 0.775155 0.534649
vt 0.775155 0.553959
vt 0.769149 0.553959
vt 0.769149 0.534649
vt 0.762497 0.534649
vt 0.762497 0.553959
vt 0.364086 0.737180
vt 0.357433 0.737180
vt 0.357433 0.743832
vt 0.364086 0.743832
vt 0.402060 0.749838
vt 0.395408 0.749838
vt 0.395408 0.756491
vt 0.402060 0.756491
vt 0.389402 0.749838
vt 0.382750 0.749838
vt 0.382750 0.756491
vt 0.389402 0.756491
vt 0.402060 0.737180
vt 0.395408 0.737180
vt 0.395408 0.743832
vt 0.402060 0.743832
vt 0.389402 0.737180
vt 0.382750 0.737180
vt 0.382750 0.743832
vt 0.389402 0.743832
vt 0.326111 0.724522
vt 0.319459 0.724522
vt 0.319459 0.731174
vt 0.326111 0.731174
vt 0.313453 0.724522
vt 0.306800 0.724522
vt 0.306800 0.731174
vt 0.313453 0.731174
vt 0.326111 0.711864
vt 0.319459 0.711864
vt 0.319459 0.718516
vt 0.326111 0.718516
vt 0.313453 0.711864
vt 0.306800 0.711864
vt 0.306800 0.718516
vt 0.313453 0.718516
vt 0.351427 0.724522
vt 0.344775 0.724522
vt 0.344775 0.731174
vt 0.351427 0.731174
vt 0.338769 0.724522
vt 0.332117 0.724522
vt 0.332117 0.731174
vt 0.338769 0.731174
vt 0.351427 0.711864
vt 0.344775 0.711864
vt 0.344775 0.718516
vt 0.351427 0.718516
vt 0.338769 0.711864
vt 0.332117 0.711864
vt 0.332117 0.718516
vt 0.338769 0.718516
vt 0.326111 0.749838
vt 0.319459 0.749838
vt 0.319459 0.756491
vt 0.326111 0.756491
vt 0.313453 0.749838
vt 0.306800 0.749838
vt 0.306800 0.756491
vt 0.313453 0.756491
vt 0.326111 0.737180
vt 0.319459 0.737180
vt 0.319459 0.743832
vt 0.326111 0.743832
vt 0.313453 0.737180
vt 0.306800 0.737180
vt 0.306800 0.743832
vt 0.313453 0.743832
vt 0.351427 0.749838
vt 0.344775 0.749838
vt 0.344775 0.756491
vt 0.351427 0.756491
vt 0.338769 0.749838
vt 0.332117 0.749838
vt 0.332117 0.756491
vt 0.338769 0.756491
vt 0.351427 0.737180
vt 0.344775 0.737180
vt 0.344775 0.743832
vt 0.351427 0.743832
vt 0.338769 0.737180
vt 0.332117 0.737180
vt 0.332117 0.743832
vt 0.338769 0.743832
vt 0.376744 0.673889
vt 0.370092 0.673889
vt 0.370092 0.680541
vt 0.376744 0.680541
vt 0.364086 0.673889
vt 0.357433 0.673889
vt 0.357433 0.680541
vt 0.364086 0.680541
vt 0.376744 0.661231
vt 0.370092 0.661231
vt 0.370092 0.667883
vt 0.376744 0.667883
vt 0.364086 0.661231
vt 0.357433 0.661231
vt 0.357433 0.667883
vt 0.364086 0.667883
vt 0.402060 0.673889
vt 0.395408 0.673889
vt 0.395408 0.680541
vt 0.402060 0.680541
vt 0.389402 0.673889
vt 0.382750 0.673889
vt 0.382750 0.680541
vt 0.389402 0.680541
vt 0.402060 0.661231
vt 0.395408 0.661231
vt 0.395408 0.667883
vt 0.402060 0.667883
vt 0.389402 0.661231
vt 0.382750 0.661231
vt 0.382750 0.667883
vt 0.389402 0.667883
vt 0.376744 0.699206
vt 0.370092 0.699206
vt 0.370092 0.705858
vt 0.376744 0.705858
vt 0.364086 0.699206
vt 0.357433 0.699206
vt 0.357433 0.705858
vt 0.364086 0.705858
vt 0.376744 0.686547
vt 0.370092 0.686547
vt 0.370092 0.693200
vt 0.376744 0.693200
vt 0.364086 0.686547
vt 0.357433 0.686547
vt 0.357433 0.693200
vt 0.364086 0.693200
vt 0.402060 0.699206
vt 0.395408 0.699206
vt 0.395408 0.705858
vt 0.402060 0.705858
vt 0.389402 0.699206
vt 0.382750 0.699206
vt 0.382750 0.705858
vt 0.389402 0.705858
vt 0.402060 0.686547
vt 0.395408 0.686547
vt 0.395408 0.693200
vt 0.402060 0.693200
vt 0.389402 0.686547
vt 0.382750 0.686547
vt 0.382750 0.693200
vt 0.389402 0.693200
vt 0.326111 0.673889
vt 0.319459 0.673889
vt 0.319459 0.680541
vt 0.326111 0.680541
vt 0.313453 0.673889
vt 0.306800 0.673889
vt 0.306800 0.680541
vt 0.313453 0.680541
vt 0.326111 0.661231
vt 0.319459 0.661231
vt 0.319459 0.667883
vt 0.326111 0.667883
vt 0.807124 0.553959
vt 0.807124 0.534649
vt 0.800471 0.534649
vt 0.800471 0.553959
vt 0.313453 0.661231
vt 0.306800 0.661231
vt 0.306800 0.667883
vt 0.313453 0.667883
vt 0.794465 0.553959
vt 0.794465 0.534649
vt 0.787813 0.534649
vt 0.787813 0.553959
vt 0.351427 0.673889
vt 0.344775 0.673889
vt 0.344775 0.680541
vt 0.351427 0.680541
vt 0.338769 0.673889
vt 0.332117 0.673889
vt 0.332117 0.680541
vt 0.338769 0.680541
vt 0.351427 0.661231
vt 0.344775 0.661231
vt 0.344775 0.667883
vt 0.351427 0.667883
vt 0.338769 0.661231
vt 0.332117 0.661231
vt 0.332117 0.667883
vt 0.338769 0.667883
vt 0.326111 0.699206
vt 0.319459 0.699206
vt 0.319459 0.705858
vt 0.326111 0.705858
vt 0.731174 0.528643
vt 0.731174 0.509332
vt 0.724522 0.509332
vt 0.724522 0.528643
vt 0.718516 0.528643
vt 0.718516 0.509332
vt 0.711864 0.509332
vt 0.711864 0.528643
vt 0.756491 0.528643
vt 0.756491 0.509332
vt 0.749838 0.509332
vt 0.749838 0.528643
vt 0.743832 0.528643
vt 0.743832 0.509332
vt 0.737180 0.509332
vt 0.737180 0.528643
vt 0.313453 0.699206
vt 0.306800 0.699206
vt 0.306800 0.705858
vt 0.313453 0.705858
vt 0.326111 0.686547
vt 0.319459 0.686547
vt 0.319459 0.693200
vt 0.326111 0.693200
vt 0.313453 0.686547
vt 0.306800 0.686547
vt 0.306800 0.693200
vt 0.313453 0.693200
vt 0.351427 0.699206
vt 0.344775 0.699206
vt 0.344775 0.705858
vt 0.351427 0.705858
vt 0.338769 0.699206
vt 0.332117 0.699206
vt 0.332117 0.705858
vt 0.338769 0.705858
vt 0.351427 0.686547
vt 0.344775 0.686547
vt 0.344775 0.693200
vt 0.351427 0.693200
vt 0.338769 0.686547
vt 0.332117 0.686547
vt 0.332117 0.693200
vt 0.338769 0.693200
vt 0.478010 0.775155
vt 0.471357 0.775155
vt 0.471357 0.781807
vt 0.478010 0.781807
vt 0.465351 0.775155
vt 0.458699 0.775155
vt 0.458699 0.781807
vt 0.465351 0.781807
vt 0.478010 0.762497
vt 0.471357 0.762497
vt 0.471357 0.769149
vt 0.478010 0.769149
vt 0.465351 0.762497
vt 0.458699 0.762497
vt 0.458699 0.769149
vt 0.465351 0.769149
vt 0.503326 0.775155
vt 0.496674 0.775155
vt 0.496674 0.781807
vt 0.503326 0.781807
vt 0.490668 0.775155
vt 0.484016 0.775155
vt 0.484016 0.781807
vt 0.490668 0.781807
vt 0.503326 0.762497
vt 0.496674 0.762497
vt 0.496674 0.769149
vt 0.503326 0.769149
vt 0.490668 0.762497
vt 0.484016 0.762497
vt 0.484016 0.769149
vt 0.490668 0.769149
vt 0.478010 0.800471
vt 0.471357 0.800471
vt 0.471357 0.807124
vt 0.478010 0.807124
vt 0.731174 0.534649
vt 0.724522 0.534649
vt 0.724522 0.553959
vt 0.731174 0.553959
vt 0.718516 0.534649
vt 0.711864 0.534649
vt 0.711864 0.553959
vt 0.718516 0.553959
vt 0.756491 0.534649
vt 0.749838 0.534649
vt 0.749838 0.553959
vt 0.756491 0.553959
vt 0.743832 0.534649
vt 0.737180 0.534649
vt 0.737180 0.553959
vt 0.743832 0.553959
vt 0.465351 0.800471
vt 0.458699 0.800471
vt 0.458699 0.807124
vt 0.465351 0.807124
vt 0.478010 0.787813
vt 0.471357 0.787813
vt 0.471357 0.794465
vt 0.478010 0.794465
vt 0.465351 0.787813
vt 0.458699 0.787813
vt 0.458699 0.794465
vt 0.465351 0.794465
vt 0.503326 0.800471
vt 0.496674 0.800471
vt 0.496674 0.807124
vt 0.503326 0.807124
vt 0.275478 0.711864
vt 0.268826 0.711864
vt 0.268826 0.731174
vt 0.275478 0.731174
vt 0.262820 0.711864
vt 0.256168 0.711864
vt 0.256168 0.731174
vt 0.262820 0.731174
vt 0.300794 0.711864
vt 0.294142 0.711864
vt 0.294142 0.731174
vt 0.300794 0.731174
vt 0.288136 0.711864
vt 0.281484 0.711864
vt 0.281484 0.731174
vt 0.288136 0.731174
vt 0.490668 0.800471
vt 0.484016 0.800471
vt 0.484016 0.807124
vt 0.490668 0.807124
vt 0.503326 0.787813
vt 0.496674 0.787813
vt 0.496674 0.794465
vt 0.503326 0.794465
vt 0.490668 0.787813
vt 0.484016 0.787813
vt 0.484016 0.794465
vt 0.490668 0.794465
vt 0.427377 0.775155
vt 0.420725 0.775155
vt 0.420725 0.781807
vt 0.427377 0.781807
vt 0.414719 0.775155
vt 0.408066 0.775155
vt 0.408066 0.781807
vt 0.414719 0.781807
vt 0.427377 0.762497
vt 0.420725 0.762497
vt 0.420725 0.769149
vt 0.427377 0.769149
vt 0.414719 0.762497
vt 0.408066 0.762497
vt 0.408066 0.769149
vt 0.414719 0.769149
vt 0.452693 0.775155
vt 0.446041 0.775155
vt 0.446041 0.781807
vt 0.452693 0.781807
vt 0.440035 0.775155
vt 0.433383 0.775155
vt 0.433383 0.781807
vt 0.440035 0.781807
vt 0.452693 0.762497
vt 0.446041 0.762497
vt 0.446041 0.769149
vt 0.452693 0.769149
vt 0.440035 0.762497
vt 0.433383 0.762497
vt 0.433383 0.769149
vt 0.440035 0.769149
vt 0.427377 0.800471
vt 0.420725 0.800471
vt 0.420725 0.807124
vt 0.427377 0.807124
vt 0.414719 0.800471
vt 0.408066 0.800471
vt 0.408066 0.807124
vt 0.414719 0.807124
vt 0.427377 0.787813
vt 0.420725 0.787813
vt 0.420725 0.794465
vt 0.427377 0.794465
vt 0.414719 0.787813
vt 0.408066 0.787813
vt 0.408066 0.794465
vt 0.414719 0.794465
vt 0.452693 0.800471
vt 0.446041 0.800471
vt 0.446041 0.807124
vt 0.452693 0.807124
vt 0.440035 0.800471
vt 0.433383 0.800471
vt 0.433383 0.807124
vt 0.440035 0.807124
vt 0.452693 0.787813
vt 0.446041 0.787813
vt 0.446041 0.794465
vt 0.452693 0.794465
vt 0.440035 0.787813
vt 0.433383 0.787813
vt 0.433383 0.794465
vt 0.440035 0.794465
vt 0.478010 0.724522
vt 0.471357 0.724522
vt 0.471357 0.731174
vt 0.478010 0.731174
vt 0.275478 0.737180
vt 0.268826 0.737180
vt 0.268826 0.756491
vt 0.275478 0.756491
vt 0.262820 0.737180
vt 0.256168 0.737180
vt 0.256168 0.756491
vt 0.262820 0.756491
vt 0.300794 0.737180
vt 0.294142 0.737180
vt 0.294142 0.756491
vt 0.300794 0.756491
vt 0.288136 0.737180
vt 0.281484 0.737180
vt 0.281484 0.756491
vt 0.288136 0.756491
vt 0.465351 0.724522
vt 0.458699 0.724522
vt 0.458699 0.731174
vt 0.465351 0.731174
vt 0.478010 0.711864
vt 0.471357 0.711864
vt 0.471357 0.718516
vt 0.478010 0.718516
vt 0.465351 0.711864
vt 0.458699 0.711864
vt 0.458699 0.718516
vt 0.465351 0.718516
vt 0.503326 0.724522
vt 0.496674 0.724522
vt 0.496674 0.731174
vt 0.503326 0.731174
vt 0.490668 0.724522
vt 0.484016 0.724522
vt 0.484016 0.731174
vt 0.490668 0.731174
vt 0.503326 0.711864
vt 0.496674 0.711864
vt 0.496674 0.718516
vt 0.503326 0.718516
vt 0.490668 0.711864
vt 0.484016 0.711864
vt 0.484016 0.718516
vt 0.490668 0.718516
vt 0.478010 0.749838
vt 0.471357 0.749838
vt 0.471357 0.756491
vt 0.478010 0.756491
vt 0.465351 0.749838
vt 0.458699 0.749838
vt 0.458699 0.756491
vt 0.465351 0.756491
vt 0.478010 0.737180
vt 0.471357 0.737180
vt 0.471357 0.743832
vt 0.478010 0.743832
vt 0.465351 0.737180
vt 0.458699 0.737180
vt 0.458699 0.743832
vt 0.465351 0.743832
vt 0.503326 0.749838
vt 0.496674 0.749838
vt 0.496674 0.756491
vt 0.503326 0.756491
vt 0.490668 0.749838
vt 0.484016 0.749838
vt 0.484016 0.756491
vt 0.490668 0.756491
vt 0.503326 0.737180
vt 0.496674 0.737180
vt 0.496674 0.743832
vt 0.503326 0.743832
vt 0.490668 0.737180
vt 0.484016 0.737180
vt 0.484016 0.743832
vt 0.490668 0.743832
vt 0.427377 0.724522
vt 0.420725 0.724522
vt 0.420725 0.731174
vt 0.427377 0.731174
vt 0.414719 0.724522
vt 0.408066 0.724522
vt 0.408066 0.731174
vt 0.414719 0.731174
vt 0.427377 0.711864
vt 0.420725 0.711864
vt 0.420725 0.718516
vt 0.427377 0.718516
vt 0.414719 0.711864
vt 0.408066 0.711864
vt 0.408066 0.718516
vt 0.414719 0.718516
vt 0.452693 0.724522
vt 0.446041 0.724522
vt 0.446041 0.731174
vt 0.452693 0.731174
vt 0.440035 0.724522
vt 0.433383 0.724522
vt 0.433383 0.731174
vt 0.440035 0.731174
vt 0.452693 0.711864
vt 0.446041 0.711864
vt 0.446041 0.718516
vt 0.452693 0.718516
vt 0.440035 0.711864
vt 0.433383 0.711864
vt 0.433383 0.718516
vt 0.440035 0.718516
vt 0.427377 0.749838
vt 0.420725 0.749838
vt 0.420725 0.756491
vt 0.427377 0.756491
vt 0.414719 0.749838
vt 0.408066 0.749838
vt 0.408066 0.756491
vt 0.414719 0.756491
vt 0.427377 0.737180
vt 0.420725 0.737180
vt 0.420725 0.743832
vt 0.427377 0.743832
vt 0.414719 0.737180
vt 0.408066 0.737180
vt 0.408066 0.743832
vt 0.414719 0.743832
vt 0.452693 0.749838
vt 0.446041 0.749838
vt 0.446041 0.756491
vt 0.452693 0.756491
vt 0.440035 0.749838
vt 0.433383 0.749838
vt 0.433383 0.756491
vt 0.440035 0.756491
vt 0.452693 0.737180
vt 0.446041 0.737180
vt 0.446041 0.743832
vt 0.452693 0.743832
vt 0.440035 0.737180
vt 0.433383 0.737180
vt 0.433383 0.743832
vt 0.440035 0.743832
vt 0.174212 0.876421
vt 0.167560 0.876421
vt 0.167560 0.883073
vt 0.174212 0.883073
vt 0.161554 0.876421
vt 0.154902 0.876421
vt 0.154902 0.883073
vt 0.161554 0.883073
vt 0.174212 0.863762
vt 0.167560 0.863762
vt 0.167560 0.870415
vt 0.174212 0.870415
vt 0.161554 0.863762
vt 0.154902 0.863762
vt 0.154902 0.870415
vt 0.161554 0.870415
vt 0.199529 0.876421
vt 0.192876 0.876421
vt 0.192876 0.883073
vt 0.199529 0.883073
vt 0.186870 0.876421
vt 0.180218 0.876421
vt 0.180218 0.883073
vt 0.186870 0.883073
vt 0.199529 0.863762
vt 0.192876 0.863762
vt 0.192876 0.870415
vt 0.199529 0.870415
vt 0.186870 0.863762
vt 0.180218 0.863762
vt 0.180218 0.870415
vt 0.186870 0.870415
vt 0.174212 0.901737
vt 0.167560 0.901737
vt 0.167560 0.908389
vt 0.174212 0.908389
vt 0.224845 0.711864
vt 0.218193 0.711864
vt 0.218193 0.731174
vt 0.224845 0.731174
vt 0.161554 0.901737
vt 0.154902 0.901737
vt 0.154902 0.908389
vt 0.161554 0.908389
vt 0.212187 0.711864
vt 0.205535 0.711864
vt 0.205535 0.731174
vt 0.212187 0.731174
vt 0.174212 0.889079
vt 0.167560 0.889079
vt 0.167560 0.895731
vt 0.174212 0.895731
vt 0.161554 0.889079
vt 0.154902 0.889079
vt 0.154902 0.895731
vt 0.161554 0.895731
vt 0.199529 0.901737
vt 0.192876 0.901737
vt 0.192876 0.908389
vt 0.199529 0.908389
vt 0.186870 0.901737
vt 0.180218 0.901737
vt 0.180218 0.908389
vt 0.186870 0.908389
vt 0.199529 0.889079
vt 0.192876 0.889079
vt 0.192876 0.895731
vt 0.199529 0.895731
vt 0.250162 0.711864
vt 0.243509 0.711864
vt 0.243509 0.731174
vt 0.250162 0.731174
vt 0.237503 0.711864
vt 0.230851 0.711864
vt 0.230851 0.731174
vt 0.237503 0.731174
vt 0.224845 0.737180
vt 0.218193 0.737180
vt 0.218193 0.756491
vt 0.224845 0.756491
vt 0.212187 0.737180
vt 0.205535 0.737180
vt 0.205535 0.756491
vt 0.212187 0.756491
vt 0.186870 0.889079
vt 0.180218 0.889079
vt 0.180218 0.895731
vt 0.186870 0.895731
vt 0.123579 0.876421
vt 0.116927 0.876421
vt 0.116927 0.883073
vt 0.123579 0.883073
vt 0.110921 0.876421
vt 0.104269 0.876421
vt 0.104269 0.883073
vt 0.110921 0.883073
vt 0.123579 0.863762
vt 0.116927 0.863762
vt 0.116927 0.870415
vt 0.123579 0.870415
vt 0.110921 0.863762
vt 0.104269 0.863762
vt 0.104269 0.870415
vt 0.110921 0.870415
vt 0.148896 0.876421
vt 0.142244 0.876421
vt 0.142244 0.883073
vt 0.148896 0.883073
vt 0.136238 0.876421
vt 0.129585 0.876421
vt 0.129585 0.883073
vt 0.136238 0.883073
vt 0.148896 0.863762
vt 0.142244 0.863762
vt 0.142244 0.870415
vt 0.148896 0.870415
vt 0.136238 0.863762
vt 0.129585 0.863762
vt 0.129585 0.870415
vt 0.136238 0.870415
vt 0.123579 0.901737
vt 0.116927 0.901737
vt 0.116927 0.908389
vt 0.123579 0.908389
vt 0.110921 0.901737
vt 0.104269 0.901737
vt 0.104269 0.908389
vt 0.110921 0.908389
vt 0.123579 0.889079
vt 0.116927 0.889079
vt 0.116927 0.895731
vt 0.123579 0.895731
vt 0.250162 0.756491
vt 0.250162 0.737180
vt 0.243509 0.737180
vt 0.243509 0.756491
vt 0.237503 0.756491
vt 0.237503 0.737180
vt 0.230851 0.737180
vt 0.230851 0.756491
vt 0.275478 0.661231
vt 0.268826 0.661231
vt 0.268826 0.680541
vt 0.275478 0.680541
vt 0.262820 0.661231
vt 0.256168 0.661231
vt 0.256168 0.680541
vt 0.262820 0.680541
vt 0.300794 0.661231
vt 0.294142 0.661231
vt 0.294142 0.680541
vt 0.300794 0.680541
vt 0.288136 0.661231
vt 0.281484 0.661231
vt 0.281484 0.680541
vt 0.288136 0.680541
vt 0.275478 0.705858
vt 0.275478 0.686547
vt 0.268826 0.686547
vt 0.268826 0.705858
vt 0.262820 0.705858
vt 0.262820 0.686547
vt 0.256168 0.686547
vt 0.256168 0.705858
vt 0.300794 0.705858
vt 0.300794 0.686547
vt 0.294142 0.686547
vt 0.294142 0.705858
vt 0.288136 0.686547
vt 0.281484 0.686547
vt 0.281484 0.705858
vt 0.288136 0.705858
vt 0.224845 0.661231
vt 0.218193 0.661231
vt 0.218193 0.680541
vt 0.224845 0.680541
vt 0.212187 0.680541
vt 0.212187 0.661231
vt 0.205535 0.661231
vt 0.205535 0.680541
vt 0.250162 0.661231
vt 0.243509 0.661231
vt 0.243509 0.680541
vt 0.250162 0.680541
vt 0.237503 0.661231
vt 0.230851 0.661231
vt 0.230851 0.680541
vt 0.237503 0.680541
vt 0.224845 0.705858
vt 0.224845 0.686547
vt 0.218193 0.686547
vt 0.218193 0.705858
vt 0.212187 0.705858
vt 0.212187 0.686547
vt 0.205535 0.686547
vt 0.205535 0.705858
vt 0.250162 0.705858
vt 0.250162 0.686547
vt 0.243509 0.686547
vt 0.243509 0.705858
vt 0.237503 0.705858
vt 0.237503 0.686547
vt 0.230851 0.686547
vt 0.230851 0.705858
vt 0.680541 0.661231
vt 0.673889 0.661231
vt 0.673889 0.680541
vt 0.680541 0.680541
vt 0.667883 0.661231
vt 0.661231 0.661231
vt 0.661231 0.680541
vt 0.667883 0.680541
vt 0.705858 0.661231
vt 0.699206 0.661231
vt 0.699206 0.680541
vt 0.705858 0.680541
vt 0.693200 0.680541
vt 0.693200 0.661231
vt 0.686547 0.661231
vt 0.686547 0.680541
vt 0.680541 0.705858
vt 0.680541 0.686547
vt 0.673889 0.686547
vt 0.673889 0.705858
vt 0.667883 0.686547
vt 0.661231 0.686547
vt 0.661231 0.705858
vt 0.667883 0.705858
vt 0.199529 0.604592
vt 0.199529 0.509332
vt 0.003003 0.509332
vt 0.003003 0.604592
vt 0.933706 0.205535
vt 0.914395 0.205535
vt 0.914395 0.402060
vt 0.933706 0.402060
vt 0.300794 0.933706
vt 0.300794 0.914395
vt 0.104269 0.914395
vt 0.104269 0.933706
vt 0.914395 0.604592
vt 0.914395 0.448025
vt 0.914997 0.408066
vt 0.933104 0.408066
vt 0.933706 0.448025
vt 0.933706 0.604592
vt 0.306800 0.921048
vt 0.503326 0.921048
vt 0.503326 0.914395
vt 0.306800 0.914395
vt 0.921048 0.807124
vt 0.921048 0.610598
vt 0.914395 0.610598
vt 0.914395 0.807124
vt 0.205535 0.883073
vt 0.205535 0.867689
vt 0.211657 0.863762
vt 0.395938 0.863762
vt 0.402060 0.867689
vt 0.402060 0.883073
vt 0.705858 0.686547
vt 0.699206 0.686547
vt 0.699206 0.705858
vt 0.705858 0.705858
vt 0.693200 0.686547
vt 0.686547 0.686547
vt 0.686547 0.705858
vt 0.693200 0.705858
vt 0.629908 0.661231
vt 0.623256 0.661231
vt 0.623256 0.680541
vt 0.629908 0.680541
vt 0.617250 0.661231
vt 0.610598 0.661231
vt 0.610598 0.680541
vt 0.617250 0.680541
vt 0.655225 0.680541
vt 0.655225 0.661231
vt 0.648573 0.661231
vt 0.648573 0.680541
vt 0.642567 0.680541
vt 0.642567 0.661231
vt 0.635914 0.661231
vt 0.635914 0.680541
vt 0.629908 0.686547
vt 0.623256 0.686547
vt 0.623256 0.705858
vt 0.629908 0.705858
vt 0.617250 0.686547
vt 0.610598 0.686547
vt 0.610598 0.705858
vt 0.617250 0.705858
vt 0.655225 0.686547
vt 0.648573 0.686547
vt 0.648573 0.705858
vt 0.655225 0.705858
vt 0.642567 0.686547
vt 0.635914 0.686547
vt 0.635914 0.705858
vt 0.642567 0.705858
vt 0.680541 0.610598
vt 0.673889 0.610598
vt 0.673889 0.629908
vt 0.680541 0.629908
vt 0.667883 0.610598
vt 0.661231 0.610598
vt 0.661231 0.629908
vt 0.667883 0.629908
vt 0.705858 0.629908
vt 0.705858 0.610598
vt 0.699206 0.610598
vt 0.699206 0.629908
vt 0.693200 0.629908
vt 0.693200 0.610598
vt 0.686547 0.610598
vt 0.686547 0.629908
vt 0.680541 0.635914
vt 0.673889 0.635914
vt 0.673889 0.655225
vt 0.680541 0.655225
vt 0.667883 0.635914
vt 0.661231 0.635914
vt 0.661231 0.655225
vt 0.667883 0.655225
vt 0.705858 0.655225
vt 0.705858 0.635914
vt 0.699206 0.635914
vt 0.699206 0.655225
vt 0.693200 0.655225
vt 0.693200 0.635914
vt 0.686547 0.635914
vt 0.686547 0.655225
vt 0.629908 0.610598
vt 0.623256 0.610598
vt 0.623256 0.629908
vt 0.629908 0.629908
vt 0.617250 0.610598
vt 0.610598 0.610598
vt 0.610598 0.629908
vt 0.617250 0.629908
vt 0.655225 0.629908
vt 0.655225 0.610598
vt 0.648573 0.610598
vt 0.648573 0.629908
vt 0.642567 0.629908
vt 0.642567 0.610598
vt 0.635914 0.610598
vt 0.635914 0.629908
vt 0.629908 0.635914
vt 0.623256 0.635914
vt 0.623256 0.655225
vt 0.629908 0.655225
vt 0.617250 0.635914
vt 0.610598 0.635914
vt 0.610598 0.655225
vt 0.617250 0.655225
vt 0.655225 0.635914
vt 0.648573 0.635914
vt 0.648573 0.655225
vt 0.655225 0.655225
vt 0.642567 0.635914
vt 0.635914 0.635914
vt 0.635914 0.655225
vt 0.642567 0.655225
vt 0.579275 0.661231
vt 0.572623 0.661231
vt 0.572623 0.680541
vt 0.579275 0.680541
vt 0.566617 0.661231
vt 0.559965 0.661231
vt 0.559965 0.680541
vt 0.566617 0.680541
vt 0.604592 0.680541
vt 0.604592 0.661231
vt 0.597940 0.661231
vt 0.597940 0.680541
vt 0.591934 0.680541
vt 0.591934 0.661231
vt 0.585281 0.661231
vt 0.585281 0.680541
vt 0.579275 0.686547
vt 0.572623 0.686547
vt 0.572623 0.705858
vt 0.579275 0.705858
vt 0.566617 0.686547
vt 0.559965 0.686547
vt 0.559965 0.705858
vt 0.566617 0.705858
vt 0.604592 0.686547
vt 0.597940 0.686547
vt 0.597940 0.705858
vt 0.604592 0.705858
vt 0.591934 0.686547
vt 0.585281 0.686547
vt 0.585281 0.705858
vt 0.591934 0.705858
vt 0.528643 0.661231
vt 0.521990 0.661231
vt 0.521990 0.680541
vt 0.528643 0.680541
vt 0.515984 0.661231
vt 0.509332 0.661231
vt 0.509332 0.680541
vt 0.515984 0.680541
vt 0.553959 0.680541
vt 0.553959 0.661231
vt 0.547307 0.661231
vt 0.547307 0.680541
vt 0.541301 0.680541
vt 0.541301 0.661231
vt 0.534649 0.661231
vt 0.534649 0.680541
vt 0.528643 0.686547
vt 0.521990 0.686547
vt 0.521990 0.705858
vt 0.528643 0.705858
vt 0.515984 0.686547
vt 0.509332 0.686547
vt 0.509332 0.705858
vt 0.515984 0.705858
vt 0.553959 0.705858
vt 0.553959 0.686547
vt 0.547307 0.686547
vt 0.547307 0.705858
vt 0.541301 0.705858
vt 0.541301 0.686547
vt 0.534649 0.686547
vt 0.534649 0.705858
vt 0.579275 0.610598
vt 0.572623 0.610598
vt 0.572623 0.629908
vt 0.579275 0.629908
vt 0.566617 0.610598
vt 0.559965 0.610598
vt 0.559965 0.629908
vt 0.566617 0.629908
vt 0.604592 0.629908
vt 0.604592 0.610598
vt 0.597940 0.610598
vt 0.597940 0.629908
vt 0.591934 0.629908
vt 0.591934 0.610598
vt 0.585281 0.610598
vt 0.585281 0.629908
vt 0.579275 0.635914
vt 0.572623 0.635914
vt 0.572623 0.655225
vt 0.579275 0.655225
vt 0.566617 0.635914
vt 0.559965 0.635914
vt 0.559965 0.655225
vt 0.566617 0.655225
s 1
usemtl bed_02.001
f 1/1/1 2/2/2 4/3/2 3/4/1
f 3/5/3 4/6/4 6/7/4 5/8/3
f 5/9/5 6/10/6 8/11/6 7/12/5
f 10/13/7 8/14/7 19/15/8 20/16/8
f 7/17/9 8/18/7 10/19/7 9/20/9
f 9/21/10 10/22/11 2/23/11 1/24/10
f 9/25/10 1/26/10 11/27/12 15/28/12
f 11/29/13 12/30/13 13/31/13 14/32/13 15/33/13
f 1/34/1 3/35/1 12/36/14 11/37/14
f 5/38/5 7/39/5 14/40/15 13/41/15
f 7/42/9 9/43/9 15/44/16 14/45/16
f 3/46/3 5/47/3 13/48/17 12/49/17
f 17/50/18 20/51/18 25/52/19 22/53/19
f 6/54/4 4/55/4 16/56/20 18/57/20
f 2/58/11 10/59/11 20/60/18 17/61/18
f 4/62/2 2/63/2 17/64/21 16/65/21
f 8/66/6 6/67/6 18/68/22 19/69/22
f 21/70/23 22/71/23 25/72/23 24/73/23 23/74/23
f 19/75/22 18/76/22 23/77/24 24/78/24
f 16/79/21 17/80/21 22/81/25 21/82/25
f 20/83/8 19/84/8 24/85/26 25/86/26
f 18/87/20 16/88/20 21/89/27 23/90/27
f 26/91/1 27/92/2 29/93/2 28/94/1
f 28/95/3 29/96/4 31/97/4 30/98/3
f 30/99/5 31/100/6 33/101/6 32/102/5
f 35/103/28 33/104/28 44/105/8 45/106/8
f 32/107/9 33/108/28 35/109/28 34/110/9
f 34/111/10 35/112/11 27/113/11 26/114/10
f 34/115/10 26/116/10 36/117/12 40/118/12
f 36/119/13 37/120/13 38/121/13 39/122/13 40/123/13
f 26/124/1 28/125/1 37/126/14 36/127/14
f 30/128/5 32/129/5 39/130/15 38/131/15
f 32/132/9 34/133/9 40/134/16 39/135/16
f 28/136/3 30/137/3 38/138/17 37/139/17
f 42/140/18 45/141/18 50/142/19 47/143/19
f 31/144/4 29/145/4 41/146/20 43/147/20
f 27/148/11 35/149/11 45/150/18 42/151/18
f 29/152/2 27/153/2 42/154/21 41/155/21
f 33/156/6 31/157/6 43/158/22 44/159/22
f 46/160/23 47/161/23 50/162/23 49/163/23 48/164/23
f 44/165/22 43/166/22 48/167/24 49/168/24
f 41/169/21 42/170/21 47/171/25 46/172/25
f 45/173/8 44/174/8 49/175/26 50/176/26
f 43/177/20 41/178/20 46/179/27 48/180/27
f 51/181/1 52/182/2 54/183/2 53/184/1
f 53/185/3 54/186/4 56/187/4 55/188/3
f 55/189/5 56/190/6 58/191/6 57/192/5
f 60/193/28 58/194/28 69/195/8 70/196/8
f 57/197/9 58/198/28 60/199/28 59/200/9
f 59/201/10 60/202/11 52/203/11 51/204/10
f 59/205/10 51/206/10 61/207/12 65/208/12
f 61/209/13 62/210/13 63/211/13 64/212/13 65/213/13
f 51/214/1 53/215/1 62/216/14 61/217/14
f 55/218/5 57/219/5 64/220/15 63/221/15
f 57/222/9 59/223/9 65/224/16 64/225/16
f 53/226/3 55/227/3 63/228/17 62/229/17
f 67/230/18 70/231/18 75/232/19 72/233/19
f 56/234/4 54/235/4 66/236/20 68/237/20
f 52/238/11 60/239/11 70/240/18 67/241/18
f 54/242/2 52/243/2 67/244/21 66/245/21
f 58/246/6 56/247/6 68/248/22 69/249/22
f 71/250/23 72/251/23 75/252/23 74/253/23 73/254/23
f 69/255/22 68/256/22 73/257/24 74/258/24
f 66/259/21 67/260/21 72/261/25 71/262/25
f 70/263/8 69/264/8 74/265/26 75/266/26
f 68/267/20 66/268/20 71/269/27 73/270/27
f 76/271/1 77/272/2 79/273/2 78/274/1
f 78/275/3 79/276/4 81/277/4 80/278/3
f 80/279/5 81/280/6 83/281/6 82/282/5
f 85/283/28 83/284/28 94/285/8 95/286/8
f 82/287/9 83/288/28 85/289/28 84/290/9
f 84/291/10 85/292/11 77/293/11 76/294/10
f 84/295/10 76/296/10 86/297/12 90/298/12
f 86/299/13 87/300/13 88/301/13 89/302/13 90/303/13
f 76/304/1 78/305/1 87/306/14 86/307/14
f 80/308/5 82/309/5 89/310/15 88/311/15
f 82/312/9 84/313/9 90/314/16 89/315/16
f 78/316/3 80/317/3 88/318/17 87/319/17
f 92/320/18 95/321/18 100/322/19 97/323/19
f 81/324/4 79/325/4 91/326/20 93/327/20
f 77/328/11 85/329/11 95/330/18 92/331/18
f 79/332/2 77/333/2 92/334/21 91/335/21
f 83/336/6 81/337/6 93/338/22 94/339/22
f 96/340/23 97/341/23 100/342/23 99/343/23 98/344/23
f 94/345/22 93/346/22 98/347/24 99/348/24
f 91/349/21 92/350/21 97/351/25 96/352/25
f 95/353/8 94/354/8 99/355/26 100/356/26
f 93/357/20 91/358/20 96/359/27 98/360/27
f 103/361/29 104/362/29 102/363/29 101/364/29
f 106/365/30 105/366/30 101/367/30 102/368/30
f 108/369/31 104/370/31 103/371/31 107/372/31
f 107/373/32 105/374/32 106/375/32 108/376/32
f 101/377/13 105/378/13 107/379/13 103/380/13
f 106/381/23 102/382/23 104/383/23 108/384/23
f 111/385/33 115/386/34 116/387/34 112/388/35
f 113/389/36 109/390/37 110/391/38 114/392/36
f 111/393/39 109/394/40 113/395/41 115/396/41
f 116/397/42 114/398/42 110/399/43 112/400/44
f 110/401/43 118/402/45 120/403/46 112/404/44
f 111/405/39 119/406/47 117/407/48 109/408/40
f 112/409/35 120/410/49 119/411/50 111/412/33
f 109/413/37 117/414/51 118/415/52 110/416/38
f 120/417/49 124/418/53 123/419/54 119/420/50
f 117/421/51 121/422/55 122/423/56 118/424/52
f 118/425/45 122/426/57 124/427/58 120/428/46
f 119/429/47 123/430/59 121/431/60 117/432/48
f 122/433/57 126/434/61 128/435/62 124/436/58
f 123/437/59 127/438/63 125/439/63 121/440/60
f 124/441/53 128/442/64 127/443/65 123/444/54
f 121/445/55 125/446/66 126/447/66 122/448/56
f 128/449/64 132/450/67 131/451/68 127/452/65
f 125/453/69 129/454/70 130/455/71 126/456/69
f 126/457/61 130/458/72 132/459/73 128/460/62
f 127/461/74 131/462/75 129/463/76 125/464/74
f 129/465/70 133/466/77 134/467/77 130/468/71
f 130/469/72 134/470/78 136/471/78 132/472/73
f 131/473/75 135/474/79 133/475/79 129/476/76
f 132/477/67 136/478/80 135/479/80 131/480/68
f 134/481/81 138/482/82 140/483/83 136/484/81
f 135/485/84 139/486/85 137/487/86 133/488/84
f 136/489/87 140/490/88 139/491/89 135/492/87
f 133/493/90 137/494/91 138/495/92 134/496/90
f 139/497/85 143/498/93 141/499/94 137/500/86
f 140/501/88 144/502/95 143/503/96 139/504/89
f 137/505/91 141/506/97 142/507/98 138/508/92
f 138/509/82 142/510/99 144/511/100 140/512/83
f 142/513/99 146/514/101 148/515/102 144/516/100
f 143/517/93 147/518/103 145/519/104 141/520/94
f 144/521/95 148/522/105 147/523/106 143/524/96
f 141/525/97 145/526/107 146/527/108 142/528/98
f 148/529/105 152/530/109 151/531/110 147/532/106
f 145/533/107 149/534/111 150/535/112 146/536/108
f 146/537/101 150/538/113 152/539/114 148/540/102
f 147/541/103 151/542/115 149/543/116 145/544/104
f 150/545/113 154/546/117 156/547/118 152/548/114
f 151/549/115 155/550/119 153/551/120 149/552/116
f 152/553/109 156/554/121 155/555/122 151/556/110
f 149/557/111 153/558/123 154/559/124 150/560/112
f 154/561/117 158/562/125 160/563/126 156/564/118
f 155/565/119 159/566/127 157/567/128 153/568/120
f 156/569/121 160/570/129 159/571/130 155/572/122
f 153/573/123 157/574/131 158/575/132 154/576/124
f 160/577/129 164/578/133 163/579/134 159/580/130
f 157/581/131 161/582/135 162/583/136 158/584/132
f 158/585/125 162/586/137 164/587/138 160/588/126
f 159/589/127 163/590/139 161/591/140 157/592/128
f 162/593/137 166/594/141 168/595/141 164/596/138
f 163/597/139 167/598/142 165/599/142 161/600/140
f 164/601/133 168/602/143 167/603/143 163/604/134
f 161/605/135 165/606/144 166/607/144 162/608/136
f 172/609/145 176/610/146 175/611/147 171/612/145
f 169/613/148 173/614/149 174/615/150 170/616/148
f 170/617/151 174/618/152 176/619/153 172/620/151
f 171/621/154 175/622/155 173/623/156 169/624/154
f 176/625/146 180/626/157 179/627/158 175/628/147
f 173/629/149 177/630/159 178/631/160 174/632/150
f 174/633/152 178/634/161 180/635/162 176/636/153
f 175/637/155 179/638/163 177/639/164 173/640/156
f 178/641/161 182/642/165 184/643/166 180/644/162
f 179/645/163 183/646/167 181/647/168 177/648/164
f 180/649/157 184/650/169 183/651/170 179/652/158
f 177/653/159 181/654/171 182/655/172 178/656/160
f 184/657/169 188/658/173 187/659/173 183/660/170
f 181/661/171 185/662/174 186/663/174 182/664/172
f 182/665/165 186/666/175 188/667/175 184/668/166
f 183/669/167 187/670/176 185/671/176 181/672/168
f 186/673/177 190/674/177 192/675/177 188/676/177
f 187/677/178 191/678/178 189/679/178 185/680/178
f 188/681/179 192/682/179 191/683/179 187/684/179
f 185/685/180 189/686/180 190/687/180 186/688/180
f 190/689/181 194/690/182 196/691/183 192/692/181
f 191/693/184 195/694/185 193/695/186 189/696/184
f 192/697/187 196/698/188 195/699/189 191/700/187
f 189/701/190 193/702/191 194/703/192 190/704/190
f 196/705/188 200/706/193 199/707/193 195/708/189
f 193/709/191 197/710/194 198/711/194 194/712/192
f 194/713/182 198/714/195 200/715/195 196/716/183
f 195/717/185 199/718/196 197/719/196 193/720/186
f 198/721/197 202/722/198 204/723/199 200/724/197
f 199/725/200 203/726/201 201/727/202 197/728/200
f 200/729/203 204/730/204 203/731/205 199/732/203
f 197/733/206 201/734/207 202/735/208 198/736/206
f 203/737/201 207/738/209 205/739/210 201/740/202
f 204/741/204 208/742/211 207/743/212 203/744/205
f 201/745/207 205/746/213 206/747/214 202/748/208
f 202/749/198 206/750/215 208/751/216 204/752/199
f 205/753/213 209/754/217 210/755/218 206/756/214
f 206/757/215 210/758/219 212/759/220 208/760/216
f 207/761/209 211/762/221 209/763/222 205/764/210
f 208/765/211 212/766/223 211/767/224 207/768/212
f 210/769/219 214/770/225 216/771/226 212/772/220
f 211/773/221 215/774/227 213/775/228 209/776/222
f 212/777/223 216/778/229 215/779/230 211/780/224
f 209/781/217 213/782/231 214/783/232 210/784/218
f 216/785/229 220/786/233 219/787/233 215/788/230
f 213/789/231 217/790/234 218/791/234 214/792/232
f 214/793/225 218/794/235 220/795/235 216/796/226
f 215/797/227 219/798/236 217/799/236 213/800/228
f 223/801/237 224/802/238 228/803/239 227/804/239
f 225/805/240 226/806/240 222/807/241 221/808/242
f 223/809/243 227/810/244 225/811/244 221/812/245
f 228/813/246 224/814/247 222/815/248 226/816/246
f 222/817/248 224/818/247 232/819/249 230/820/250
f 223/821/243 221/822/245 229/823/251 231/824/252
f 224/825/238 223/826/237 231/827/253 232/828/254
f 221/829/242 222/830/241 230/831/255 229/832/256
f 232/833/254 231/834/253 235/835/257 236/836/258
f 229/837/256 230/838/255 234/839/259 233/840/260
f 230/841/250 232/842/249 236/843/261 234/844/262
f 231/845/252 229/846/251 233/847/263 235/848/264
f 234/849/262 236/850/261 240/851/265 238/852/266
f 235/853/264 233/854/263 237/855/267 239/856/267
f 236/857/258 235/858/257 239/859/268 240/860/269
f 233/861/260 234/862/259 238/863/270 237/864/270
f 240/865/269 239/866/268 243/867/271 244/868/272
f 237/869/273 238/870/273 242/871/274 241/872/275
f 238/873/266 240/874/265 244/875/276 242/876/277
f 239/877/278 237/878/278 241/879/279 243/880/280
f 241/881/275 242/882/274 246/883/281 245/884/281
f 242/885/277 244/886/276 248/887/282 246/888/282
f 243/889/280 241/890/279 245/891/283 247/892/283
f 244/893/272 243/894/271 247/895/284 248/896/284
f 246/897/285 248/898/285 252/899/286 250/900/287
f 247/901/288 245/902/288 249/903/289 251/904/290
f 248/905/291 247/906/291 251/907/292 252/908/293
f 245/909/294 246/910/294 250/911/295 249/912/296
f 251/913/290 249/914/289 253/915/297 255/916/298
f 252/917/293 251/918/292 255/919/299 256/920/300
f 249/921/296 250/922/295 254/923/301 253/924/302
f 250/925/287 252/926/286 256/927/303 254/928/304
f 254/929/304 256/930/303 260/931/305 258/932/306
f 255/933/298 253/934/297 257/935/307 259/936/308
f 256/937/300 255/938/299 259/939/309 260/940/310
f 253/941/302 254/942/301 258/943/311 257/944/312
f 260/945/310 259/946/309 263/947/313 264/948/314
f 257/949/312 258/950/311 262/951/315 261/952/316
f 258/953/306 260/954/305 264/955/317 262/956/318
f 259/957/308 257/958/307 261/959/319 263/960/320
f 262/961/318 264/962/317 268/963/321 266/964/322
f 263/965/320 261/966/319 265/967/323 267/968/324
f 264/969/314 263/970/313 267/971/325 268/972/326
f 261/973/316 262/974/315 266/975/327 265/976/328
f 266/977/322 268/978/321 272/979/329 270/980/330
f 267/981/324 265/982/323 269/983/331 271/984/332
f 268/985/326 267/986/325 271/987/333 272/988/334
f 265/989/328 266/990/327 270/991/335 269/992/336
f 272/993/334 271/994/333 275/995/337 276/996/338
f 269/997/336 270/998/335 274/999/339 273/1000/340
f 270/1001/330 272/1002/329 276/1003/341 274/1004/342
f 271/1005/332 269/1006/331 273/1007/343 275/1008/344
f 274/1009/342 276/1010/341 280/1011/345 278/1012/345
f 275/1013/344 273/1014/343 277/1015/346 279/1016/346
f 276/1017/338 275/1018/337 279/1019/347 280/1020/347
f 273/1021/340 274/1022/339 278/1023/348 277/1024/348
f 284/1025/349 283/1026/349 287/1027/350 288/1028/351
f 281/1029/352 282/1030/352 286/1031/353 285/1032/354
f 282/1033/355 284/1034/355 288/1035/356 286/1036/357
f 283/1037/358 281/1038/358 285/1039/359 287/1040/360
f 288/1041/351 287/1042/350 291/1043/361 292/1044/362
f 285/1045/354 286/1046/353 290/1047/363 289/1048/364
f 286/1049/357 288/1050/356 292/1051/365 290/1052/366
f 287/1053/360 285/1054/359 289/1055/367 291/1056/368
f 290/1057/366 292/1058/365 296/1059/369 294/1060/370
f 291/1061/368 289/1062/367 293/1063/371 295/1064/372
f 292/1065/362 291/1066/361 295/1067/373 296/1068/374
f 289/1069/364 290/1070/363 294/1071/375 293/1072/376
f 296/1073/374 295/1074/373 299/1075/377 300/1076/377
f 293/1077/376 294/1078/375 298/1079/378 297/1080/378
f 294/1081/370 296/1082/369 300/1083/379 298/1084/379
f 295/1085/372 293/1086/371 297/1087/380 299/1088/380
f 298/1089/381 300/1090/381 304/1091/381 302/1092/381
f 299/1093/382 297/1094/382 301/1095/382 303/1096/382
f 300/1097/383 299/1098/383 303/1099/383 304/1100/383
f 297/1101/384 298/1102/384 302/1103/384 301/1104/384
f 302/1105/385 304/1106/385 308/1107/386 306/1108/387
f 303/1109/388 301/1110/388 305/1111/389 307/1112/390
f 304/1113/391 303/1114/391 307/1115/392 308/1116/393
f 301/1117/394 302/1118/394 306/1119/395 305/1120/396
f 308/1121/393 307/1122/392 311/1123/397 312/1124/397
f 305/1125/396 306/1126/395 310/1127/398 309/1128/398
f 306/1129/387 308/1130/386 312/1131/399 310/1132/399
f 307/1133/390 305/1134/389 309/1135/400 311/1136/400
f 310/1137/401 312/1138/401 316/1139/402 314/1140/403
f 311/1141/404 309/1142/404 313/1143/405 315/1144/406
f 312/1145/407 311/1146/407 315/1147/408 316/1148/409
f 309/1149/410 310/1150/410 314/1151/411 313/1152/412
f 315/1153/406 313/1154/405 317/1155/413 319/1156/414
f 316/1157/409 315/1158/408 319/1159/415 320/1160/416
f 313/1161/412 314/1162/411 318/1163/417 317/1164/418
f 314/1165/403 316/1166/402 320/1167/419 318/1168/420
f 317/1169/418 318/1170/417 322/1171/421 321/1172/422
f 318/1173/420 320/1174/419 324/1175/423 322/1176/424
f 319/1177/414 317/1178/413 321/1179/425 323/1180/426
f 320/1181/416 319/1182/415 323/1183/427 324/1184/428
f 322/1185/424 324/1186/423 328/1187/429 326/1188/430
f 323/1189/426 321/1190/425 325/1191/431 327/1192/432
f 324/1193/428 323/1194/427 327/1195/433 328/1196/434
f 321/1197/422 322/1198/421 326/1199/435 325/1200/436
f 328/1201/434 327/1202/433 331/1203/437 332/1204/437
f 325/1205/436 326/1206/435 330/1207/438 329/1208/438
f 326/1209/430 328/1210/429 332/1211/439 330/1212/439
f 327/1213/432 325/1214/431 329/1215/440 331/1216/440
f 341/1217/441 339/1218/442 340/1219/442 342/1220/443
f 348/1221/444 333/1222/445 334/1223/445 346/1224/446
f 341/1225/447 343/1226/448 337/1227/449 339/1228/449
f 347/1229/450 346/1230/451 334/1231/452 336/1232/452
f 340/1233/453 338/1234/453 344/1235/454 342/1236/455
f 345/1237/456 348/1238/457 343/1239/448 341/1240/447
f 337/1241/445 343/1242/458 344/1243/459 338/1244/445
f 345/1245/460 341/1246/441 342/1247/443 347/1248/461
f 335/1249/442 345/1250/460 347/1251/461 336/1252/442
f 335/1253/449 333/1254/449 348/1255/457 345/1256/456
f 342/1257/455 344/1258/454 346/1259/451 347/1260/450
f 343/1261/458 348/1262/444 346/1263/446 344/1264/459
f 353/1265/462 354/1266/463 352/1267/442 351/1268/442
f 360/1269/464 358/1270/465 334/1271/445 333/1272/445
f 353/1273/466 351/1274/449 349/1275/449 355/1276/467
f 359/1277/468 336/1278/452 334/1279/452 358/1280/469
f 352/1281/453 354/1282/470 356/1283/471 350/1284/453
f 357/1285/472 353/1286/466 355/1287/467 360/1288/473
f 349/1289/445 350/1290/445 356/1291/474 355/1292/475
f 357/1293/476 359/1294/477 354/1295/463 353/1296/462
f 335/1297/442 336/1298/442 359/1299/477 357/1300/476
f 335/1301/449 357/1302/472 360/1303/473 333/1304/449
f 354/1305/470 359/1306/468 358/1307/469 356/1308/471
f 355/1309/475 356/1310/474 358/1311/465 360/1312/464
f 363/1313/442 367/1314/442 368/1315/442 364/1316/442
f 365/1317/445 361/1318/445 362/1319/445 366/1320/445
f 363/1321/449 361/1322/449 365/1323/449 367/1324/449
f 368/1325/453 366/1326/453 362/1327/453 364/1328/453
f 363/1329/442 364/1330/442 372/1331/442 371/1332/442
f 369/1333/445 370/1334/445 362/1335/445 361/1336/445
f 363/1337/449 371/1338/449 369/1339/449 361/1340/449
f 372/1341/453 364/1342/453 362/1343/453 370/1344/453
f 375/1345/33 379/1346/34 380/1347/34 376/1348/35
f 377/1349/36 373/1350/37 374/1351/38 378/1352/36
f 375/1353/39 373/1354/40 377/1355/41 379/1356/41
f 380/1357/42 378/1358/42 374/1359/43 376/1360/44
f 374/1361/43 382/1362/45 384/1363/46 376/1364/44
f 375/1365/39 383/1366/47 381/1367/48 373/1368/40
f 376/1369/35 384/1370/49 383/1371/50 375/1372/33
f 373/1373/37 381/1374/51 382/1375/52 374/1376/38
f 384/1377/49 388/1378/53 387/1379/54 383/1380/50
f 381/1381/51 385/1382/55 386/1383/56 382/1384/52
f 382/1385/45 386/1386/57 388/1387/58 384/1388/46
f 383/1389/47 387/1390/59 385/1391/60 381/1392/48
f 386/1393/57 390/1394/478 392/1395/62 388/1396/58
f 387/1397/59 391/1398/63 389/1399/63 385/1400/60
f 388/1401/53 392/1402/64 391/1403/65 387/1404/54
f 385/1405/55 389/1406/66 390/1407/66 386/1408/56
f 392/1409/64 396/1410/67 395/1411/68 391/1412/65
f 389/1413/69 393/1414/70 394/1415/71 390/1416/69
f 390/1417/478 394/1418/72 396/1419/73 392/1420/62
f 391/1421/74 395/1422/75 393/1423/76 389/1424/74
f 393/1425/70 397/1426/77 398/1427/77 394/1428/71
f 394/1429/72 398/1430/78 400/1431/78 396/1432/73
f 395/1433/75 399/1434/79 397/1435/79 393/1436/76
f 396/1437/67 400/1438/80 399/1439/80 395/1440/68
f 398/1441/81 402/1442/479 404/1443/83 400/1444/81
f 399/1445/84 403/1446/85 401/1447/86 397/1448/84
f 400/1449/87 404/1450/88 403/1451/89 399/1452/87
f 397/1453/90 401/1454/91 402/1455/92 398/1456/90
f 403/1457/85 407/1458/93 405/1459/94 401/1460/86
f 404/1461/88 408/1462/95 407/1463/96 403/1464/89
f 401/1465/91 405/1466/97 406/1467/98 402/1468/92
f 402/1469/479 406/1470/99 408/1471/100 404/1472/83
f 406/1473/99 410/1474/480 412/1475/102 408/1476/100
f 407/1477/93 411/1478/103 409/1479/104 405/1480/94
f 408/1481/95 412/1482/105 411/1483/106 407/1484/96
f 405/1485/97 409/1486/107 410/1487/108 406/1488/98
f 412/1489/105 416/1490/109 415/1491/110 411/1492/106
f 409/1493/107 413/1494/111 414/1495/481 410/1496/108
f 410/1497/480 414/1498/113 416/1499/114 412/1500/102
f 411/1501/103 415/1502/115 413/1503/116 409/1504/104
f 414/1505/113 418/1506/117 420/1507/118 416/1508/114
f 415/1509/115 419/1510/119 417/1511/120 413/1512/116
f 416/1513/109 420/1514/121 419/1515/482 415/1516/110
f 413/1517/111 417/1518/123 418/1519/124 414/1520/481
f 418/1521/117 422/1522/125 424/1523/126 420/1524/118
f 419/1525/119 423/1526/127 421/1527/128 417/1528/120
f 420/1529/121 424/1530/483 423/1531/130 419/1532/482
f 417/1533/123 421/1534/131 422/1535/132 418/1536/124
f 424/1537/483 428/1538/133 427/1539/134 423/1540/130
f 421/1541/131 425/1542/135 426/1543/136 422/1544/132
f 422/1545/125 426/1546/137 428/1547/138 424/1548/126
f 423/1549/127 427/1550/139 425/1551/140 421/1552/128
f 426/1553/137 430/1554/141 432/1555/141 428/1556/138
f 427/1557/139 431/1558/142 429/1559/142 425/1560/140
f 428/1561/133 432/1562/143 431/1563/143 427/1564/134
f 425/1565/135 429/1566/144 430/1567/144 426/1568/136
f 436/1569/145 440/1570/146 439/1571/147 435/1572/145
f 433/1573/148 437/1574/149 438/1575/150 434/1576/148
f 434/1577/151 438/1578/152 440/1579/153 436/1580/151
f 435/1581/154 439/1582/155 437/1583/156 433/1584/154
f 440/1585/146 444/1586/157 443/1587/158 439/1588/147
f 437/1589/149 441/1590/159 442/1591/160 438/1592/150
f 438/1593/152 442/1594/161 444/1595/162 440/1596/153
f 439/1597/155 443/1598/163 441/1599/164 437/1600/156
f 442/1601/161 446/1602/165 448/1603/166 444/1604/162
f 443/1605/163 447/1606/167 445/1607/168 441/1608/164
f 444/1609/157 448/1610/169 447/1611/170 443/1612/158
f 441/1613/159 445/1614/171 446/1615/172 442/1616/160
f 448/1617/169 452/1618/173 451/1619/173 447/1620/170
f 445/1621/171 449/1622/174 450/1623/174 446/1624/172
f 446/1625/165 450/1626/175 452/1627/175 448/1628/166
f 447/1629/167 451/1630/176 449/1631/176 445/1632/168
f 450/1633/177 454/1634/177 456/1635/177 452/1636/177
f 451/1637/178 455/1638/178 453/1639/178 449/1640/178
f 452/1641/484 456/1642/484 455/1643/484 451/1644/484
f 449/1645/180 453/1646/180 454/1647/180 450/1648/180
f 454/1649/181 458/1650/182 460/1651/183 456/1652/181
f 455/1653/184 459/1654/185 457/1655/186 453/1656/184
f 456/1657/187 460/1658/188 459/1659/189 455/1660/187
f 453/1661/190 457/1662/191 458/1663/192 454/1664/190
f 460/1665/188 464/1666/193 463/1667/193 459/1668/189
f 457/1669/191 461/1670/194 462/1671/194 458/1672/192
f 458/1673/182 462/1674/195 464/1675/195 460/1676/183
f 459/1677/185 463/1678/196 461/1679/196 457/1680/186
f 462/1681/197 466/1682/198 468/1683/199 464/1684/197
f 463/1685/200 467/1686/201 465/1687/202 461/1688/200
f 464/1689/203 468/1690/204 467/1691/205 463/1692/203
f 461/1693/206 465/1694/207 466/1695/208 462/1696/206
f 467/1697/201 471/1698/209 469/1699/485 465/1700/202
f 468/1701/204 472/1702/211 471/1703/212 467/1704/205
f 465/1705/207 469/1706/213 470/1707/214 466/1708/208
f 466/1709/198 470/1710/215 472/1711/216 468/1712/199
f 469/1713/213 473/1714/217 474/1715/218 470/1716/214
f 470/1717/215 474/1718/486 476/1719/220 472/1720/216
f 471/1721/209 475/1722/221 473/1723/222 469/1724/485
f 472/1725/211 476/1726/223 475/1727/224 471/1728/212
f 474/1729/486 478/1730/225 480/1731/226 476/1732/220
f 475/1733/221 479/1734/487 477/1735/228 473/1736/222
f 476/1737/223 480/1738/229 479/1739/230 475/1740/224
f 473/1741/217 477/1742/231 478/1743/232 474/1744/218
f 480/1745/229 484/1746/233 483/1747/233 479/1748/230
f 477/1749/231 481/1750/234 482/1751/234 478/1752/232
f 478/1753/225 482/1754/235 484/1755/235 480/1756/226
f 479/1757/487 483/1758/236 481/1759/236 477/1760/228
f 487/1761/237 488/1762/238 492/1763/488 491/1764/488
f 489/1765/240 490/1766/240 486/1767/241 485/1768/242
f 487/1769/243 491/1770/244 489/1771/244 485/1772/245
f 492/1773/246 488/1774/489 486/1775/248 490/1776/246
f 486/1777/248 488/1778/489 496/1779/249 494/1780/250
f 487/1781/243 485/1782/245 493/1783/251 495/1784/252
f 488/1785/238 487/1786/237 495/1787/253 496/1788/254
f 485/1789/242 486/1790/241 494/1791/255 493/1792/256
f 496/1793/254 495/1794/253 499/1795/257 500/1796/258
f 493/1797/256 494/1798/255 498/1799/259 497/1800/260
f 494/1801/250 496/1802/249 500/1803/261 498/1804/262
f 495/1805/252 493/1806/251 497/1807/263 499/1808/264
f 498/1809/262 500/1810/261 504/1811/265 502/1812/266
f 499/1813/264 497/1814/263 501/1815/267 503/1816/267
f 500/1817/258 499/1818/257 503/1819/268 504/1820/269
f 497/1821/260 498/1822/259 502/1823/270 501/1824/270
f 504/1825/269 503/1826/268 507/1827/271 508/1828/272
f 501/1829/273 502/1830/273 506/1831/274 505/1832/275
f 502/1833/266 504/1834/265 508/1835/276 506/1836/277
f 503/1837/278 501/1838/278 505/1839/279 507/1840/280
f 505/1841/275 506/1842/274 510/1843/281 509/1844/281
f 506/1845/277 508/1846/276 512/1847/282 510/1848/282
f 507/1849/280 505/1850/279 509/1851/283 511/1852/283
f 508/1853/272 507/1854/271 511/1855/284 512/1856/284
f 510/1857/285 512/1858/285 516/1859/286 514/1860/287
f 511/1861/288 509/1862/288 513/1863/289 515/1864/290
f 512/1865/291 511/1866/291 515/1867/292 516/1868/293
f 509/1869/294 510/1870/294 514/1871/295 513/1872/296
f 515/1873/290 513/1874/289 517/1875/297 519/1876/298
f 516/1877/293 515/1878/292 519/1879/299 520/1880/300
f 513/1881/296 514/1882/295 518/1883/301 517/1884/302
f 514/1885/287 516/1886/286 520/1887/303 518/1888/304
f 518/1889/304 520/1890/303 524/1891/305 522/1892/306
f 519/1893/298 517/1894/297 521/1895/307 523/1896/308
f 520/1897/300 519/1898/299 523/1899/309 524/1900/310
f 517/1901/302 518/1902/301 522/1903/311 521/1904/312
f 524/1905/310 523/1906/309 527/1907/313 528/1908/314
f 521/1909/312 522/1910/311 526/1911/315 525/1912/490
f 522/1913/306 524/1914/305 528/1915/317 526/1916/318
f 523/1917/308 521/1918/307 525/1919/319 527/1920/320
f 526/1921/318 528/1922/317 532/1923/321 530/1924/322
f 527/1925/320 525/1926/319 529/1927/323 531/1928/324
f 528/1929/314 527/1930/313 531/1931/325 532/1932/326
f 525/1933/490 526/1934/315 530/1935/327 529/1936/328
f 530/1937/322 532/1938/321 536/1939/329 534/1940/330
f 531/1941/324 529/1942/323 533/1943/331 535/1944/332
f 532/1945/326 531/1946/325 535/1947/333 536/1948/334
f 529/1949/328 530/1950/327 534/1951/335 533/1952/336
f 536/1953/334 535/1954/333 539/1955/337 540/1956/338
f 533/1957/336 534/1958/335 538/1959/339 537/1960/340
f 534/1961/330 536/1962/329 540/1963/341 538/1964/342
f 535/1965/332 533/1966/331 537/1967/343 539/1968/344
f 538/1969/342 540/1970/341 544/1971/345 542/1972/345
f 539/1973/344 537/1974/343 541/1975/346 543/1976/346
f 540/1977/338 539/1978/337 543/1979/347 544/1980/347
f 537/1981/340 538/1982/339 542/1983/348 541/1984/348
f 548/1985/349 547/1986/349 551/1987/350 552/1988/351
f 545/1989/352 546/1990/352 550/1991/353 549/1992/354
f 546/1993/355 548/1994/355 552/1995/356 550/1996/357
f 547/1997/358 545/1998/358 549/1999/491 551/2000/360
f 552/2001/351 551/2002/350 555/2003/361 556/2004/362
f 549/2005/354 550/2006/353 554/2007/363 553/2008/492
f 550/2009/357 552/2010/356 556/2011/365 554/2012/366
f 551/2013/360 549/2014/491 553/2015/367 555/2016/368
f 554/2017/366 556/2018/365 560/2019/369 558/2020/370
f 555/2021/368 553/2022/367 557/2023/371 559/2024/372
f 556/2025/362 555/2026/361 559/2027/373 560/2028/374
f 553/2029/492 554/2030/363 558/2031/375 557/2032/376
f 560/2033/374 559/2034/373 563/2035/377 564/2036/377
f 557/2037/376 558/2038/375 562/2039/378 561/2040/378
f 558/2041/370 560/2042/369 564/2043/379 562/2044/379
f 559/2045/372 557/2046/371 561/2047/380 563/2048/380
f 562/2049/381 564/2050/381 568/2051/381 566/2052/381
f 563/2053/382 561/2054/382 565/2055/382 567/2056/382
f 564/2057/383 563/2058/383 567/2059/383 568/2060/383
f 561/2061/384 562/2062/384 566/2063/384 565/2064/384
f 566/2065/385 568/2066/385 572/2067/386 570/2068/387
f 567/2069/388 565/2070/388 569/2071/389 571/2072/390
f 568/2073/391 567/2074/391 571/2075/392 572/2076/393
f 565/2077/394 566/2078/394 570/2079/395 569/2080/396
f 572/2081/393 571/2082/392 575/2083/397 576/2084/397
f 569/2085/396 570/2086/395 574/2087/398 573/2088/398
f 570/2089/387 572/2090/386 576/2091/399 574/2092/399
f 571/2093/390 569/2094/389 573/2095/400 575/2096/400
f 574/2097/401 576/2098/401 580/2099/402 578/2100/403
f 575/2101/404 573/2102/404 577/2103/405 579/2104/406
f 576/2105/407 575/2106/407 579/2107/408 580/2108/409
f 573/2109/410 574/2110/410 578/2111/411 577/2112/412
f 579/2113/406 577/2114/405 581/2115/413 583/2116/414
f 580/2117/409 579/2118/408 583/2119/415 584/2120/416
f 577/2121/412 578/2122/411 582/2123/417 581/2124/418
f 578/2125/403 580/2126/402 584/2127/493 582/2128/420
f 581/2129/418 582/2130/417 586/2131/421 585/2132/422
f 582/2133/420 584/2134/493 588/2135/423 586/2136/424
f 583/2137/414 581/2138/413 585/2139/425 587/2140/426
f 584/2141/416 583/2142/415 587/2143/427 588/2144/428
f 586/2145/424 588/2146/423 592/2147/429 590/2148/430
f 587/2149/426 585/2150/425 589/2151/431 591/2152/432
f 588/2153/428 587/2154/427 591/2155/433 592/2156/434
f 585/2157/422 586/2158/421 590/2159/435 589/2160/436
f 592/2161/434 591/2162/433 595/2163/437 596/2164/437
f 589/2165/436 590/2166/435 594/2167/438 593/2168/438
f 590/2169/430 592/2170/429 596/2171/439 594/2172/439
f 591/2173/432 589/2174/431 593/2175/440 595/2176/440
f 605/2177/441 603/2178/442 604/2179/442 606/2180/443
f 612/2181/444 597/2182/445 598/2183/445 610/2184/446
f 605/2185/447 607/2186/448 601/2187/494 603/2188/494
f 611/2189/450 610/2190/451 598/2191/452 600/2192/452
f 604/2193/452 602/2194/452 608/2195/454 606/2196/455
f 609/2197/456 612/2198/457 607/2199/448 605/2200/447
f 601/2201/445 607/2202/458 608/2203/459 602/2204/445
f 609/2205/460 605/2206/441 606/2207/443 611/2208/461
f 599/2209/442 609/2210/460 611/2211/461 600/2212/442
f 599/2213/494 597/2214/449 612/2215/457 609/2216/456
f 606/2217/455 608/2218/454 610/2219/451 611/2220/450
f 607/2221/458 612/2222/444 610/2223/446 608/2224/459
f 617/2225/462 618/2226/463 616/2227/442 615/2228/442
f 624/2229/464 622/2230/465 598/2231/445 597/2232/445
f 617/2233/466 615/2234/494 613/2235/494 619/2236/467
f 623/2237/495 600/2238/452 598/2239/452 622/2240/469
f 616/2241/453 618/2242/470 620/2243/471 614/2244/453
f 621/2245/496 617/2246/466 619/2247/467 624/2248/473
f 613/2249/445 614/2250/445 620/2251/474 619/2252/475
f 621/2253/476 623/2254/477 618/2255/463 617/2256/462
f 599/2257/442 600/2258/442 623/2259/477 621/2260/476
f 599/2261/494 621/2262/496 624/2263/473 597/2264/449
f 618/2265/470 623/2266/495 622/2267/469 620/2268/471
f 619/2269/475 620/2270/474 622/2271/465 624/2272/464
f 635/2273/497 632/2274/498 629/2275/498 634/2276/497
f 628/2277/29 636/2278/499 633/2279/499 627/2280/29
f 625/2281/32 630/2282/500 631/2283/500 626/2284/32
f 626/2285/31 631/2286/31 632/2287/31 635/2288/31 636/2289/31 628/2290/31
f 629/2291/498 632/2292/498 631/2293/500 630/2294/500
f 635/2295/497 634/2296/497 633/2297/499 636/2298/499
f 627/2299/30 633/2300/30 634/2301/30 629/2302/30 630/2303/30 625/2304/30
f 654/2305/501 650/2306/502 640/2307/503 646/2308/504
f 660/2309/505 656/2310/506 644/2311/507 647/2312/508
f 653/2313/509 652/2314/510 642/2315/511 648/2316/512
f 659/2317/513 658/2318/514 638/2319/515 645/2320/516
f 662/2321/517 651/2322/518 641/2323/519 657/2324/520
f 661/2325/521 650/2326/502 638/2327/515 658/2328/514
f 657/2329/520 659/2330/513 645/2331/516 637/2332/522
f 651/2333/518 653/2334/523 648/2335/524 641/2336/519
f 655/2337/525 660/2338/505 647/2339/508 643/2340/526
f 649/2341/527 654/2342/528 646/2343/529 639/2344/530
f 637/2345/522 645/2346/531 654/2347/528 649/2348/527
f 643/2349/526 647/2350/532 653/2351/523 651/2352/518
f 656/2353/506 640/2354/503 650/2355/502 661/2356/521
f 655/2357/525 643/2358/526 651/2359/518 662/2360/517
f 647/2361/533 644/2362/507 652/2363/510 653/2364/509
f 645/2365/534 638/2366/515 650/2367/502 654/2368/501
f 639/2369/530 655/2370/525 662/2371/517 649/2372/527
f 644/2373/507 656/2374/506 661/2375/521 652/2376/510
f 639/2377/530 646/2378/535 660/2379/505 655/2380/525
f 641/2381/519 648/2382/536 659/2383/513 657/2384/520
f 652/2385/510 661/2386/521 658/2387/514 642/2388/511
f 649/2389/527 662/2390/517 657/2391/520 637/2392/522
f 648/2393/536 642/2394/511 658/2395/514 659/2396/513
f 646/2397/535 640/2398/503 656/2399/506 660/2400/505
f 680/2401/501 676/2402/502 666/2403/503 672/2404/504
f 686/2405/505 682/2406/506 670/2407/507 673/2408/508
f 679/2409/509 678/2410/510 668/2411/511 674/2412/512
f 685/2413/513 684/2414/514 664/2415/515 671/2416/516
f 688/2417/517 677/2418/518 667/2419/519 683/2420/520
f 687/2421/521 676/2422/502 664/2423/515 684/2424/514
f 683/2425/520 685/2426/513 671/2427/516 663/2428/522
f 677/2429/518 679/2430/523 674/2431/524 667/2432/519
f 681/2433/525 686/2434/505 673/2435/508 669/2436/526
f 675/2437/527 680/2438/528 672/2439/529 665/2440/530
f 663/2441/522 671/2442/531 680/2443/528 675/2444/527
f 669/2445/526 673/2446/532 679/2447/523 677/2448/518
f 682/2449/506 666/2450/503 676/2451/502 687/2452/521
f 681/2453/525 669/2454/526 677/2455/518 688/2456/517
f 673/2457/533 670/2458/507 678/2459/510 679/2460/509
f 671/2461/534 664/2462/515 676/2463/502 680/2464/501
f 665/2465/530 681/2466/525 688/2467/517 675/2468/527
f 670/2469/507 682/2470/506 687/2471/521 678/2472/510
f 665/2473/530 672/2474/535 686/2475/505 681/2476/525
f 667/2477/519 674/2478/536 685/2479/513 683/2480/520
f 678/2481/510 687/2482/521 684/2483/514 668/2484/511
f 675/2485/527 688/2486/517 683/2487/520 663/2488/522
f 674/2489/536 668/2490/511 684/2491/514 685/2492/513
f 672/2493/535 666/2494/503 682/2495/506 686/2496/505
o Armchair_04.001
v 0.010179 -0.030976 -2.913930
v 0.039743 0.533736 -3.072914
v -0.751056 -0.080626 -3.231849
v -0.721491 0.484086 -3.390833
v 0.881728 -0.349126 -4.951104
v 0.852162 0.237171 -4.971876
v 0.074579 -0.382016 -5.161704
v 0.090927 0.187521 -5.289795
v -0.806717 -0.060308 -3.101748
v -0.045482 -0.010658 -2.783829
v 0.176153 -0.419095 -5.399125
v 0.937388 -0.369444 -5.081205
v -0.045482 0.604112 -2.879839
v -0.806717 0.554461 -3.197758
v 0.176153 0.195674 -5.495135
v 0.937388 0.245325 -5.177216
v -0.045562 0.987014 -2.939445
v -0.806797 0.937364 -3.257364
v 0.176233 0.578518 -5.555117
v 0.937468 0.628169 -5.237198
v -0.097805 0.686628 -2.767440
v -0.859040 0.636978 -3.085360
v 0.228477 0.239991 -5.627341
v 0.989711 0.289641 -5.309422
v -0.859040 0.855068 -3.119419
v -0.097806 0.904719 -2.801500
v 0.228477 0.458081 -5.661400
v 0.989711 0.507731 -5.343481
v 0.039743 0.877285 -3.126566
v -0.001909 0.971079 -3.041482
v -0.763143 0.921429 -3.359401
v -0.721491 0.827635 -3.444486
v 0.090927 0.531069 -5.343448
v 0.132580 0.594454 -5.453080
v 0.893815 0.644104 -5.135161
v 0.852162 0.580720 -5.025529
v -0.004576 -0.495017 -5.382720
v -0.032419 -0.287941 -5.332829
v 0.072803 -0.499862 -5.413743
v 0.144362 -0.299010 -5.403705
v 0.014031 -0.504989 -5.446576
v 0.010093 -0.310724 -5.478715
v -0.929430 -0.157408 -3.220950
v -0.890558 0.025314 -3.326999
v -0.898031 -0.145468 -3.144498
v -0.818824 0.052592 -3.152335
v -0.962819 -0.148399 -3.163268
v -0.966840 0.045895 -3.195216
v 0.880042 -0.437319 -5.013271
v 0.841170 -0.230962 -4.967987
v 0.848644 -0.449259 -5.089724
v 0.769436 -0.258240 -5.142651
v 0.913431 -0.446327 -5.070954
v 0.917451 -0.251543 -5.099770
v -0.044812 -0.099710 -2.851502
v -0.016969 0.082293 -2.962156
v -0.122190 -0.094865 -2.820479
v -0.193751 0.093362 -2.891281
v -0.063420 -0.089737 -2.787646
v -0.059481 0.105076 -2.816270
v -0.940081 -0.092955 -3.310793
v -0.930971 0.517980 -3.428016
v -0.114446 -0.394345 -5.240647
v -0.077642 0.206480 -5.422605
v -0.995741 -0.072637 -3.180692
v -0.012872 -0.431424 -5.478068
v -0.995741 0.542133 -3.276702
v -0.012872 0.183346 -5.574079
v -0.995822 0.925035 -3.336308
v -0.012791 0.566189 -5.634061
v -1.048065 0.624649 -3.164303
v 0.039452 0.227662 -5.706285
v -1.048065 0.842739 -3.198363
v 0.039452 0.445752 -5.740344
v -0.836113 0.916669 -3.389876
v 0.059610 0.589694 -5.483555
v -1.034112 0.546833 -3.499637
v -0.197073 0.241280 -5.456146
v -1.134214 0.800903 -3.299629
v -1.134213 0.631781 -3.273217
v -0.096971 0.253146 -5.697686
v -0.096971 0.422268 -5.724098
v -0.135493 0.219187 -5.600143
v -1.095692 0.829525 -3.396337
v -1.095691 0.569698 -3.355759
v -0.135493 0.479014 -5.640721
v -1.054264 0.814402 -3.493170
v -1.034112 0.747333 -3.530949
v -0.176920 0.494136 -5.543889
v -0.197073 0.441780 -5.487458
v -0.940018 0.904601 -3.466415
v -0.068370 0.586414 -5.503824
v -0.338239 -0.231321 -4.196776
v -0.315282 0.335803 -4.340314
v 0.445953 -0.190051 -3.932517
v 0.445953 0.385454 -4.022395
v -0.527263 -0.243650 -4.275720
v -0.388252 0.753182 -4.436716
v -0.615592 0.654269 -4.518529
v -0.315282 0.679352 -4.393967
v -0.504194 0.745508 -4.485119
vn 0.9211 0.0601 0.3847
vn -0.0000 -0.9880 0.1543
vn 0.3893 -0.1421 -0.9101
vn -0.0000 0.9880 -0.1543
vn 0.3342 0.3850 -0.8603
vn -0.3479 0.5707 0.7438
vn -0.3893 0.1421 0.9101
vn 0.1678 -0.9528 -0.2530
vn -0.1224 0.9826 0.1395
vn 0.1248 0.8903 -0.4379
vn 0.3490 0.3103 -0.8842
vn -0.3490 0.5652 0.7475
vn -0.1248 0.9814 0.1456
vn -0.1678 -0.8303 0.5314
vn 0.1224 0.8933 -0.4325
vn 0.3479 0.3167 -0.8824
vn -0.3342 0.6290 0.7019
vn -0.9607 -0.0641 -0.2699
vn 0.4922 -0.1324 -0.8604
vn 0.3572 -0.1731 0.9179
vn 0.3571 -0.1731 0.9179
vn -0.8679 -0.0980 -0.4870
vn -0.2814 0.1500 0.9478
vn 0.8802 -0.3640 -0.3046
vn 0.8679 0.0551 0.4937
vn 0.2814 -0.1461 -0.9484
vn -0.8802 -0.2538 0.4011
vn 0.9607 0.0212 0.2766
vn -0.4922 0.1363 0.8598
vn -0.4922 0.1363 0.8597
vn -0.3572 -0.4447 -0.8214
vn -0.5766 0.5379 0.6150
vn 0.0936 0.2933 -0.9514
vn -0.3349 -0.8827 0.3296
vn -0.1414 0.8461 -0.5140
vn 0.0463 0.9986 -0.0261
vn 0.0125 -0.9489 -0.3153
vn -0.2872 -0.9574 0.0282
vn -0.2864 -0.9578 0.0259
vn -0.2861 -0.9579 0.0256
vn -0.5898 0.1246 0.7979
vn 0.1243 0.9701 -0.2084
vn -0.3691 0.9292 0.0184
vn -0.9211 -0.0601 -0.3847
vn -0.0974 -0.9694 -0.2253
vn -0.1882 -0.9045 -0.3827
vn -0.2171 0.2798 -0.9352
vn -0.4290 0.7224 -0.5423
vn -0.7831 0.4864 0.3876
vn -0.3944 -0.9011 0.1803
vn -0.2872 -0.9575 0.0278
vn 0.3530 0.9356 0.0049
vn -0.2783 0.9238 -0.2629
vn -0.2781 0.9238 -0.2633
vn -0.7775 0.0970 0.6213
vn -0.5025 -0.7898 0.3518
vn -0.2468 -0.9550 -0.1647
vn 0.1683 -0.1521 -0.9739
vn -0.2780 0.9237 -0.2636
vn -0.6032 0.7861 -0.1349
vn 0.8513 0.4327 0.2966
vn 0.8203 0.5028 0.2724
vn -0.5296 0.7738 -0.3474
vn -0.3198 -0.8276 0.4612
vn -0.0907 -0.1537 -0.9839
vt 0.098263 0.959022
vt 0.003003 0.914395
vt 0.003003 0.959022
vt 0.711864 0.306800
vt 0.807124 0.402060
vt 0.807124 0.306800
vt 0.889079 0.003003
vt 0.933706 0.098263
vt 0.933706 0.003003
vt 0.711864 0.205535
vt 0.807124 0.300794
vt 0.807124 0.205535
vt 0.199529 0.946364
vt 0.104269 0.939712
vt 0.104269 0.946364
vt 0.959022 0.705858
vt 0.939712 0.610598
vt 0.939712 0.705858
vt 0.908389 0.927054
vt 0.813130 0.946364
vt 0.908389 0.946364
vt 0.939712 0.509332
vt 0.959022 0.604592
vt 0.959022 0.509332
vt 0.553959 0.635914
vt 0.547307 0.655225
vt 0.553959 0.655225
vt 0.199529 0.959022
vt 0.104269 0.952370
vt 0.104269 0.959022
vt 0.959022 0.503326
vt 0.949140 0.503324
vt 0.939712 0.495818
vt 0.711864 0.928576
vt 0.807124 0.927054
vt 0.807068 0.934464
vt 0.946364 0.813130
vt 0.939712 0.908389
vt 0.946364 0.908389
vt 0.705858 0.946364
vt 0.610598 0.927054
vt 0.610598 0.946364
vt 0.908389 0.104269
vt 0.889079 0.199529
vt 0.908389 0.199529
vt 0.541301 0.655225
vt 0.534649 0.635914
vt 0.534649 0.655225
vt 0.402060 0.959022
vt 0.306800 0.952370
vt 0.306800 0.959022
vt 0.959022 0.205535
vt 0.952370 0.300794
vt 0.959022 0.300794
vt 0.503326 0.959022
vt 0.408066 0.952370
vt 0.408066 0.959022
vt 0.959022 0.306800
vt 0.952370 0.402060
vt 0.959022 0.402060
vt 0.402060 0.984339
vt 0.306800 0.977687
vt 0.306800 0.984339
vt 0.959022 0.813130
vt 0.952370 0.908389
vt 0.959022 0.908389
vt 0.478010 0.680541
vt 0.471357 0.661231
vt 0.471357 0.680541
vt 0.465351 0.661231
vt 0.458699 0.680541
vt 0.465351 0.680541
vt 0.790816 0.072946
vt 0.794465 0.072946
vt 0.794465 0.069297
vt 0.503326 0.661231
vt 0.496674 0.680541
vt 0.503326 0.680541
vt 0.490668 0.661231
vt 0.484016 0.680541
vt 0.490668 0.680541
vt 0.471357 0.686547
vt 0.478010 0.705858
vt 0.478010 0.686547
vt 0.791462 0.066294
vt 0.787813 0.069943
vt 0.787813 0.066294
vt 0.458699 0.686547
vt 0.465351 0.705858
vt 0.465351 0.686547
vt 0.503326 0.686547
vt 0.496674 0.705858
vt 0.503326 0.705858
vt 0.484016 0.686547
vt 0.490668 0.705858
vt 0.490668 0.686547
vt 0.803474 0.072946
vt 0.807124 0.069297
vt 0.807124 0.072946
vt 0.420725 0.661231
vt 0.427377 0.680541
vt 0.427377 0.661231
vt 0.414719 0.680541
vt 0.408066 0.661231
vt 0.408066 0.680541
vt 0.452693 0.661231
vt 0.446041 0.680541
vt 0.452693 0.680541
vt 0.804121 0.066294
vt 0.800471 0.066294
vt 0.800471 0.069943
vt 0.440035 0.661231
vt 0.433383 0.680541
vt 0.440035 0.680541
vt 0.908389 0.813130
vt 0.813130 0.857756
vt 0.908389 0.857756
vt 0.148896 0.610598
vt 0.129585 0.655225
vt 0.148896 0.655225
vt 0.914395 0.965028
vt 0.933706 0.984339
vt 0.933706 0.965028
vt 0.420725 0.686547
vt 0.427377 0.705858
vt 0.427377 0.686547
vt 0.965028 0.914395
vt 0.984339 0.933706
vt 0.984339 0.914395
vt 0.408066 0.686547
vt 0.414719 0.705858
vt 0.414719 0.686547
vt 0.446041 0.686547
vt 0.452693 0.705858
vt 0.452693 0.686547
vt 0.123579 0.610598
vt 0.104269 0.655225
vt 0.123579 0.655225
vt 0.433383 0.686547
vt 0.440035 0.705858
vt 0.440035 0.686547
vt 0.256168 0.851104
vt 0.262820 0.857756
vt 0.262820 0.851104
vt 0.471357 0.610598
vt 0.478010 0.629908
vt 0.478010 0.610598
vt 0.946364 0.205535
vt 0.939712 0.402060
vt 0.946364 0.402060
vt 0.965028 0.939712
vt 0.984339 0.959022
vt 0.984339 0.939712
vt 0.275478 0.838446
vt 0.268826 0.845098
vt 0.275478 0.845098
vt 0.503326 0.946364
vt 0.408066 0.927054
vt 0.408066 0.946364
vt 0.716476 0.003003
vt 0.735220 0.003003
vt 0.714805 0.199366
vt 0.356963 0.907946
vt 0.205535 0.907946
vt 0.402060 0.898734
vt 0.256168 0.838446
vt 0.262820 0.845098
vt 0.262820 0.838446
vt 0.300794 0.851104
vt 0.294142 0.857756
vt 0.300794 0.857756
vt 0.635943 0.035751
vt 0.655225 0.035751
vt 0.650794 0.047630
vt 0.610627 0.040199
vt 0.625477 0.028319
vt 0.629908 0.040199
vt 0.281484 0.851104
vt 0.288136 0.857756
vt 0.288136 0.851104
vt 0.300794 0.838446
vt 0.294142 0.845098
vt 0.300794 0.845098
vt 0.971681 0.503326
vt 0.965028 0.408066
vt 0.965028 0.503326
vt 0.465351 0.629908
vt 0.458699 0.610598
vt 0.458699 0.629908
vt 0.288136 0.838446
vt 0.281484 0.845098
vt 0.288136 0.845098
vt 0.218193 0.825788
vt 0.224845 0.832440
vt 0.224845 0.825788
vt 0.778158 0.060288
vt 0.781807 0.056639
vt 0.781807 0.060288
vt 0.503326 0.610598
vt 0.496674 0.629908
vt 0.503326 0.629908
vt 0.205535 0.825788
vt 0.212187 0.832440
vt 0.212187 0.825788
vt 0.769149 0.056639
vt 0.769149 0.060288
vt 0.765500 0.060288
vt 0.766146 0.053636
vt 0.762497 0.053636
vt 0.762497 0.057285
vt 0.402060 0.927054
vt 0.306800 0.946364
vt 0.402060 0.946364
vt 0.971681 0.509332
vt 0.965028 0.604592
vt 0.971681 0.604592
vt 0.775155 0.053636
vt 0.775155 0.057285
vt 0.778804 0.053636
vt 0.199529 0.971681
vt 0.104269 0.965028
vt 0.104269 0.971681
vt 0.224845 0.813130
vt 0.218193 0.819782
vt 0.224845 0.819782
vt 0.971681 0.705858
vt 0.965028 0.610598
vt 0.965028 0.705858
vt 0.300794 0.965028
vt 0.205535 0.971681
vt 0.300794 0.971681
vt 0.914395 0.813130
vt 0.933706 0.908389
vt 0.933706 0.813130
vt 0.402060 0.971681
vt 0.306800 0.965028
vt 0.306800 0.971681
vt 0.933706 0.104269
vt 0.914395 0.199529
vt 0.933706 0.199529
vt 0.610598 0.509332
vt 0.705858 0.604592
vt 0.705858 0.509332
vt 0.813130 0.205535
vt 0.908389 0.300794
vt 0.908389 0.205535
vt 0.807124 0.863762
vt 0.711864 0.908389
vt 0.807124 0.908389
vt 0.098263 0.914395
vt 0.711864 0.402060
vt 0.889079 0.098263
vt 0.711864 0.300794
vt 0.199529 0.939712
vt 0.959022 0.610598
vt 0.813130 0.927054
vt 0.939712 0.604592
vt 0.547307 0.635914
vt 0.199529 0.952370
vt 0.939718 0.463015
vt 0.959011 0.466769
vt 0.946422 0.408066
vt 0.959022 0.408069
vt 0.744964 0.946364
vt 0.711895 0.935225
vt 0.807124 0.946364
vt 0.758372 0.927054
vt 0.939712 0.813130
vt 0.705858 0.927054
vt 0.889079 0.104269
vt 0.541301 0.635914
vt 0.402060 0.952370
vt 0.952370 0.205535
vt 0.503326 0.952370
vt 0.952370 0.306800
vt 0.402060 0.977687
vt 0.952370 0.813130
vt 0.478010 0.661231
vt 0.458699 0.661231
vt 0.496674 0.661231
vt 0.484016 0.661231
vt 0.471357 0.705858
vt 0.458699 0.705858
vt 0.496674 0.686547
vt 0.484016 0.705858
vt 0.420725 0.680541
vt 0.414719 0.661231
vt 0.446041 0.661231
vt 0.433383 0.661231
vt 0.813130 0.813130
vt 0.129585 0.610598
vt 0.914395 0.984339
vt 0.420725 0.705858
vt 0.965028 0.933706
vt 0.408066 0.705858
vt 0.446041 0.705858
vt 0.104269 0.610598
vt 0.433383 0.705858
vt 0.256168 0.857756
vt 0.471357 0.629908
vt 0.939712 0.205535
vt 0.965028 0.959022
vt 0.268826 0.838446
vt 0.503326 0.927054
vt 0.753963 0.003003
vt 0.756491 0.003003
vt 0.756491 0.199529
vt 0.753550 0.199366
vt 0.711864 0.199529
vt 0.711864 0.003003
vt 0.205535 0.889522
vt 0.356963 0.889522
vt 0.402060 0.889079
vt 0.402060 0.908389
vt 0.256168 0.845098
vt 0.294142 0.851104
vt 0.635914 0.047630
vt 0.639507 0.028319
vt 0.652057 0.028319
vt 0.655225 0.043742
vt 0.614190 0.047630
vt 0.610598 0.028319
vt 0.626741 0.047630
vt 0.629908 0.032207
vt 0.281484 0.857756
vt 0.294142 0.838446
vt 0.971681 0.408066
vt 0.465351 0.610598
vt 0.281484 0.838446
vt 0.218193 0.832440
vt 0.496674 0.610598
vt 0.205535 0.832440
vt 0.306800 0.927054
vt 0.965028 0.509332
vt 0.199529 0.965028
vt 0.218193 0.813130
vt 0.971681 0.610598
vt 0.205535 0.965028
vt 0.914395 0.908389
vt 0.402060 0.965028
vt 0.914395 0.104269
vt 0.610598 0.604592
vt 0.813130 0.300794
vt 0.711864 0.863762
s 1
usemtl Armchair_04.001
f 783/2497/537 690/2498/537 689/2499/537
f 695/2500/538 783/2501/538 781/2502/538
f 703/2503/539 700/2504/539 699/2505/539
f 692/2506/540 784/2507/540 782/2508/540
f 689/2509/538 697/2510/538 691/2511/538
f 693/2512/538 699/2513/538 700/2514/538
f 720/2515/541 690/2516/539 692/2517/539
f 724/2518/542 696/2519/543 694/2520/543
f 704/2521/537 716/2522/537 708/2523/537
f 703/2524/544 712/2525/544 704/2526/544
f 708/2527/537 723/2528/537 724/2529/537
f 717/2530/537 705/2531/537 701/2532/537
f 723/2533/545 707/2534/546 722/2535/545
f 711/2536/539 716/2537/547 712/2538/539
f 709/2539/543 713/2540/548 710/2541/543
f 701/2542/537 714/2543/537 709/2544/537
f 706/2545/549 714/2546/548 705/2547/549
f 701/2548/550 710/2549/550 702/2550/550
f 708/2551/546 715/2552/547 707/2553/546
f 720/2554/541 718/2555/551 717/2556/552
f 724/2557/542 722/2558/545 721/2559/553
f 719/2560/551 705/2561/549 718/2562/551
f 725/2563/554 730/2564/554 729/2565/554
f 730/2566/555 727/2567/555 729/2568/555
f 725/2569/538 729/2570/538 727/2571/538
f 728/2572/556 725/2573/557 727/2574/557
f 731/2575/558 736/2576/558 732/2577/558
f 733/2578/559 736/2579/559 735/2580/559
f 731/2581/538 733/2582/538 735/2583/538
f 731/2584/560 734/2585/560 733/2586/560
f 737/2587/561 742/2588/561 738/2589/561
f 739/2590/562 742/2591/562 741/2592/562
f 737/2593/538 739/2594/538 741/2595/538
f 737/2596/563 740/2597/563 739/2598/563
f 743/2599/564 748/2600/564 747/2601/564
f 748/2602/565 745/2603/566 747/2604/566
f 743/2605/538 747/2606/538 745/2607/538
f 746/2608/567 743/2609/567 745/2610/567
f 701/2611/543 697/2612/543 698/2613/543
f 699/2614/539 756/2615/539 703/2616/539
f 695/2617/538 754/2618/538 699/2619/538
f 706/2620/549 761/2621/568 713/2622/548
f 711/2623/539 762/2624/569 715/2625/547
f 697/2626/538 749/2627/538 691/2628/538
f 710/2629/550 755/2630/570 702/2631/550
f 702/2632/543 753/2633/543 697/2634/543
f 715/2635/547 758/2636/571 707/2637/546
f 707/2638/546 764/2639/572 722/2640/545
f 703/2641/544 760/2642/573 711/2643/544
f 750/2644/574 766/2645/575 752/2646/576
f 713/2647/548 759/2648/577 710/2649/543
f 706/2650/549 763/2651/578 757/2652/579
f 691/2653/538 785/2654/538 781/2655/538
f 751/2656/580 785/2657/580 752/2658/580
f 778/2659/580 766/2660/580 787/2661/580
f 756/2662/581 769/2663/582 760/2664/573
f 758/2665/571 770/2666/583 774/2667/584
f 773/2668/580 772/2669/580 776/2670/580
f 771/2671/580 778/2672/580 774/2673/580
f 757/2674/579 767/2675/585 761/2676/568
f 750/2677/574 773/2678/586 765/2679/587
f 786/2680/588 780/2681/589 789/2682/590
f 759/2683/577 767/2684/585 768/2685/591
f 755/2686/570 768/2687/592 773/2688/586
f 752/2689/576 771/2690/593 756/2691/581
f 764/2692/572 758/2693/571 780/2694/589
f 760/2695/594 770/2696/583 762/2697/569
f 779/2698/595 772/2699/596 757/2700/579
f 721/2701/553 722/2702/545 764/2703/572
f 763/2704/578 719/2705/551 720/2706/541
f 788/2707/597 692/2708/537 782/2709/537
f 786/2710/588 721/2711/598 764/2712/572
f 779/2713/595 757/2714/579 763/2715/578
f 780/2716/589 787/2717/599 789/2718/590
f 780/2719/589 774/2720/584 777/2721/599
f 779/2722/595 787/2723/599 775/2724/599
f 720/2725/598 786/2726/588 763/2727/578
f 721/2728/598 782/2729/537 696/2730/537
f 786/2731/588 779/2732/595 763/2733/578
f 781/2734/538 751/2735/538 695/2736/538
f 782/2737/540 694/2738/540 696/2739/540
f 781/2740/538 689/2741/538 691/2742/538
f 694/2743/537 783/2744/537 693/2745/537
f 783/2497/537 784/2746/537 690/2498/537
f 695/2500/538 693/2747/538 783/2501/538
f 703/2503/539 704/2748/539 700/2504/539
f 692/2506/540 690/2749/540 784/2507/540
f 689/2509/538 698/2750/538 697/2510/538
f 693/2512/538 695/2751/538 699/2513/538
f 720/2515/541 717/2752/552 690/2516/539
f 724/2518/542 721/2753/553 696/2519/543
f 704/2521/537 712/2754/537 716/2522/537
f 703/2524/544 711/2755/544 712/2525/544
f 724/2529/537 694/2756/537 704/2757/537
f 694/2756/537 693/2758/537 700/2759/537
f 704/2757/537 694/2756/537 700/2759/537
f 704/2757/537 708/2527/537 724/2529/537
f 689/2760/537 690/2761/537 698/2762/537
f 690/2761/537 717/2530/537 701/2532/537
f 717/2530/537 718/2763/537 705/2531/537
f 701/2532/537 698/2762/537 690/2761/537
f 723/2533/545 708/2764/546 707/2534/546
f 711/2536/539 715/2765/547 716/2537/547
f 709/2539/543 714/2766/548 713/2540/548
f 701/2542/537 705/2767/537 714/2543/537
f 706/2545/549 713/2768/548 714/2546/548
f 701/2548/550 709/2769/550 710/2549/550
f 708/2551/546 716/2770/547 715/2552/547
f 720/2554/541 719/2771/551 718/2555/551
f 724/2557/542 723/2772/545 722/2558/545
f 719/2560/551 706/2773/549 705/2561/549
f 725/2563/554 726/2774/554 730/2564/554
f 730/2566/555 728/2775/555 727/2567/555
f 728/2572/556 726/2776/556 725/2573/557
f 731/2575/558 735/2777/558 736/2576/558
f 733/2578/559 734/2778/559 736/2579/559
f 731/2584/560 732/2779/560 734/2585/560
f 737/2587/561 741/2780/561 742/2588/561
f 739/2590/562 740/2781/562 742/2591/562
f 737/2596/563 738/2782/563 740/2597/563
f 743/2599/564 744/2783/564 748/2600/564
f 748/2602/565 746/2784/565 745/2603/566
f 746/2608/567 744/2785/567 743/2609/567
f 701/2611/543 702/2786/543 697/2612/543
f 699/2614/539 754/2787/539 756/2615/539
f 695/2617/538 751/2788/538 754/2618/538
f 706/2620/549 757/2789/579 761/2621/568
f 711/2623/539 760/2790/594 762/2624/569
f 697/2626/538 753/2791/538 749/2627/538
f 710/2629/550 759/2792/600 755/2630/570
f 702/2632/543 755/2793/543 753/2633/543
f 715/2635/547 762/2794/569 758/2636/571
f 707/2638/546 758/2795/571 764/2639/572
f 703/2641/544 756/2796/581 760/2642/573
f 750/2644/574 765/2797/587 766/2645/575
f 713/2647/548 761/2798/568 759/2648/577
f 706/2650/549 719/2799/551 763/2651/578
f 691/2653/538 749/2800/538 785/2654/538
f 749/2801/580 753/2802/580 755/2803/580
f 749/2801/580 755/2803/580 750/2804/580
f 785/2657/580 749/2801/580 750/2804/580
f 752/2658/580 756/2805/580 754/2806/580
f 785/2657/580 750/2804/580 752/2658/580
f 752/2658/580 754/2806/580 751/2656/580
f 766/2660/580 765/2807/580 787/2661/580
f 765/2807/580 776/2808/580 787/2661/580
f 776/2808/580 775/2809/580 787/2661/580
f 787/2661/580 777/2810/580 778/2659/580
f 756/2662/581 771/2811/593 769/2663/582
f 758/2665/571 762/2812/569 770/2666/583
f 776/2670/580 765/2813/580 773/2668/580
f 773/2668/580 768/2814/580 772/2669/580
f 768/2814/580 767/2815/580 772/2669/580
f 772/2669/580 775/2816/580 776/2670/580
f 769/2817/580 771/2671/580 774/2673/580
f 771/2671/580 766/2818/580 778/2672/580
f 769/2817/580 774/2673/580 770/2819/580
f 778/2672/580 777/2820/580 774/2673/580
f 757/2674/579 772/2821/596 767/2675/585
f 750/2677/574 755/2822/570 773/2678/586
f 786/2680/588 764/2823/572 780/2681/589
f 759/2683/577 761/2824/568 767/2684/585
f 755/2686/570 759/2825/600 768/2687/592
f 752/2689/576 766/2826/575 771/2690/593
f 760/2695/594 769/2827/601 770/2696/583
f 779/2698/595 775/2828/599 772/2699/596
f 788/2707/597 720/2829/598 692/2708/537
f 786/2710/588 788/2830/597 721/2711/598
f 780/2716/589 777/2831/599 787/2717/599
f 780/2719/589 758/2832/571 774/2720/584
f 779/2722/595 789/2833/590 787/2723/599
f 720/2725/598 788/2834/597 786/2726/588
f 721/2728/598 788/2835/597 782/2729/537
f 786/2731/588 789/2836/590 779/2732/595
f 781/2734/538 785/2837/538 751/2735/538
f 782/2737/540 784/2838/540 694/2738/540
f 781/2740/538 783/2839/538 689/2741/538
f 694/2743/537 784/2840/537 783/2744/537
o Wardrobe.001
v -0.590698 -0.030808 -10.239083
v -0.590698 0.418370 -11.560759
v -0.650875 -0.580435 -9.940407
v -0.650875 0.038519 -11.761633
v 0.258762 -0.030808 -10.239083
v 0.258762 0.418370 -11.560759
v 0.747498 -0.580435 -9.940407
v 0.747498 0.038519 -11.761633
v -0.650875 -0.178715 -9.803880
v -0.650875 0.440239 -11.625106
v 0.747498 0.440239 -11.625106
v 0.747498 -0.178715 -9.803880
v -0.590698 -0.188008 -10.292508
v -0.590698 0.261171 -11.614184
v 0.258762 0.261171 -11.614184
v 0.258762 -0.188008 -10.292508
v 0.235199 -0.030814 -10.755041
v 0.154478 -0.031378 -10.753380
v 0.149214 -0.087844 -10.587234
v 0.108854 -0.092361 -10.573942
v 0.100078 -0.114383 -10.509145
v 0.047436 -0.116641 -10.502500
v 0.019361 -0.142051 -10.427733
v -0.105229 -0.145439 -10.417765
v -0.114004 -0.122853 -10.484223
v -0.156120 -0.116641 -10.502500
v -0.212271 -0.099702 -10.552343
v -0.257896 -0.117771 -10.499176
v -0.385996 -0.129064 -10.465947
v -0.505324 -0.088668 -10.584808
v -0.590698 -0.087693 -10.587677
v 0.258762 -0.030747 -10.755239
v 0.258762 -0.190024 -10.809370
v 0.258762 -0.347285 -10.346640
v -0.590698 -0.347285 -10.346640
v 0.235199 -0.190091 -10.809172
v 0.154478 -0.190656 -10.807510
v 0.149214 -0.247121 -10.641365
v 0.108854 -0.251638 -10.628074
v 0.100078 -0.273660 -10.563276
v 0.047436 -0.275919 -10.556630
v 0.019361 -0.301328 -10.481865
v -0.105229 -0.304716 -10.471896
v -0.114004 -0.282130 -10.538355
v -0.156120 -0.275919 -10.556630
v -0.212271 -0.258979 -10.606474
v -0.257896 -0.277048 -10.553308
v -0.385996 -0.288341 -10.520079
v -0.505324 -0.247945 -10.638940
v -0.590698 -0.246970 -10.641809
vn -1.0000 -0.0000 -0.0000
vn -0.0000 -0.9468 -0.3218
vn 1.0000 -0.0000 -0.0000
vn -0.0000 0.3218 -0.9468
vn -0.0000 -0.3218 0.9468
vn -0.0000 0.9468 0.3218
vn -0.9923 -0.0399 0.1175
vn 0.0842 -0.3206 0.9435
vn 0.9422 -0.1078 0.3172
vn 0.0217 -0.3217 0.9466
vn 0.0153 -0.3217 0.9467
vn -0.4166 -0.2925 0.8607
vn 0.9996 -0.0096 0.0284
vn -0.0355 -0.3216 0.9462
vn -0.6840 -0.2347 0.6907
vn 0.3285 -0.3039 0.8943
vn 0.7761 -0.2029 0.5971
vn 0.9919 -0.0409 0.1204
vn 0.0089 -0.3218 0.9468
vn 0.2642 -0.3103 0.9132
vn 0.1322 -0.3190 0.9385
vn -0.7248 -0.2217 0.6523
vt 0.705858 0.306800
vt 0.661231 0.503326
vt 0.705858 0.503326
vt 0.604592 0.503326
vt 0.408066 0.408066
vt 0.408066 0.503326
vt 0.655225 0.306800
vt 0.610598 0.503326
vt 0.655225 0.503326
vt 0.908389 0.971681
vt 0.813130 0.965028
vt 0.813130 0.971681
vt 0.908389 0.711864
vt 0.863762 0.807124
vt 0.908389 0.807124
vt 0.807124 0.857756
vt 0.711864 0.813130
vt 0.711864 0.857756
vt 0.883073 0.199529
vt 0.863762 0.003003
vt 0.863762 0.199529
vt 0.402060 0.655225
vt 0.205535 0.610598
vt 0.205535 0.655225
vt 0.857756 0.807124
vt 0.813130 0.711864
vt 0.813130 0.807124
vt 0.604592 0.946364
vt 0.509332 0.927054
vt 0.509332 0.946364
vt 0.851104 0.116927
vt 0.857756 0.123579
vt 0.857756 0.116927
vt 0.977687 0.503326
vt 0.977687 0.408066
vt 0.979172 0.408066
vt 0.503326 0.984339
vt 0.408066 0.977687
vt 0.408066 0.984339
vt 0.984339 0.604592
vt 0.977687 0.604592
vt 0.977687 0.542683
vt 0.838446 0.116927
vt 0.845098 0.123579
vt 0.845098 0.116927
vt 0.664055 0.210826
vt 0.682159 0.212281
vt 0.689047 0.217970
vt 0.908389 0.908389
vt 0.882592 0.889267
vt 0.908389 0.863762
vt 0.851104 0.104269
vt 0.857756 0.110921
vt 0.857756 0.104269
vt 0.186870 0.613601
vt 0.183221 0.655225
vt 0.186870 0.655225
vt 0.180218 0.610598
vt 0.183867 0.610598
vt 0.180218 0.652222
vt 0.838446 0.104269
vt 0.845098 0.110921
vt 0.845098 0.104269
vt 0.667883 0.078952
vt 0.661231 0.098263
vt 0.667883 0.098263
vt 0.199529 0.610598
vt 0.192876 0.655225
vt 0.199529 0.655225
vt 0.825788 0.142244
vt 0.832440 0.148896
vt 0.832440 0.142244
vt 0.813130 0.142244
vt 0.819782 0.148896
vt 0.819782 0.142244
vt 0.825788 0.129585
vt 0.832440 0.136238
vt 0.832440 0.129585
vt 0.984339 0.813130
vt 0.977687 0.908389
vt 0.984339 0.908389
vt 0.813130 0.129585
vt 0.819782 0.136238
vt 0.819782 0.129585
vt 0.851104 0.142244
vt 0.857756 0.148896
vt 0.857756 0.142244
vt 0.838446 0.142244
vt 0.845098 0.148896
vt 0.845098 0.142244
vt 0.851104 0.129585
vt 0.857756 0.136238
vt 0.857756 0.129585
vt 0.838446 0.129585
vt 0.845098 0.136238
vt 0.845098 0.129585
vt 0.775155 0.116927
vt 0.781807 0.123579
vt 0.781807 0.116927
vt 0.762497 0.116927
vt 0.769149 0.123579
vt 0.769149 0.116927
vt 0.775155 0.104269
vt 0.781807 0.110921
vt 0.781807 0.104269
vt 0.661231 0.306800
vt 0.604592 0.408066
vt 0.610598 0.306800
vt 0.908389 0.965028
vt 0.863762 0.711864
vt 0.807124 0.813130
vt 0.883073 0.003003
vt 0.402060 0.610598
vt 0.857756 0.711864
vt 0.604592 0.927054
vt 0.851104 0.123579
vt 0.984339 0.408066
vt 0.984339 0.503326
vt 0.503326 0.977687
vt 0.977687 0.509332
vt 0.984339 0.509332
vt 0.838446 0.123579
vt 0.610598 0.300794
vt 0.610598 0.219063
vt 0.620172 0.218835
vt 0.633554 0.209371
vt 0.647919 0.212017
vt 0.653035 0.216250
vt 0.659332 0.212281
vt 0.705858 0.300794
vt 0.694163 0.232257
vt 0.703215 0.232389
vt 0.705858 0.232405
vt 0.693573 0.219028
vt 0.665039 0.205535
vt 0.679011 0.206328
vt 0.688063 0.212810
vt 0.813130 0.907151
vt 0.847690 0.902634
vt 0.813472 0.902911
vt 0.850427 0.900514
vt 0.863772 0.900053
vt 0.872669 0.874517
vt 0.848189 0.868248
vt 0.865141 0.886593
vt 0.854876 0.883643
vt 0.865826 0.881246
vt 0.865141 0.897287
vt 0.880539 0.895812
vt 0.868905 0.888806
vt 0.851104 0.110921
vt 0.838446 0.110921
vt 0.661231 0.078952
vt 0.192876 0.610598
vt 0.825788 0.148896
vt 0.813130 0.148896
vt 0.825788 0.136238
vt 0.977687 0.813130
vt 0.813130 0.136238
vt 0.851104 0.148896
vt 0.838446 0.148896
vt 0.851104 0.136238
vt 0.838446 0.136238
vt 0.775155 0.123579
vt 0.762497 0.123579
vt 0.775155 0.110921
s 1
usemtl Wardrobe.001
f 799/2841/602 792/2842/602 798/2843/602
f 793/2844/603 796/2845/603 792/2846/603
f 797/2847/604 801/2848/604 796/2849/604
f 794/2850/605 802/2851/605 790/2852/605
f 796/2853/606 798/2854/606 792/2855/606
f 793/2856/605 800/2857/605 797/2858/605
f 790/2859/607 799/2860/607 798/2861/607
f 794/2862/607 800/2863/607 795/2864/607
f 794/2865/607 798/2866/607 801/2867/607
f 795/2868/607 799/2869/607 791/2870/607
f 814/2871/608 832/2872/608 813/2873/608
f 790/2874/604 802/2875/604 820/2876/604
f 791/2877/606 804/2878/606 795/2879/606
f 795/2880/602 804/2881/602 821/2882/602
f 813/2883/609 831/2884/609 812/2885/609
f 814/2886/607 811/2887/607 809/2888/607
f 823/2889/607 832/2890/607 824/2891/607
f 812/2892/610 830/2893/610 811/2894/610
f 824/2895/607 838/2896/607 839/2897/607
f 822/2898/607 825/2899/607 823/2900/607
f 807/2901/611 825/2902/612 806/2903/612
f 802/2904/604 839/2905/604 820/2906/604
f 821/2907/602 823/2908/602 805/2909/602
f 815/2910/613 833/2911/613 814/2912/613
f 808/2913/614 826/2914/614 807/2915/614
f 820/2916/615 838/2917/615 819/2918/615
f 805/2919/605 824/2920/605 802/2921/605
f 816/2922/616 834/2923/616 815/2924/616
f 809/2925/617 827/2926/617 808/2927/617
f 817/2928/618 835/2929/618 816/2930/618
f 810/2931/619 828/2932/619 809/2933/619
f 806/2934/612 822/2935/620 821/2936/620
f 818/2937/621 836/2938/621 817/2939/621
f 811/2940/622 829/2941/622 810/2942/622
f 819/2943/623 837/2944/623 818/2945/623
f 799/2841/602 793/2946/602 792/2842/602
f 793/2844/603 797/2947/603 796/2845/603
f 797/2847/604 800/2948/604 801/2848/604
f 794/2850/605 805/2949/605 802/2851/605
f 796/2853/606 801/2950/606 798/2854/606
f 793/2856/605 799/2951/605 800/2857/605
f 790/2859/607 791/2952/607 799/2860/607
f 794/2862/607 801/2953/607 800/2863/607
f 794/2865/607 790/2954/607 798/2866/607
f 795/2868/607 800/2955/607 799/2869/607
f 814/2871/608 833/2956/608 832/2872/608
f 803/2957/604 791/2958/604 820/2876/604
f 791/2958/604 790/2874/604 820/2876/604
f 791/2877/606 803/2959/606 804/2878/606
f 805/2960/602 794/2961/602 821/2882/602
f 794/2961/602 795/2880/602 821/2882/602
f 813/2883/609 832/2962/609 831/2884/609
f 803/2963/607 820/2964/607 819/2965/607
f 819/2965/607 818/2966/607 817/2967/607
f 816/2968/607 815/2969/607 809/2888/607
f 815/2969/607 814/2886/607 809/2888/607
f 819/2965/607 817/2967/607 816/2968/607
f 804/2970/607 803/2963/607 807/2971/607
f 803/2963/607 819/2965/607 807/2971/607
f 807/2971/607 819/2965/607 816/2968/607
f 806/2972/607 821/2973/607 804/2970/607
f 809/2888/607 808/2974/607 807/2971/607
f 807/2971/607 806/2972/607 804/2970/607
f 814/2886/607 813/2975/607 812/2976/607
f 807/2971/607 816/2968/607 809/2888/607
f 811/2887/607 810/2977/607 809/2888/607
f 814/2886/607 812/2976/607 811/2887/607
f 823/2889/607 825/2978/607 827/2979/607
f 825/2978/607 826/2980/607 827/2979/607
f 827/2979/607 828/2981/607 829/2982/607
f 837/2983/607 838/2984/607 824/2891/607
f 834/2985/607 835/2986/607 836/2987/607
f 836/2987/607 837/2983/607 832/2890/607
f 837/2983/607 824/2891/607 832/2890/607
f 823/2889/607 827/2979/607 829/2982/607
f 829/2982/607 830/2988/607 831/2989/607
f 832/2890/607 833/2990/607 834/2985/607
f 823/2889/607 829/2982/607 831/2989/607
f 832/2890/607 834/2985/607 836/2987/607
f 823/2889/607 831/2989/607 832/2890/607
f 812/2892/610 831/2991/610 830/2893/610
f 807/2901/611 826/2992/611 825/2902/612
f 802/2904/604 824/2993/604 839/2905/604
f 821/2907/602 822/2994/602 823/2908/602
f 815/2910/613 834/2995/613 833/2911/613
f 808/2913/614 827/2996/614 826/2914/614
f 820/2916/615 839/2997/615 838/2917/615
f 805/2919/605 823/2998/605 824/2920/605
f 816/2922/616 835/2999/616 834/2923/616
f 809/2925/617 828/3000/617 827/2926/617
f 817/2928/618 836/3001/618 835/2929/618
f 810/2931/619 829/3002/619 828/2932/619
f 806/2934/612 825/3003/612 822/2935/620
f 818/2937/621 837/3004/621 836/2938/621
f 811/2940/622 830/3005/622 829/2941/622
f 819/2943/623 838/3006/623 837/2944/623
o Garbage_bags.001
v 0.066086 0.104814 -12.784000
v 0.186088 0.352730 -12.711907
v 0.059054 0.081658 -13.159634
v 0.083232 0.301704 -13.172590
v 0.384512 0.044483 -12.789135
v 0.351245 0.372825 -12.692952
v 0.362636 0.021126 -13.195580
v 0.341192 0.342328 -13.302173
v 0.505425 0.306528 -13.255398
v 0.503683 0.189990 -13.266796
v 0.547262 0.157836 -12.863335
v 0.522601 0.361663 -12.897196
v 0.067572 0.057543 -12.971733
v 0.012377 0.473489 -12.984580
v 0.391524 -0.034260 -13.007490
v 0.319504 0.675887 -13.072394
v 0.547223 0.129514 -13.016669
v 0.516712 0.437738 -13.114047
v 0.325412 0.738328 -13.020947
v 0.315660 0.654091 -13.062928
v 0.298947 0.751939 -13.163532
v 0.325412 0.738328 -13.020947
v 0.315660 0.654091 -13.062928
v 0.298947 0.751939 -13.163532
vn -0.7181 -0.6775 0.1590
vn -0.8391 0.5439 0.0089
vn -0.6787 -0.5187 -0.5200
vn -0.6444 0.1497 -0.7499
vn 0.1258 -0.7559 -0.6425
vn 0.0608 0.9873 -0.1470
vn 0.8688 0.3151 0.3820
vn 0.8393 0.4992 -0.2151
vn 0.3024 -0.6715 0.6765
vn -0.4574 0.2527 0.8526
vn -0.6127 -0.4433 0.6542
vn 0.2491 0.3356 0.9085
vn 0.9204 -0.3877 -0.0513
vn 0.8745 -0.2447 0.4187
vn -0.0687 0.2289 -0.9710
vn 0.6263 -0.3077 -0.7162
vn 0.2645 -0.9644 0.0028
vn 0.6918 0.1485 -0.7067
vn 0.9826 -0.0218 -0.1845
vn -0.9826 0.0218 0.1845
vt 0.604592 0.604592
vt 0.411069 0.604592
vt 0.604592 0.512335
vt 0.509332 0.205535
vt 0.604592 0.402060
vt 0.604592 0.205535
vt 0.402060 0.205535
vt 0.205535 0.402060
vt 0.402060 0.402060
vt 0.003003 0.503326
vt 0.199529 0.408066
vt 0.003003 0.408066
vt 0.503326 0.402060
vt 0.408066 0.205535
vt 0.408066 0.402060
vt 0.402060 0.604592
vt 0.205535 0.509332
vt 0.205535 0.604592
vt 0.908389 0.306800
vt 0.813130 0.402060
vt 0.908389 0.402060
vt 0.408066 0.813130
vt 0.503326 0.908389
vt 0.503326 0.813130
vt 0.908389 0.408066
vt 0.813130 0.503326
vt 0.908389 0.503326
vt 0.509332 0.813130
vt 0.604592 0.908389
vt 0.604592 0.813130
vt 0.813130 0.509332
vt 0.908389 0.604592
vt 0.908389 0.509332
vt 0.813130 0.610598
vt 0.908389 0.705858
vt 0.908389 0.610598
vt 0.003003 0.003003
vt 0.199529 0.199529
vt 0.199529 0.003003
vt 0.604592 0.003003
vt 0.509332 0.199529
vt 0.604592 0.199529
vt 0.205535 0.503326
vt 0.402060 0.408066
vt 0.205535 0.408066
vt 0.503326 0.199529
vt 0.408066 0.003003
vt 0.408066 0.199529
vt 0.408066 0.601589
vt 0.601589 0.509332
vt 0.408066 0.509332
vt 0.047630 0.655225
vt 0.047630 0.613601
vt 0.006006 0.655225
vt 0.003003 0.610598
vt 0.044627 0.610598
vt 0.003003 0.652222
vt 0.509332 0.402060
vt 0.205535 0.205535
vt 0.199529 0.503326
vt 0.503326 0.205535
vt 0.402060 0.509332
vt 0.813130 0.306800
vt 0.408066 0.908389
vt 0.813130 0.408066
vt 0.509332 0.908389
vt 0.813130 0.604592
vt 0.813130 0.705858
vt 0.003003 0.199529
vt 0.509332 0.003003
vt 0.402060 0.503326
vt 0.503326 0.003003
s 1
usemtl Garbage_bags.001
f 852/3007/624 853/3008/625 842/3009/626
f 843/3010/627 846/3011/628 842/3012/626
f 855/3013/629 851/3014/630 857/3015/631
f 844/3016/632 841/3017/633 840/3018/634
f 852/3019/624 844/3020/632 840/3021/634
f 855/3022/629 841/3023/633 845/3024/635
f 856/3025/636 851/3026/630 850/3027/637
f 847/3028/638 849/3029/639 846/3030/628
f 845/3031/635 850/3032/637 851/3033/630
f 846/3034/628 856/3035/636 854/3036/640
f 854/3037/640 850/3038/637 844/3039/632
f 848/3040/641 856/3041/636 849/3042/639
f 843/3043/627 855/3044/629 847/3045/638
f 846/3046/628 852/3047/624 842/3048/626
f 847/3049/638 857/3050/631 848/3051/641
f 840/3052/634 853/3053/625 852/3054/624
f 842/3055/626 853/3056/625 843/3057/627
f 859/3058/642 860/3059/642 858/3060/642
f 862/3061/643 861/3062/643 863/3063/643
f 843/3010/627 847/3064/638 846/3011/628
f 855/3013/629 845/3065/635 851/3014/630
f 844/3016/632 845/3066/635 841/3017/633
f 852/3019/624 854/3067/640 844/3020/632
f 855/3022/629 853/3068/625 841/3023/633
f 856/3025/636 857/3069/631 851/3026/630
f 847/3028/638 848/3070/641 849/3029/639
f 845/3031/635 844/3071/632 850/3032/637
f 846/3034/628 849/3072/639 856/3035/636
f 854/3037/640 856/3073/636 850/3038/637
f 848/3040/641 857/3074/631 856/3041/636
f 843/3043/627 853/3075/625 855/3044/629
f 846/3046/628 854/3076/640 852/3047/624
f 847/3049/638 855/3077/629 857/3050/631
f 840/3052/634 841/3078/633 853/3053/625
o Chicken.001
v -0.219893 0.232173 -14.700773
v -0.222915 0.167370 -14.556436
v -0.396709 0.232173 -14.737505
v -0.451425 0.167370 -14.603907
v -0.205151 0.323121 -14.511439
v -0.204543 0.322303 -14.673681
v -0.485639 0.323121 -14.569708
v -0.421579 0.322303 -14.718769
v -0.250346 0.285851 -14.745210
v -0.351078 0.285851 -14.766135
v -0.240997 0.325748 -14.732687
v -0.364641 0.325748 -14.758372
v -0.274721 0.161477 -14.431396
v -0.453708 0.161477 -14.468577
v -0.481125 0.295174 -14.438816
v -0.259756 0.263580 -14.401208
v -0.336244 0.149826 -14.584631
v -0.307584 0.218598 -14.722590
v -0.354204 0.389565 -14.498169
v -0.321390 0.387298 -14.656130
v -0.300304 0.278117 -14.757639
v -0.304117 0.350337 -14.739278
v -0.363489 0.147735 -14.453480
v -0.373855 0.344026 -14.403577
v -0.383388 0.211634 -14.357688
v -0.413753 0.216259 -14.362770
v -0.386877 0.277700 -14.340892
v -0.348475 0.250624 -14.340095
v -0.422981 0.261257 -14.352753
v -0.353512 0.216259 -14.350255
v -0.164176 0.290593 -14.530375
v -0.197615 0.333121 -14.450683
v -0.128790 0.257464 -14.509055
v -0.140218 0.279385 -14.416101
v -0.149462 0.208717 -14.509848
v -0.173748 0.200315 -14.417386
v -0.197623 0.211718 -14.531658
v -0.232119 0.205183 -14.448661
v -0.206718 0.262320 -14.544345
v -0.246870 0.287261 -14.469239
v -0.221333 0.282170 -14.352598
v -0.239268 0.298961 -14.363404
v -0.231810 0.257463 -14.353001
v -0.256220 0.258984 -14.364055
v -0.260829 0.284631 -14.370484
v -0.258702 0.293415 -14.283402
v -0.271578 0.305470 -14.291161
v -0.266224 0.275677 -14.283690
v -0.283749 0.276769 -14.291627
v -0.287058 0.295182 -14.296244
v -0.257849 0.297922 -14.262380
v -0.278307 0.317075 -14.274706
v -0.269800 0.269739 -14.262837
v -0.297644 0.271474 -14.275447
v -0.302902 0.300729 -14.282782
v -0.293297 0.296034 -14.244498
v -0.515684 0.290593 -14.603397
v -0.516752 0.333121 -14.516980
v -0.556634 0.257464 -14.597935
v -0.583175 0.279385 -14.508121
v -0.537357 0.208717 -14.590429
v -0.551907 0.200315 -14.495945
v -0.484493 0.211718 -14.591252
v -0.485909 0.205183 -14.501383
v -0.471099 0.262320 -14.599267
v -0.464182 0.287261 -14.514383
v -0.534063 0.282170 -14.417564
v -0.513308 0.298961 -14.420333
v -0.524293 0.257463 -14.413760
v -0.497500 0.258984 -14.414178
v -0.490711 0.284631 -14.418240
v -0.527346 0.293415 -14.339211
v -0.512446 0.305470 -14.341198
v -0.520332 0.275677 -14.336479
v -0.501096 0.276769 -14.336779
v -0.496222 0.295182 -14.339695
v -0.536502 0.297922 -14.320267
v -0.512828 0.317075 -14.323425
v -0.525358 0.269739 -14.315928
v -0.494795 0.271474 -14.316403
v -0.487051 0.300729 -14.321037
v -0.511109 0.296034 -14.289746
v -0.161224 0.260732 -14.598074
v -0.155737 0.208148 -14.607444
v -0.133542 0.243123 -14.561115
v -0.130746 0.205309 -14.564547
v -0.161224 0.260732 -14.598074
v -0.134353 0.262956 -14.603785
v -0.204069 0.269668 -14.697468
v -0.178517 0.296852 -14.696834
v -0.155737 0.208148 -14.607444
v -0.109706 0.240170 -14.620083
v -0.179422 0.246881 -14.713766
v -0.153870 0.274066 -14.713132
v -0.192659 0.224394 -14.566936
v -0.173656 0.255118 -14.579247
v -0.244945 0.247519 -14.618791
v -0.229040 0.277674 -14.635947
v -0.133542 0.243123 -14.561115
v -0.232473 0.224938 -14.646918
v -0.216569 0.255093 -14.664076
v -0.121647 0.246748 -14.577468
v -0.103896 0.230337 -14.589206
v -0.130746 0.205309 -14.564547
v -0.163640 0.218975 -14.550928
v -0.149953 0.241103 -14.559794
v -0.492456 0.260732 -14.666884
v -0.514829 0.262956 -14.682825
v -0.413568 0.269668 -14.740990
v -0.437259 0.296852 -14.750585
v -0.493757 0.208148 -14.677664
v -0.530945 0.240170 -14.707591
v -0.429684 0.246881 -14.765756
v -0.453375 0.274066 -14.775351
v -0.476024 0.224394 -14.625801
v -0.488552 0.255118 -14.644663
v -0.407412 0.247519 -14.652541
v -0.415166 0.277674 -14.674613
v -0.532568 0.243123 -14.644009
v -0.407648 0.224938 -14.683310
v -0.415403 0.255093 -14.705381
v -0.536966 0.246748 -14.663746
v -0.548573 0.230337 -14.681582
v -0.533766 0.205309 -14.648270
v -0.509018 0.218975 -14.622677
v -0.518041 0.241103 -14.636261
vn 0.7153 -0.6987 -0.0156
vn 0.7231 0.1785 0.6673
vn 0.5202 -0.7278 0.4470
vn 0.4936 -0.0966 -0.8643
vn 0.1397 0.7269 -0.6724
vn 0.5830 0.4813 -0.6546
vn -0.7142 0.4463 -0.5392
vn -0.1085 -0.0966 -0.9894
vn -0.4709 -0.4988 -0.7277
vn 0.0358 0.9844 -0.1723
vn -0.2740 0.4813 -0.8326
vn 0.2002 -0.1770 -0.9636
vn 0.0474 -0.9725 -0.2282
vn 0.7217 -0.4988 -0.4799
vn -0.8904 0.4409 -0.1132
vn -0.0194 0.9744 0.2238
vn -0.6537 -0.6973 -0.2940
vn -0.6050 0.0919 0.7909
vn -0.0525 0.8171 0.5741
vn -0.8846 0.3132 0.3455
vn 0.1355 -0.7457 -0.6523
vn 0.2878 0.0569 0.9560
vn 0.8525 0.4465 0.2718
vn -0.6623 -0.7199 0.2074
vn 0.8699 0.4463 -0.2101
vn -0.1612 -0.6096 0.7762
vn -0.4877 -0.5081 0.7099
vn 0.1501 -0.5171 0.8426
vn -0.0537 -0.9645 0.2587
vn 0.3346 0.5943 -0.7314
vn 0.8607 0.2632 0.4358
vn 0.9205 0.0667 -0.3851
vn 0.3893 -0.8156 0.4280
vn 0.5917 -0.7026 -0.3953
vn -0.6342 -0.7719 -0.0442
vn -0.2491 -0.6464 -0.7212
vn 0.0393 0.9979 -0.0513
vn 0.7306 0.2888 0.6188
vn -0.8684 0.3527 -0.3486
vn -0.4029 0.1227 -0.9070
vn -0.0382 0.9902 0.1346
vn -0.7252 0.3298 -0.6043
vn 0.1897 0.9381 -0.2898
vn 0.2827 -0.7435 0.6060
vn -0.7362 -0.6740 0.0605
vn -0.9145 0.3386 -0.2216
vn -0.5256 -0.7754 -0.3501
vn -0.8712 0.3673 -0.3258
vn 0.9613 0.2247 0.1594
vn 0.5262 -0.8409 0.1263
vn 0.0652 0.9979 -0.0066
vn -0.3995 0.1547 0.9036
vn 0.8520 0.2599 0.4545
vn 0.3995 -0.8155 0.4187
vn -0.6592 -0.7496 -0.0607
vn -0.0157 0.5943 -0.8041
vn -0.9630 0.2632 0.0570
vn -0.0156 0.9979 -0.0627
vn -0.6909 0.0667 -0.7198
vn -0.5275 -0.8156 0.2375
vn -0.3853 -0.7026 -0.5983
vn 0.5993 -0.7719 0.2121
vn -0.9166 0.2888 0.2766
vn 0.5157 -0.6464 -0.5623
vn 0.9354 0.3527 0.0261
vn 0.7308 0.1227 -0.6715
vn -0.0186 0.9902 0.1387
vn 0.9059 0.3298 -0.2655
vn 0.9271 0.3386 0.1610
vn -0.5007 -0.7435 0.4432
vn 0.6512 -0.6740 0.3488
vn 0.9289 0.3673 0.0482
vn 0.6215 -0.7754 -0.1117
vn -0.9452 0.2247 -0.2366
vn -0.5330 -0.8409 -0.0938
vn -0.0571 0.9979 -0.0320
vn 0.0066 0.1547 0.9879
vn -0.9625 0.2599 0.0776
vn -0.0586 0.9381 -0.3414
vn -0.5332 -0.8155 0.2250
vn 0.6288 -0.7496 0.2069
vn -0.8426 -0.1503 0.5172
vn -0.8425 -0.1504 0.5172
vn -0.0483 0.9876 0.1492
vn -0.0634 0.9579 -0.2800
vn -0.9202 0.3265 -0.2159
vn -0.3819 -0.5424 -0.7483
vn 0.9537 -0.0345 -0.2988
vn 0.0297 -0.9638 -0.2650
vn 0.5866 0.6324 0.5059
vn 0.3106 0.9189 0.2432
vn 0.5444 0.1983 -0.8151
vn -0.1241 0.8424 0.5244
vn -0.6759 -0.1850 0.7134
vn -0.6102 -0.3013 0.7327
vn -0.1043 -0.9330 -0.3445
vn 0.5876 0.2708 -0.7625
vn -0.0133 0.9665 0.2563
vn 0.4190 -0.7559 0.5030
vn 0.3890 0.4880 0.7814
vn 0.0434 0.5521 0.8327
vn -0.2623 -0.3655 0.8931
vn 0.9809 -0.1676 0.0990
vn 0.0405 0.9879 0.1499
vn 0.1697 0.9579 -0.2316
vn -0.3818 0.9189 0.0993
vn 0.6483 -0.5424 -0.5342
vn 0.9301 0.3265 0.1685
vn -0.7557 -0.0345 -0.6540
vn -0.1747 0.1983 -0.9644
vn -0.7396 0.6324 0.2304
vn 0.0958 -0.9646 -0.2456
vn 0.3358 -0.1850 0.9236
vn -0.0950 0.8424 0.5304
vn 0.2679 -0.3013 0.9151
vn 0.0557 -0.8769 -0.4774
vn -0.3116 0.4067 -0.8588
vn -0.0899 0.9665 0.2404
vn -0.5847 -0.7559 0.2945
vn -0.9391 -0.1676 -0.2999
vn -0.3715 0.5521 0.7465
vn -0.6680 0.4880 0.5618
vn -0.1151 -0.3655 0.9237
vn -0.1119 0.3699 0.9223
vn -0.8425 -0.1505 0.5172
vt 0.110921 0.889079
vt 0.104269 0.895731
vt 0.110921 0.895731
vt 0.148896 0.901737
vt 0.142244 0.908389
vt 0.148896 0.908389
vt 0.129585 0.901737
vt 0.136238 0.908389
vt 0.136238 0.901737
vt 0.148896 0.889079
vt 0.142244 0.895731
vt 0.148896 0.895731
vt 0.136238 0.889079
vt 0.129585 0.895731
vt 0.136238 0.895731
vt 0.174212 0.825788
vt 0.167560 0.832440
vt 0.174212 0.832440
vt 0.154902 0.825788
vt 0.161554 0.832440
vt 0.161554 0.825788
vt 0.167560 0.813130
vt 0.174212 0.819782
vt 0.174212 0.813130
vt 0.154902 0.813130
vt 0.161554 0.819782
vt 0.161554 0.813130
vt 0.199529 0.825788
vt 0.192876 0.832440
vt 0.199529 0.832440
vt 0.186870 0.825788
vt 0.180218 0.832440
vt 0.186870 0.832440
vt 0.199529 0.813130
vt 0.192876 0.819782
vt 0.199529 0.819782
vt 0.186870 0.813130
vt 0.180218 0.819782
vt 0.186870 0.819782
vt 0.167560 0.851104
vt 0.174212 0.857756
vt 0.174212 0.851104
vt 0.154902 0.851104
vt 0.161554 0.857756
vt 0.161554 0.851104
vt 0.167560 0.838446
vt 0.174212 0.845098
vt 0.174212 0.838446
vt 0.154902 0.838446
vt 0.161554 0.845098
vt 0.161554 0.838446
vt 0.192876 0.851104
vt 0.199529 0.857756
vt 0.199529 0.851104
vt 0.186870 0.851104
vt 0.180218 0.857756
vt 0.186870 0.857756
vt 0.192876 0.838446
vt 0.199529 0.845098
vt 0.199529 0.838446
vt 0.180218 0.838446
vt 0.186870 0.845098
vt 0.186870 0.838446
vt 0.123579 0.825788
vt 0.116927 0.832440
vt 0.123579 0.832440
vt 0.104269 0.825788
vt 0.110921 0.832440
vt 0.110921 0.825788
vt 0.116927 0.813130
vt 0.123579 0.819782
vt 0.123579 0.813130
vt 0.104269 0.813130
vt 0.110921 0.819782
vt 0.110921 0.813130
vt 0.148896 0.825788
vt 0.142244 0.832440
vt 0.148896 0.832440
vt 0.129585 0.825788
vt 0.136238 0.832440
vt 0.136238 0.825788
vt 0.148896 0.813130
vt 0.142244 0.819782
vt 0.148896 0.819782
vt 0.136238 0.813130
vt 0.129585 0.819782
vt 0.136238 0.819782
vt 0.123579 0.851104
vt 0.116927 0.857756
vt 0.123579 0.857756
vt 0.110921 0.851104
vt 0.104269 0.857756
vt 0.110921 0.857756
vt 0.116927 0.838446
vt 0.123579 0.845098
vt 0.123579 0.838446
vt 0.110921 0.838446
vt 0.104269 0.845098
vt 0.110921 0.845098
vt 0.142244 0.851104
vt 0.148896 0.857756
vt 0.148896 0.851104
vt 0.132126 0.857756
vt 0.129585 0.854430
vt 0.132126 0.851104
vt 0.148896 0.838446
vt 0.142244 0.845098
vt 0.148896 0.845098
vt 0.136238 0.838446
vt 0.129585 0.845098
vt 0.136238 0.845098
vt 0.072946 0.876421
vt 0.066294 0.883073
vt 0.072946 0.883073
vt 0.053636 0.876421
vt 0.060288 0.883073
vt 0.060288 0.876421
vt 0.066294 0.863762
vt 0.072946 0.870415
vt 0.072946 0.863762
vt 0.053636 0.863762
vt 0.060288 0.870415
vt 0.060288 0.863762
vt 0.091611 0.876421
vt 0.098263 0.883073
vt 0.098263 0.876421
vt 0.078952 0.876421
vt 0.085605 0.883073
vt 0.085605 0.876421
vt 0.098263 0.863762
vt 0.091611 0.870415
vt 0.098263 0.870415
vt 0.078952 0.863762
vt 0.085605 0.870415
vt 0.085605 0.863762
vt 0.781807 0.085605
vt 0.778158 0.085605
vt 0.781807 0.081955
vt 0.072946 0.901737
vt 0.066294 0.908389
vt 0.072946 0.908389
vt 0.053636 0.901737
vt 0.060288 0.908389
vt 0.060288 0.901737
vt 0.072946 0.889079
vt 0.066294 0.895731
vt 0.072946 0.895731
vt 0.060288 0.889079
vt 0.053636 0.895731
vt 0.060288 0.895731
vt 0.765500 0.085605
vt 0.769149 0.085605
vt 0.769149 0.081955
vt 0.790816 0.060288
vt 0.794465 0.060288
vt 0.794465 0.056639
vt 0.781807 0.098263
vt 0.778158 0.098263
vt 0.781807 0.094614
vt 0.766146 0.078952
vt 0.762497 0.078952
vt 0.762497 0.082602
vt 0.098263 0.901737
vt 0.091611 0.908389
vt 0.098263 0.908389
vt 0.085605 0.901737
vt 0.078952 0.908389
vt 0.085605 0.908389
vt 0.098263 0.889079
vt 0.091611 0.895731
vt 0.098263 0.895731
vt 0.078952 0.889079
vt 0.085605 0.895731
vt 0.085605 0.889079
vt 0.022313 0.876421
vt 0.015661 0.883073
vt 0.022313 0.883073
vt 0.003003 0.876421
vt 0.009655 0.883073
vt 0.009655 0.876421
vt 0.018202 0.870415
vt 0.018202 0.863762
vt 0.022313 0.865033
vt 0.009655 0.863762
vt 0.003003 0.870415
vt 0.009655 0.870415
vt 0.047630 0.876421
vt 0.040978 0.883073
vt 0.047630 0.883073
vt 0.034972 0.876421
vt 0.028319 0.883073
vt 0.034972 0.883073
vt 0.040978 0.863762
vt 0.047630 0.870415
vt 0.047630 0.863762
vt 0.028319 0.863762
vt 0.034972 0.870415
vt 0.034972 0.863762
vt 0.015661 0.901737
vt 0.022313 0.908389
vt 0.022313 0.901737
vt 0.003003 0.901737
vt 0.009655 0.908389
vt 0.009655 0.901737
vt 0.015661 0.889079
vt 0.022313 0.895731
vt 0.022313 0.889079
vt 0.009655 0.889079
vt 0.003003 0.895731
vt 0.009655 0.895731
vt 0.040978 0.901737
vt 0.047630 0.908389
vt 0.047630 0.901737
vt 0.769149 0.098263
vt 0.769149 0.094614
vt 0.765500 0.098263
vt 0.034972 0.901737
vt 0.028319 0.908389
vt 0.034972 0.908389
vt 0.040978 0.889079
vt 0.047630 0.895731
vt 0.047630 0.889079
vt 0.034972 0.889079
vt 0.028319 0.895731
vt 0.034972 0.895731
vt 0.072946 0.825788
vt 0.066294 0.832440
vt 0.072946 0.832440
vt 0.778804 0.078952
vt 0.775155 0.082602
vt 0.775155 0.078952
vt 0.766146 0.091611
vt 0.762497 0.095260
vt 0.762497 0.091611
vt 0.778804 0.091611
vt 0.775155 0.095260
vt 0.775155 0.091611
vt 0.787813 0.053636
vt 0.787813 0.057285
vt 0.791462 0.053636
vt 0.053636 0.825788
vt 0.060288 0.832440
vt 0.060288 0.825788
vt 0.072946 0.813130
vt 0.066294 0.819782
vt 0.072946 0.819782
vt 0.053636 0.813130
vt 0.060288 0.819782
vt 0.060288 0.813130
vt 0.098263 0.825788
vt 0.091611 0.832440
vt 0.098263 0.832440
vt 0.078952 0.825788
vt 0.085605 0.832440
vt 0.085605 0.825788
vt 0.098263 0.813130
vt 0.091611 0.819782
vt 0.098263 0.819782
vt 0.085605 0.813130
vt 0.078952 0.819782
vt 0.085605 0.819782
vt 0.066294 0.851104
vt 0.072946 0.857756
vt 0.072946 0.851104
vt 0.807124 0.060288
vt 0.803474 0.060288
vt 0.807124 0.056639
vt 0.053636 0.851104
vt 0.060288 0.857756
vt 0.060288 0.851104
vt 0.066294 0.838446
vt 0.072946 0.845098
vt 0.072946 0.838446
vt 0.060288 0.838446
vt 0.053636 0.845098
vt 0.060288 0.845098
vt 0.098263 0.851104
vt 0.091611 0.857756
vt 0.098263 0.857756
vt 0.085605 0.851104
vt 0.078952 0.857756
vt 0.085605 0.857756
vt 0.091611 0.838446
vt 0.098263 0.845098
vt 0.098263 0.838446
vt 0.078952 0.838446
vt 0.085605 0.845098
vt 0.085605 0.838446
vt 0.022313 0.825788
vt 0.015661 0.832440
vt 0.022313 0.832440
vt 0.009655 0.825788
vt 0.003003 0.832440
vt 0.009655 0.832440
vt 0.022313 0.813130
vt 0.015661 0.819782
vt 0.022313 0.819782
vt 0.003003 0.813130
vt 0.009655 0.819782
vt 0.009655 0.813130
vt 0.047630 0.825788
vt 0.040978 0.832440
vt 0.047630 0.832440
vt 0.028319 0.825788
vt 0.034972 0.832440
vt 0.034972 0.825788
vt 0.047630 0.813130
vt 0.040978 0.819782
vt 0.047630 0.819782
vt 0.034972 0.813130
vt 0.028319 0.819782
vt 0.034972 0.819782
vt 0.015661 0.851104
vt 0.022313 0.857756
vt 0.022313 0.851104
vt 0.009655 0.851104
vt 0.003003 0.857756
vt 0.009655 0.857756
vt 0.015661 0.838446
vt 0.022313 0.845098
vt 0.022313 0.838446
vt 0.003003 0.838446
vt 0.009655 0.845098
vt 0.009655 0.838446
vt 0.047630 0.851104
vt 0.040978 0.857756
vt 0.047630 0.857756
vt 0.034972 0.851104
vt 0.028319 0.857756
vt 0.034972 0.857756
vt 0.047630 0.838446
vt 0.040978 0.845098
vt 0.047630 0.845098
vt 0.028319 0.838446
vt 0.034972 0.845098
vt 0.034972 0.838446
vt 0.268826 0.825788
vt 0.275478 0.832440
vt 0.275478 0.825788
vt 0.262820 0.825788
vt 0.256168 0.832440
vt 0.262820 0.832440
vt 0.275478 0.813130
vt 0.268826 0.819782
vt 0.275478 0.819782
vt 0.804121 0.053636
vt 0.800471 0.057285
vt 0.800471 0.053636
vt 0.104269 0.889079
vt 0.142244 0.901737
vt 0.129585 0.908389
vt 0.142244 0.889079
vt 0.129585 0.889079
vt 0.167560 0.825788
vt 0.154902 0.832440
vt 0.167560 0.819782
vt 0.154902 0.819782
vt 0.192876 0.825788
vt 0.180218 0.825788
vt 0.192876 0.813130
vt 0.180218 0.813130
vt 0.167560 0.857756
vt 0.154902 0.857756
vt 0.167560 0.845098
vt 0.154902 0.845098
vt 0.192876 0.857756
vt 0.180218 0.851104
vt 0.192876 0.845098
vt 0.180218 0.845098
vt 0.116927 0.825788
vt 0.104269 0.832440
vt 0.116927 0.819782
vt 0.104269 0.819782
vt 0.142244 0.825788
vt 0.129585 0.832440
vt 0.142244 0.813130
vt 0.129585 0.813130
vt 0.116927 0.851104
vt 0.104269 0.851104
vt 0.116927 0.845098
vt 0.104269 0.838446
vt 0.142244 0.857756
vt 0.136238 0.852375
vt 0.136238 0.856486
vt 0.142244 0.838446
vt 0.129585 0.838446
vt 0.066294 0.876421
vt 0.053636 0.883073
vt 0.066294 0.870415
vt 0.053636 0.870415
vt 0.091611 0.883073
vt 0.078952 0.883073
vt 0.091611 0.863762
vt 0.078952 0.870415
vt 0.066294 0.901737
vt 0.053636 0.908389
vt 0.066294 0.889079
vt 0.053636 0.889079
vt 0.091611 0.901737
vt 0.078952 0.901737
vt 0.091611 0.889079
vt 0.078952 0.895731
vt 0.015661 0.876421
vt 0.003003 0.883073
vt 0.022313 0.869144
vt 0.015661 0.867089
vt 0.003003 0.863762
vt 0.040978 0.876421
vt 0.028319 0.876421
vt 0.040978 0.870415
vt 0.028319 0.870415
vt 0.015661 0.908389
vt 0.003003 0.908389
vt 0.015661 0.895731
vt 0.003003 0.889079
vt 0.040978 0.908389
vt 0.028319 0.901737
vt 0.040978 0.895731
vt 0.028319 0.889079
vt 0.066294 0.825788
vt 0.053636 0.832440
vt 0.066294 0.813130
vt 0.053636 0.819782
vt 0.091611 0.825788
vt 0.078952 0.832440
vt 0.091611 0.813130
vt 0.078952 0.813130
vt 0.066294 0.857756
vt 0.053636 0.857756
vt 0.066294 0.845098
vt 0.053636 0.838446
vt 0.091611 0.851104
vt 0.078952 0.851104
vt 0.091611 0.845098
vt 0.078952 0.845098
vt 0.015661 0.825788
vt 0.003003 0.825788
vt 0.015661 0.813130
vt 0.003003 0.819782
vt 0.040978 0.825788
vt 0.028319 0.832440
vt 0.040978 0.813130
vt 0.028319 0.813130
vt 0.015661 0.857756
vt 0.003003 0.851104
vt 0.015661 0.845098
vt 0.003003 0.845098
vt 0.040978 0.851104
vt 0.028319 0.851104
vt 0.040978 0.838446
vt 0.028319 0.845098
vt 0.268826 0.832440
vt 0.256168 0.825788
vt 0.268826 0.813130
s 1
usemtl Chicken.001
f 865/3079/644 879/3080/645 876/3081/646
f 872/3082/647 885/3083/648 874/3084/649
f 871/3085/650 873/3086/651 866/3087/652
f 883/3088/653 875/3089/654 871/3090/650
f 873/3091/651 885/3092/648 884/3093/655
f 880/3094/656 864/3095/657 865/3096/644
f 883/3097/653 870/3098/658 882/3099/659
f 867/3100/660 871/3101/650 866/3102/652
f 892/3103/661 887/3104/662 878/3105/663
f 881/3106/664 872/3107/647 864/3108/657
f 887/3109/662 891/3110/665 879/3111/645
f 882/3112/659 879/3113/645 868/3114/666
f 880/3115/656 877/3116/667 867/3117/660
f 876/3118/646 880/3119/656 865/3120/644
f 878/3121/663 882/3122/659 870/3123/658
f 877/3124/667 870/3125/658 867/3126/660
f 873/3127/651 881/3128/664 866/3129/652
f 872/3130/647 869/3131/668 864/3132/657
f 868/3133/666 883/3134/653 882/3135/659
f 866/3136/652 880/3137/656 867/3138/660
f 874/3139/649 883/3140/653 869/3141/668
f 865/3142/644 869/3143/668 868/3144/666
f 888/3145/669 892/3146/661 889/3147/670
f 891/3148/665 888/3149/669 893/3150/671
f 889/3151/670 878/3152/663 877/3153/667
f 886/3154/672 889/3155/670 877/3156/667
f 893/3157/671 886/3158/672 876/3159/646
f 879/3160/645 893/3161/671 876/3162/646
f 894/3163/673 897/3164/674 896/3165/675
f 896/3166/675 899/3167/676 898/3168/677
f 898/3169/677 901/3170/678 900/3171/679
f 895/3172/680 904/3173/681 897/3174/674
f 900/3175/679 903/3176/682 902/3177/683
f 903/3178/682 894/3179/673 902/3180/683
f 896/3181/675 898/3182/677 900/3183/679
f 905/3184/684 913/3185/685 910/3186/686
f 901/3187/678 906/3188/687 907/3189/688
f 903/3190/682 907/3191/688 908/3192/689
f 897/3193/674 906/3194/687 899/3195/676
f 903/3196/682 905/3197/684 895/3198/680
f 912/3199/690 918/3200/691 913/3201/685
f 906/3202/687 912/3203/690 907/3204/688
f 905/3205/684 909/3206/692 904/3207/681
f 908/3208/689 912/3209/690 913/3210/685
f 904/3211/681 911/3212/693 906/3213/687
f 915/3214/694 918/3215/691 919/3216/695
f 911/3217/693 914/3218/696 916/3219/697
f 913/3220/685 915/3221/694 910/3222/686
f 912/3223/690 916/3224/697 917/3225/698
f 909/3226/692 915/3227/694 914/3228/696
f 917/3229/698 916/3230/697 919/3231/695
f 914/3232/696 915/3233/694 919/3234/695
f 918/3235/691 917/3236/698 919/3237/695
f 916/3238/697 914/3239/696 919/3240/695
f 920/3241/699 923/3242/700 921/3243/701
f 922/3244/702 925/3245/703 923/3246/700
f 924/3247/704 927/3248/705 925/3249/703
f 930/3250/706 921/3251/701 923/3252/700
f 926/3253/707 929/3254/708 927/3255/705
f 920/3256/699 929/3257/708 928/3258/709
f 928/3259/709 924/3260/704 922/3261/702
f 931/3262/710 939/3263/711 934/3264/712
f 927/3265/705 932/3266/713 925/3267/703
f 929/3268/708 933/3269/714 927/3270/705
f 932/3271/713 923/3272/700 925/3273/703
f 931/3274/710 929/3275/708 921/3276/701
f 944/3277/715 938/3278/716 939/3279/711
f 938/3280/716 932/3281/713 933/3282/714
f 935/3283/717 931/3284/710 930/3285/706
f 934/3286/712 938/3287/716 933/3288/714
f 937/3289/718 930/3290/706 932/3291/713
f 941/3292/719 945/3293/720 944/3294/715
f 937/3295/718 940/3296/721 935/3297/717
f 941/3298/719 939/3299/711 936/3300/722
f 938/3301/716 942/3302/723 937/3303/718
f 935/3304/717 941/3305/719 936/3306/722
f 943/3307/724 945/3308/720 942/3309/723
f 940/3310/721 945/3311/720 941/3312/719
f 944/3313/715 945/3314/720 943/3315/724
f 942/3316/723 945/3317/720 940/3318/721
f 947/3319/725 948/3320/726 946/3321/726
f 950/3322/727 953/3323/728 952/3324/729
f 953/3325/728 956/3326/730 952/3327/729
f 956/3328/730 955/3329/731 954/3330/732
f 950/3331/727 965/3332/733 951/3333/734
f 952/3334/729 954/3335/732 950/3336/727
f 957/3337/735 951/3338/734 955/3339/731
f 959/3340/736 960/3341/737 958/3342/738
f 963/3343/739 964/3344/740 954/3345/732
f 963/3346/739 958/3347/738 960/3348/737
f 961/3349/741 950/3350/727 964/3351/740
f 967/3352/742 965/3353/733 962/3354/743
f 967/3355/742 969/3356/744 968/3357/745
f 950/3358/727 969/3359/744 962/3360/743
f 958/3361/738 969/3362/744 959/3363/736
f 954/3364/732 968/3365/745 958/3366/738
f 955/3367/731 965/3368/733 966/3369/746
f 954/3370/732 966/3371/746 967/3372/742
f 970/3373/747 973/3374/748 971/3375/749
f 976/3376/750 973/3377/748 972/3378/751
f 976/3379/750 975/3380/752 977/3381/753
f 985/3382/754 970/3383/747 971/3384/749
f 972/3385/751 974/3386/755 976/3387/750
f 977/3388/753 971/3389/749 973/3390/748
f 980/3391/756 979/3392/757 978/3393/758
f 983/3394/759 970/3395/747 984/3396/760
f 978/3397/758 983/3398/759 980/3399/756
f 970/3400/747 981/3401/761 984/3402/760
f 987/3403/762 985/3404/754 986/3405/763
f 987/3406/762 989/3407/764 982/3408/765
f 970/3409/747 989/3410/764 979/3411/757
f 989/3412/764 978/3413/758 979/3414/757
f 988/3415/766 974/3416/755 978/3417/758
f 975/3418/752 985/3419/754 971/3420/749
f 974/3421/755 986/3422/763 975/3423/752
f 954/3424/732 964/3425/740 950/3426/727
f 865/3079/644 868/3427/666 879/3080/645
f 872/3082/647 884/3428/655 885/3083/648
f 871/3085/650 875/3429/654 873/3086/651
f 883/3088/653 885/3430/648 875/3089/654
f 873/3091/651 875/3431/654 885/3092/648
f 880/3094/656 881/3432/664 864/3095/657
f 883/3097/653 871/3433/650 870/3098/658
f 867/3100/660 870/3434/658 871/3101/650
f 892/3103/661 890/3435/767 887/3104/662
f 881/3106/664 884/3436/655 872/3107/647
f 887/3109/662 890/3437/767 891/3110/665
f 882/3112/659 887/3438/662 879/3113/645
f 880/3115/656 886/3439/672 877/3116/667
f 876/3118/646 886/3440/672 880/3119/656
f 878/3121/663 887/3441/662 882/3122/659
f 877/3124/667 878/3442/663 870/3125/658
f 873/3127/651 884/3443/655 881/3128/664
f 872/3130/647 874/3444/649 869/3131/668
f 868/3133/666 869/3445/668 883/3134/653
f 866/3136/652 881/3446/664 880/3137/656
f 874/3139/649 885/3447/648 883/3140/653
f 865/3142/644 864/3448/657 869/3143/668
f 888/3145/669 890/3449/767 892/3146/661
f 891/3148/665 890/3450/767 888/3149/669
f 889/3151/670 892/3451/661 878/3152/663
f 886/3154/672 888/3452/669 889/3155/670
f 893/3157/671 888/3453/669 886/3158/672
f 879/3160/645 891/3454/665 893/3161/671
f 894/3163/673 895/3455/680 897/3164/674
f 896/3166/675 897/3456/674 899/3167/676
f 898/3169/677 899/3457/676 901/3170/678
f 895/3172/680 905/3458/684 904/3173/681
f 900/3175/679 901/3459/678 903/3176/682
f 903/3178/682 895/3460/680 894/3179/673
f 902/3461/683 894/3462/673 900/3183/679
f 894/3462/673 896/3181/675 900/3183/679
f 905/3184/684 908/3463/689 913/3185/685
f 901/3187/678 899/3464/676 906/3188/687
f 903/3190/682 901/3465/678 907/3191/688
f 897/3193/674 904/3466/681 906/3194/687
f 903/3196/682 908/3467/689 905/3197/684
f 912/3199/690 917/3468/698 918/3200/691
f 906/3202/687 911/3469/693 912/3203/690
f 905/3205/684 910/3470/686 909/3206/692
f 908/3208/689 907/3471/688 912/3209/690
f 904/3211/681 909/3472/692 911/3212/693
f 911/3217/693 909/3473/692 914/3218/696
f 913/3220/685 918/3474/691 915/3221/694
f 912/3223/690 911/3475/693 916/3224/697
f 909/3226/692 910/3476/686 915/3227/694
f 920/3241/699 922/3477/702 923/3242/700
f 922/3244/702 924/3478/704 925/3245/703
f 924/3247/704 926/3479/707 927/3248/705
f 930/3250/706 931/3480/710 921/3251/701
f 926/3253/707 928/3481/709 929/3254/708
f 920/3256/699 921/3482/701 929/3257/708
f 922/3261/702 920/3483/699 928/3259/709
f 928/3259/709 926/3484/707 924/3260/704
f 931/3262/710 936/3485/722 939/3263/711
f 927/3265/705 933/3486/714 932/3266/713
f 929/3268/708 934/3487/712 933/3269/714
f 932/3271/713 930/3488/706 923/3272/700
f 931/3274/710 934/3489/712 929/3275/708
f 944/3277/715 943/3490/724 938/3278/716
f 938/3280/716 937/3491/718 932/3281/713
f 935/3283/717 936/3492/722 931/3284/710
f 934/3286/712 939/3493/711 938/3287/716
f 937/3289/718 935/3494/717 930/3290/706
f 937/3295/718 942/3495/723 940/3296/721
f 941/3298/719 944/3496/715 939/3299/711
f 938/3301/716 943/3497/724 942/3302/723
f 935/3304/717 940/3498/721 941/3305/719
f 947/3319/725 949/3499/768 948/3320/726
f 950/3322/727 951/3500/734 953/3323/728
f 953/3325/728 957/3501/735 956/3326/730
f 956/3328/730 957/3502/735 955/3329/731
f 950/3331/727 962/3503/743 965/3332/733
f 952/3334/729 956/3504/730 954/3335/732
f 957/3337/735 953/3505/728 951/3338/734
f 959/3340/736 961/3506/741 960/3341/737
f 963/3346/739 954/3507/732 958/3347/738
f 961/3349/741 959/3508/736 950/3350/727
f 967/3352/742 966/3509/746 965/3353/733
f 967/3355/742 962/3510/743 969/3356/744
f 950/3358/727 959/3511/736 969/3359/744
f 958/3361/738 968/3512/745 969/3362/744
f 954/3364/732 967/3513/742 968/3365/745
f 955/3367/731 951/3514/734 965/3368/733
f 954/3370/732 955/3515/731 966/3371/746
f 970/3373/747 972/3516/751 973/3374/748
f 976/3376/750 977/3517/753 973/3377/748
f 976/3379/750 974/3518/755 975/3380/752
f 985/3382/754 982/3519/765 970/3383/747
f 972/3385/751 970/3520/747 974/3386/755
f 977/3388/753 975/3521/752 971/3389/749
f 980/3391/756 981/3522/761 979/3392/757
f 983/3394/759 974/3523/755 970/3395/747
f 978/3397/758 974/3524/755 983/3398/759
f 970/3400/747 979/3525/757 981/3401/761
f 987/3403/762 982/3526/765 985/3404/754
f 987/3406/762 988/3527/766 989/3407/764
f 970/3409/747 982/3528/765 989/3410/764
f 989/3412/764 988/3529/766 978/3413/758
f 988/3415/766 987/3530/762 974/3416/755
f 975/3418/752 986/3531/763 985/3419/754
f 974/3421/755 987/3532/762 986/3422/763
o Bottle.001
v 0.044552 -0.223495 -15.818483
v 0.041023 -0.176056 -15.824596
v 0.107473 -0.223495 -15.818483
v 0.111002 -0.176056 -15.824596
v 0.138934 -0.223495 -15.763992
v 0.145992 -0.176056 -15.763992
v 0.107473 -0.223495 -15.709501
v 0.111002 -0.176056 -15.703388
v 0.044552 -0.223495 -15.709501
v 0.041023 -0.176056 -15.703388
v 0.013091 -0.223495 -15.763992
v 0.006034 -0.176056 -15.763992
v 0.106213 -0.132950 -15.816300
v 0.045813 -0.132950 -15.816300
v 0.136413 -0.132950 -15.763992
v 0.106213 -0.132950 -15.711684
v 0.045813 -0.132950 -15.711684
v 0.015613 -0.132950 -15.763992
v 0.109479 -0.009221 -15.821958
v 0.042546 -0.009221 -15.821958
v 0.142946 -0.009221 -15.763992
v 0.109479 -0.009221 -15.706027
v 0.042546 -0.009221 -15.706027
v 0.009080 -0.009221 -15.763992
v 0.106169 0.084721 -15.816225
v 0.045856 0.084721 -15.816225
v 0.136325 0.084721 -15.763992
v 0.106169 0.084721 -15.711760
v 0.045856 0.084721 -15.711760
v 0.015700 0.084721 -15.763992
v 0.090794 0.195725 -15.789594
v 0.061231 0.195725 -15.789594
v 0.105575 0.195725 -15.763992
v 0.090794 0.195725 -15.738391
v 0.061231 0.195725 -15.738391
v 0.046450 0.195725 -15.763992
v 0.090794 0.248908 -15.789594
v 0.061231 0.248908 -15.789594
v 0.105575 0.248908 -15.763992
v 0.090794 0.248908 -15.738391
v 0.061231 0.248908 -15.738391
v 0.046450 0.248908 -15.763992
v 0.092996 0.254902 -15.793408
v 0.059029 0.254902 -15.793408
v 0.109979 0.254902 -15.763992
v 0.092996 0.254902 -15.734576
v 0.059029 0.254902 -15.734576
v 0.042046 0.254902 -15.763992
v 0.090932 0.292864 -15.789833
v 0.061094 0.292864 -15.789833
v 0.105851 0.292864 -15.763992
v 0.090932 0.292864 -15.738152
v 0.061094 0.292864 -15.738152
v 0.046174 0.292864 -15.763992
vn -0.4997 0.0336 -0.8655
vn 0.3735 -0.6649 -0.6469
vn -0.3735 -0.6649 -0.6469
vn 0.4997 0.0336 -0.8655
vn 0.7469 -0.6649 -0.0000
vn 0.9994 0.0336 -0.0000
vn 0.3735 -0.6649 0.6469
vn 0.4997 0.0336 0.8655
vn -0.3735 -0.6649 0.6469
vn 0.4981 0.0867 -0.8628
vn -0.4997 0.0336 0.8655
vn -0.7469 -0.6649 -0.0000
vn -0.9994 0.0336 -0.0000
vn -0.9962 0.0867 -0.0000
vn -0.5000 0.0086 -0.8660
vn -0.4981 0.0867 -0.8628
vn 0.9962 0.0867 -0.0000
vn 0.4981 0.0867 0.8628
vn -0.4981 0.0867 0.8628
vn -0.5000 0.0086 0.8660
vn -0.9864 0.1644 -0.0000
vn -1.0000 0.0086 -0.0000
vn 1.0000 0.0086 -0.0000
vn 0.5000 0.0086 0.8660
vn 0.5000 0.0086 -0.8660
vn 0.4932 0.1644 0.8542
vn -0.4950 0.1408 0.8574
vn -0.4932 0.1644 0.8542
vn 0.9864 0.1644 -0.0000
vn 0.4932 0.1644 -0.8542
vn -0.4932 0.1644 -0.8542
vn 0.4950 0.1408 0.8574
vn 0.9384 -0.3456 -0.0000
vn 0.4692 -0.3456 0.8127
vn 0.9900 0.1408 -0.0000
vn -0.9900 0.1408 -0.0000
vn 0.4950 0.1408 -0.8574
vn -0.4950 0.1408 -0.8574
vn 0.4860 -0.2347 0.8418
vn 0.4692 -0.3456 -0.8127
vn -0.4692 -0.3456 -0.8127
vn -0.4692 -0.3456 0.8127
vn -0.9384 -0.3456 -0.0000
vn -0.4860 -0.2347 -0.8418
vn -0.7596 0.6504 -0.0000
vn -0.3798 0.6504 -0.6578
vn 0.4860 -0.2347 -0.8418
vn -0.9721 -0.2347 -0.0000
vn -0.4860 -0.2347 0.8418
vn 0.9721 -0.2347 -0.0000
vn -0.3798 0.6504 0.6578
vn 0.7596 0.6504 -0.0000
vn 0.3798 0.6504 0.6578
vn 0.3798 0.6504 -0.6578
vt 0.762497 0.104269
vt 0.769149 0.110921
vt 0.769149 0.104269
vt 0.800471 0.116927
vt 0.807124 0.123579
vt 0.807124 0.116927
vt 0.787813 0.116927
vt 0.794465 0.123579
vt 0.794465 0.116927
vt 0.800471 0.104269
vt 0.807124 0.110921
vt 0.807124 0.104269
vt 0.787813 0.104269
vt 0.794465 0.110921
vt 0.794465 0.104269
vt 0.775155 0.142244
vt 0.781807 0.148896
vt 0.781807 0.142244
vt 0.762497 0.142244
vt 0.769149 0.148896
vt 0.769149 0.142244
vt 0.620253 0.003003
vt 0.629908 0.017486
vt 0.610598 0.017486
vt 0.699206 0.078952
vt 0.705858 0.098263
vt 0.705858 0.078952
vt 0.781807 0.129585
vt 0.775155 0.136238
vt 0.781807 0.136238
vt 0.762497 0.129585
vt 0.769149 0.136238
vt 0.769149 0.129585
vt 0.807124 0.142244
vt 0.800471 0.148896
vt 0.807124 0.148896
vt 0.794465 0.142244
vt 0.787813 0.148896
vt 0.794465 0.148896
vt 0.800471 0.129585
vt 0.807124 0.136238
vt 0.807124 0.129585
vt 0.686547 0.078952
vt 0.693200 0.098263
vt 0.693200 0.078952
vt 0.623256 0.053636
vt 0.629908 0.072946
vt 0.629908 0.053636
vt 0.610598 0.053636
vt 0.617250 0.072946
vt 0.617250 0.053636
vt 0.648573 0.053636
vt 0.655225 0.072946
vt 0.655225 0.053636
vt 0.635914 0.053636
vt 0.642567 0.072946
vt 0.642567 0.053636
vt 0.623256 0.078952
vt 0.629908 0.098263
vt 0.629908 0.078952
vt 0.610598 0.078952
vt 0.617250 0.098263
vt 0.617250 0.078952
vt 0.655225 0.078952
vt 0.648573 0.098263
vt 0.655225 0.098263
vt 0.635914 0.078952
vt 0.642567 0.098263
vt 0.642567 0.078952
vt 0.673889 0.003003
vt 0.680541 0.022313
vt 0.680541 0.003003
vt 0.661231 0.003003
vt 0.667883 0.022313
vt 0.667883 0.003003
vt 0.699206 0.003003
vt 0.705858 0.022313
vt 0.705858 0.003003
vt 0.794465 0.129585
vt 0.787813 0.136238
vt 0.794465 0.136238
vt 0.686547 0.003003
vt 0.693200 0.022313
vt 0.693200 0.003003
vt 0.673889 0.028319
vt 0.680541 0.047630
vt 0.680541 0.028319
vt 0.667883 0.028319
vt 0.661231 0.047630
vt 0.667883 0.047630
vt 0.699206 0.028319
vt 0.705858 0.047630
vt 0.705858 0.028319
vt 0.686547 0.028319
vt 0.693200 0.047630
vt 0.693200 0.028319
vt 0.825788 0.066294
vt 0.832440 0.072946
vt 0.832440 0.066294
vt 0.813130 0.066294
vt 0.819782 0.072946
vt 0.819782 0.066294
vt 0.825788 0.053636
vt 0.832440 0.060288
vt 0.832440 0.053636
vt 0.819782 0.053636
vt 0.813130 0.060288
vt 0.819782 0.060288
vt 0.851104 0.066294
vt 0.857756 0.072946
vt 0.857756 0.066294
vt 0.838446 0.066294
vt 0.845098 0.072946
vt 0.845098 0.066294
vt 0.857756 0.053636
vt 0.851104 0.060288
vt 0.857756 0.060288
vt 0.845098 0.053636
vt 0.838446 0.060288
vt 0.845098 0.060288
vt 0.832440 0.091611
vt 0.825788 0.098263
vt 0.832440 0.098263
vt 0.813130 0.091611
vt 0.819782 0.098263
vt 0.819782 0.091611
vt 0.825788 0.078952
vt 0.832440 0.085605
vt 0.832440 0.078952
vt 0.813130 0.078952
vt 0.819782 0.085605
vt 0.819782 0.078952
vt 0.851104 0.096600
vt 0.854430 0.091611
vt 0.857756 0.096600
vt 0.838446 0.091611
vt 0.845098 0.098263
vt 0.845098 0.091611
vt 0.851104 0.078952
vt 0.857756 0.085605
vt 0.857756 0.078952
vt 0.838446 0.078952
vt 0.845098 0.085605
vt 0.845098 0.078952
vt 0.775155 0.066294
vt 0.781807 0.072946
vt 0.781807 0.066294
vt 0.769149 0.066294
vt 0.762497 0.072946
vt 0.769149 0.072946
vt 0.762497 0.110921
vt 0.800471 0.123579
vt 0.787813 0.123579
vt 0.800471 0.110921
vt 0.787813 0.110921
vt 0.775155 0.148896
vt 0.762497 0.148896
vt 0.610598 0.007831
vt 0.629908 0.007831
vt 0.620253 0.022313
vt 0.699206 0.098263
vt 0.775155 0.129585
vt 0.762497 0.136238
vt 0.800471 0.142244
vt 0.787813 0.142244
vt 0.800471 0.136238
vt 0.686547 0.098263
vt 0.623256 0.072946
vt 0.610598 0.072946
vt 0.648573 0.072946
vt 0.635914 0.072946
vt 0.623256 0.098263
vt 0.610598 0.098263
vt 0.648573 0.078952
vt 0.635914 0.098263
vt 0.673889 0.022313
vt 0.661231 0.022313
vt 0.699206 0.022313
vt 0.787813 0.129585
vt 0.686547 0.022313
vt 0.673889 0.047630
vt 0.661231 0.028319
vt 0.699206 0.047630
vt 0.686547 0.047630
vt 0.825788 0.072946
vt 0.813130 0.072946
vt 0.825788 0.060288
vt 0.813130 0.053636
vt 0.851104 0.072946
vt 0.838446 0.072946
vt 0.851104 0.053636
vt 0.838446 0.053636
vt 0.825788 0.091611
vt 0.813130 0.098263
vt 0.825788 0.085605
vt 0.813130 0.085605
vt 0.854430 0.098263
vt 0.851104 0.093274
vt 0.857756 0.093274
vt 0.838446 0.098263
vt 0.851104 0.085605
vt 0.838446 0.085605
vt 0.775155 0.072946
vt 0.762497 0.066294
s 1
usemtl Bottle.001
f 991/3533/769 992/3534/770 990/3535/771
f 993/3536/772 994/3537/773 992/3538/770
f 995/3539/774 996/3540/775 994/3541/773
f 997/3542/776 998/3543/777 996/3544/775
f 991/3545/769 1002/3546/778 993/3547/772
f 999/3548/779 1000/3549/780 998/3550/777
f 1001/3551/781 990/3552/771 1000/3553/780
f 992/3554/770 996/3555/775 1000/3556/780
f 1007/3557/782 1009/3558/783 1003/3559/784
f 997/3560/776 1004/3561/785 1005/3562/786
f 1001/3563/781 1003/3564/784 991/3565/769
f 999/3566/779 1005/3567/786 1006/3568/787
f 995/3569/774 1002/3570/778 1004/3571/785
f 999/3572/779 1007/3573/782 1001/3574/781
f 1012/3575/788 1019/3576/789 1013/3577/790
f 1005/3578/786 1012/3579/788 1006/3580/787
f 1002/3581/778 1010/3582/791 1004/3583/785
f 1006/3584/787 1013/3585/790 1007/3586/782
f 1004/3587/785 1011/3588/792 1005/3589/786
f 1003/3590/784 1008/3591/793 1002/3592/778
f 1017/3593/794 1024/3594/795 1018/3595/796
f 1011/3596/792 1016/3597/797 1017/3598/794
f 1009/3599/783 1014/3600/798 1008/3601/793
f 1013/3602/790 1015/3603/799 1009/3604/783
f 1011/3605/792 1018/3606/796 1012/3607/788
f 1008/3608/793 1016/3609/797 1010/3610/791
f 1023/3611/800 1028/3612/801 1029/3613/802
f 1014/3614/798 1022/3615/803 1016/3616/797
f 1018/3617/796 1025/3618/804 1019/3619/789
f 1017/3620/794 1022/3621/803 1023/3622/800
f 1015/3623/799 1020/3624/805 1014/3625/798
f 1019/3626/789 1021/3627/806 1015/3628/799
f 1028/3629/801 1035/3630/807 1029/3631/802
f 1021/3632/806 1026/3633/808 1020/3634/805
f 1025/3635/804 1027/3636/809 1021/3637/806
f 1024/3638/795 1029/3639/802 1030/3640/810
f 1020/3641/805 1028/3642/801 1022/3643/803
f 1024/3644/795 1031/3645/811 1025/3646/804
f 1033/3647/812 1043/3648/813 1039/3649/814
f 1026/3650/808 1033/3651/812 1032/3652/815
f 1027/3653/809 1037/3654/816 1033/3655/812
f 1029/3656/802 1036/3657/817 1030/3658/810
f 1026/3659/808 1034/3660/818 1028/3661/801
f 1030/3662/810 1037/3663/816 1031/3664/811
f 1039/3665/814 1042/3666/819 1040/3667/820
f 1035/3668/807 1042/3669/819 1036/3670/817
f 1032/3671/815 1040/3672/820 1034/3673/818
f 1036/3674/817 1043/3675/813 1037/3676/816
f 1034/3677/818 1041/3678/821 1035/3679/807
f 1032/3680/815 1039/3681/814 1038/3682/822
f 991/3533/769 993/3683/772 992/3534/770
f 993/3536/772 995/3684/774 994/3537/773
f 995/3539/774 997/3685/776 996/3540/775
f 997/3542/776 999/3686/779 998/3543/777
f 991/3545/769 1003/3687/784 1002/3546/778
f 999/3548/779 1001/3688/781 1000/3549/780
f 1001/3551/781 991/3689/769 990/3552/771
f 1000/3556/780 990/3690/771 992/3554/770
f 992/3554/770 994/3691/773 996/3555/775
f 996/3555/775 998/3692/777 1000/3556/780
f 1007/3557/782 1013/3693/790 1009/3558/783
f 997/3560/776 995/3694/774 1004/3561/785
f 1001/3563/781 1007/3695/782 1003/3564/784
f 999/3566/779 997/3696/776 1005/3567/786
f 995/3569/774 993/3697/772 1002/3570/778
f 999/3572/779 1006/3698/787 1007/3573/782
f 1012/3575/788 1018/3699/796 1019/3576/789
f 1005/3578/786 1011/3700/792 1012/3579/788
f 1002/3581/778 1008/3701/793 1010/3582/791
f 1006/3584/787 1012/3702/788 1013/3585/790
f 1004/3587/785 1010/3703/791 1011/3588/792
f 1003/3590/784 1009/3704/783 1008/3591/793
f 1017/3593/794 1023/3705/800 1024/3594/795
f 1011/3596/792 1010/3706/791 1016/3597/797
f 1009/3599/783 1015/3707/799 1014/3600/798
f 1013/3602/790 1019/3708/789 1015/3603/799
f 1011/3605/792 1017/3709/794 1018/3606/796
f 1008/3608/793 1014/3710/798 1016/3609/797
f 1023/3611/800 1022/3711/803 1028/3612/801
f 1014/3614/798 1020/3712/805 1022/3615/803
f 1018/3617/796 1024/3713/795 1025/3618/804
f 1017/3620/794 1016/3714/797 1022/3621/803
f 1015/3623/799 1021/3715/806 1020/3624/805
f 1019/3626/789 1025/3716/804 1021/3627/806
f 1028/3629/801 1034/3717/818 1035/3630/807
f 1021/3632/806 1027/3718/809 1026/3633/808
f 1025/3635/804 1031/3719/811 1027/3636/809
f 1024/3638/795 1023/3720/800 1029/3639/802
f 1020/3641/805 1026/3721/808 1028/3642/801
f 1024/3644/795 1030/3722/810 1031/3645/811
f 1033/3647/812 1037/3723/816 1043/3648/813
f 1026/3650/808 1027/3724/809 1033/3651/812
f 1027/3653/809 1031/3725/811 1037/3654/816
f 1029/3656/802 1035/3726/807 1036/3657/817
f 1026/3659/808 1032/3727/815 1034/3660/818
f 1030/3662/810 1036/3728/817 1037/3663/816
f 1040/3667/820 1038/3729/822 1039/3665/814
f 1039/3665/814 1043/3730/813 1042/3666/819
f 1042/3666/819 1041/3731/821 1040/3667/820
f 1035/3668/807 1041/3732/821 1042/3669/819
f 1032/3671/815 1038/3733/822 1040/3672/820
f 1036/3674/817 1042/3734/819 1043/3675/813
f 1034/3677/818 1040/3735/820 1041/3678/821
f 1032/3680/815 1033/3736/812 1039/3681/814
o Box_Pizza.002
v -0.252537 1.098722 -17.042677
v -0.243034 1.108225 -17.033175
v -0.252537 1.172998 -17.042677
v -0.243034 1.172998 -17.033175
v 0.380815 1.098722 -17.042677
v 0.371311 1.108225 -17.033175
v 0.371311 1.172998 -17.033175
v 0.380815 1.172998 -17.042677
v -0.252537 1.098722 -16.409325
v -0.243034 1.108225 -16.418829
v -0.243034 1.172998 -16.418829
v -0.252537 1.172998 -16.409325
v 0.380815 1.098722 -16.409325
v 0.371311 1.108225 -16.418829
v 0.371311 1.172998 -16.418829
v 0.380815 1.172998 -16.409325
v -0.252541 1.173000 -17.042681
v -0.246204 1.168303 -17.038427
v 0.380818 1.173000 -17.042681
v 0.374481 1.168303 -17.038427
v -0.252541 1.577112 -16.596308
v -0.246204 1.568309 -16.596590
v 0.380818 1.577112 -16.596308
v 0.374481 1.568309 -16.596590
v -0.246204 1.179670 -16.962225
v -0.252541 1.179670 -16.962225
v 0.374481 1.179670 -16.962225
v 0.380818 1.179670 -16.962225
v -0.246204 1.503264 -16.604792
v -0.252541 1.503264 -16.604792
v 0.374481 1.503264 -16.604792
v 0.380818 1.503264 -16.604792
v -0.209373 1.532868 -16.562147
v -0.209373 1.537285 -16.557602
v 0.330386 1.532868 -16.562147
v 0.330386 1.537285 -16.557602
v 0.355791 1.107160 -16.726002
v 0.315237 1.128294 -16.726002
v 0.270368 1.107160 -16.519772
v 0.241692 1.128294 -16.548449
v 0.064139 1.107160 -16.434349
v 0.064139 1.128294 -16.474903
v -0.142091 1.107160 -16.519772
v -0.113415 1.128294 -16.548449
v -0.227514 1.107160 -16.726002
v -0.186960 1.128294 -16.726002
v -0.142091 1.107160 -16.932232
v -0.113415 1.128294 -16.903555
v 0.064139 1.107160 -17.017654
v 0.064139 1.128294 -16.977100
v 0.270368 1.107160 -16.932232
v 0.241692 1.128294 -16.903555
vn -0.0000 1.0000 -0.0000
vn -0.0000 -0.0000 -1.0000
vn -0.0000 -0.0000 1.0000
vn 1.0000 -0.0000 -0.0000
vn -1.0000 -0.0000 -0.0000
vn -0.0000 -1.0000 -0.0000
vn -0.0000 -0.6711 -0.7413
vn -0.0000 -0.7413 0.6711
vn -0.0607 -0.1191 0.9910
vn -0.0607 -0.1190 0.9910
vn -0.3767 -0.9203 0.1059
vn -0.3767 -0.9203 0.1060
vn 0.3767 -0.9203 0.1059
vn 0.3767 -0.9203 0.1060
vn 0.0607 -0.1191 0.9910
vn 0.0607 -0.1190 0.9910
vn -0.0000 -0.7171 0.6969
vn 0.7422 -0.5132 0.4311
vn 0.7422 -0.5131 0.4311
vn -0.7910 -0.5052 0.3452
vn -0.0000 0.7413 -0.6711
vn -0.0000 0.6969 0.7171
vn -0.0000 -0.6969 -0.7171
vn 0.2922 0.9564 -0.0000
vn 0.3268 0.8868 0.3268
vn 0.4621 0.8868 -0.0000
vn -0.0000 0.9564 0.2922
vn -0.0000 0.8868 0.4621
vn -0.3268 0.8868 0.3268
vn -0.2066 0.9564 0.2066
vn -0.4621 0.8868 -0.0000
vn -0.2922 0.9564 -0.0000
vn -0.3268 0.8868 -0.3268
vn -0.2066 0.9564 -0.2066
vn -0.0000 0.8868 -0.4621
vn -0.0000 0.9564 -0.2922
vn 0.3268 0.8868 -0.3268
vn 0.2066 0.9564 -0.2066
vn 0.2066 0.9564 0.2066
vt 0.003003 0.984339
vt 0.098263 0.977687
vt 0.003003 0.977687
vt 0.984339 0.205535
vt 0.977687 0.300794
vt 0.984339 0.300794
vt 0.610598 0.971681
vt 0.705858 0.965028
vt 0.610598 0.965028
vt 0.971681 0.306800
vt 0.965028 0.402060
vt 0.971681 0.402060
vt 0.604592 0.959022
vt 0.509332 0.952370
vt 0.509332 0.959022
vt 0.952370 0.104269
vt 0.959022 0.199529
vt 0.959022 0.104269
vt 0.300794 0.959022
vt 0.205535 0.952370
vt 0.205535 0.959022
vt 0.952370 0.003003
vt 0.959022 0.098263
vt 0.959022 0.003003
vt 0.604592 0.971681
vt 0.509332 0.965028
vt 0.509332 0.971681
vt 0.977687 0.306800
vt 0.984339 0.402060
vt 0.984339 0.306800
vt 0.300794 0.984339
vt 0.205535 0.977687
vt 0.205535 0.984339
vt 0.977687 0.711864
vt 0.984339 0.807124
vt 0.984339 0.711864
vt 0.711864 0.610598
vt 0.807124 0.705858
vt 0.807124 0.610598
vt 0.610598 0.711864
vt 0.705858 0.807124
vt 0.705858 0.711864
vt 0.807124 0.971681
vt 0.711864 0.965028
vt 0.711864 0.971681
vt 0.174212 0.661231
vt 0.167560 0.705858
vt 0.174212 0.705858
vt 0.161554 0.661231
vt 0.154902 0.705858
vt 0.161554 0.705858
vt 0.256168 0.813130
vt 0.262820 0.819782
vt 0.262820 0.813130
vt 0.300794 0.825788
vt 0.294142 0.832440
vt 0.300794 0.832440
vt 0.281484 0.825788
vt 0.288136 0.832440
vt 0.288136 0.825788
vt 0.300794 0.813130
vt 0.294142 0.819782
vt 0.300794 0.819782
vt 0.984339 0.003003
vt 0.977687 0.098263
vt 0.984339 0.098263
vt 0.281484 0.813130
vt 0.288136 0.819782
vt 0.288136 0.813130
vt 0.275478 0.851104
vt 0.268826 0.857756
vt 0.275478 0.857756
vt 0.509332 0.711864
vt 0.604592 0.807124
vt 0.604592 0.711864
vt 0.711864 0.408066
vt 0.807124 0.503326
vt 0.807124 0.408066
vt 0.503326 0.965028
vt 0.408066 0.971681
vt 0.503326 0.971681
vt 0.971681 0.711864
vt 0.965028 0.807124
vt 0.971681 0.807124
vt 0.503326 0.996997
vt 0.408066 0.990345
vt 0.408066 0.996997
vt 0.971681 0.300794
vt 0.965028 0.205535
vt 0.965028 0.300794
vt 0.807124 0.959022
vt 0.711864 0.952370
vt 0.711864 0.959022
vt 0.959022 0.807124
vt 0.952370 0.711864
vt 0.952370 0.807124
vt 0.597940 0.635914
vt 0.604592 0.655225
vt 0.604592 0.635914
vt 0.591934 0.635914
vt 0.585281 0.655225
vt 0.591934 0.655225
vt 0.521990 0.610598
vt 0.528643 0.629908
vt 0.528643 0.610598
vt 0.509332 0.610598
vt 0.515984 0.629908
vt 0.515984 0.610598
vt 0.547307 0.610598
vt 0.553959 0.629908
vt 0.553959 0.610598
vt 0.534649 0.610598
vt 0.541301 0.629908
vt 0.541301 0.610598
vt 0.945951 0.959022
vt 0.927466 0.959022
vt 0.945951 0.914395
vt 0.521990 0.635914
vt 0.528643 0.655225
vt 0.528643 0.635914
vt 0.509332 0.635914
vt 0.515984 0.655225
vt 0.515984 0.635914
vt 0.098263 0.984339
vt 0.977687 0.205535
vt 0.705858 0.971681
vt 0.965028 0.306800
vt 0.604592 0.952370
vt 0.952370 0.199529
vt 0.300794 0.952370
vt 0.952370 0.098263
vt 0.604592 0.965028
vt 0.977687 0.402060
vt 0.300794 0.977687
vt 0.977687 0.807124
vt 0.711864 0.705858
vt 0.610598 0.807124
vt 0.807124 0.965028
vt 0.167560 0.661231
vt 0.154902 0.661231
vt 0.256168 0.819782
vt 0.294142 0.825788
vt 0.281484 0.832440
vt 0.294142 0.813130
vt 0.977687 0.003003
vt 0.281484 0.819782
vt 0.268826 0.851104
vt 0.509332 0.807124
vt 0.711864 0.503326
vt 0.408066 0.965028
vt 0.965028 0.711864
vt 0.503326 0.990345
vt 0.971681 0.205535
vt 0.807124 0.952370
vt 0.959022 0.711864
vt 0.597940 0.655225
vt 0.585281 0.635914
vt 0.521990 0.629908
vt 0.509332 0.629908
vt 0.547307 0.629908
vt 0.534649 0.629908
vt 0.914395 0.945951
vt 0.914395 0.927466
vt 0.927466 0.914395
vt 0.959022 0.927466
vt 0.959022 0.945951
vt 0.521990 0.655225
vt 0.509332 0.655225
s 1
usemtl Box_Pizza.001
f 1047/3737/823 1051/3738/823 1046/3739/823
f 1058/3740/823 1051/3741/823 1050/3742/823
f 1058/3743/823 1055/3744/823 1059/3745/823
f 1047/3746/823 1055/3747/823 1054/3748/823
f 1044/3749/824 1051/3750/824 1048/3751/824
f 1050/3752/825 1045/3753/825 1049/3754/825
f 1048/3755/826 1059/3756/826 1056/3757/826
f 1058/3758/827 1049/3759/827 1057/3760/827
f 1056/3761/825 1055/3762/825 1052/3763/825
f 1054/3764/824 1057/3765/824 1053/3766/824
f 1052/3767/827 1046/3768/827 1044/3769/827
f 1047/3770/826 1053/3771/826 1045/3772/826
f 1048/3773/828 1052/3774/828 1044/3775/828
f 1053/3776/823 1049/3777/823 1045/3778/823
f 1062/3779/829 1061/3780/829 1060/3781/829
f 1070/3782/830 1075/3783/830 1074/3784/830
f 1072/3785/830 1069/3786/830 1068/3787/830
f 1065/3788/831 1073/3789/831 1072/3790/832
f 1061/3791/833 1069/3792/834 1060/3793/833
f 1063/3794/835 1071/3795/836 1070/3796/836
f 1067/3797/837 1075/3798/837 1066/3799/838
f 1078/3800/839 1077/3801/839 1076/3802/839
f 1067/3803/840 1079/3804/841 1078/3805/840
f 1065/3806/842 1077/3807/842 1064/3808/842
f 1062/3809/843 1064/3810/843 1066/3811/843
f 1065/3812/830 1063/3813/830 1067/3814/830
f 1064/3815/827 1069/3816/827 1073/3817/827
f 1068/3818/826 1065/3819/826 1072/3820/826
f 1071/3821/826 1066/3822/826 1075/3823/826
f 1070/3824/827 1067/3825/827 1063/3826/827
f 1079/3827/844 1064/3828/844 1077/3829/844
f 1078/3830/845 1065/3831/845 1067/3832/845
f 1081/3833/846 1082/3834/847 1080/3835/848
f 1082/3836/847 1085/3837/849 1084/3838/850
f 1085/3839/849 1086/3840/851 1084/3841/850
f 1087/3842/852 1088/3843/853 1086/3844/851
f 1089/3845/854 1090/3846/855 1088/3847/853
f 1091/3848/856 1092/3849/857 1090/3850/855
f 1087/3851/852 1085/3852/849 1093/3853/858
f 1093/3854/858 1094/3855/859 1092/3856/857
f 1095/3857/860 1080/3858/848 1094/3859/859
f 1047/3737/823 1050/3860/823 1051/3738/823
f 1058/3740/823 1059/3861/823 1051/3741/823
f 1058/3743/823 1054/3862/823 1055/3744/823
f 1047/3746/823 1046/3863/823 1055/3747/823
f 1044/3749/824 1046/3864/824 1051/3750/824
f 1050/3752/825 1047/3865/825 1045/3753/825
f 1048/3755/826 1051/3866/826 1059/3756/826
f 1058/3758/827 1050/3867/827 1049/3759/827
f 1056/3761/825 1059/3868/825 1055/3762/825
f 1054/3764/824 1058/3869/824 1057/3765/824
f 1052/3767/827 1055/3870/827 1046/3768/827
f 1047/3770/826 1054/3871/826 1053/3771/826
f 1048/3773/828 1056/3872/828 1052/3774/828
f 1053/3776/823 1057/3873/823 1049/3777/823
f 1062/3779/829 1063/3874/829 1061/3780/829
f 1070/3782/830 1071/3875/830 1075/3783/830
f 1072/3785/830 1073/3876/830 1069/3786/830
f 1065/3788/831 1064/3877/832 1073/3789/831
f 1061/3791/833 1068/3878/834 1069/3792/834
f 1063/3794/835 1062/3879/835 1071/3795/836
f 1067/3797/837 1074/3880/838 1075/3798/837
f 1078/3800/839 1079/3881/839 1077/3801/839
f 1067/3803/840 1066/3882/841 1079/3804/841
f 1065/3806/842 1076/3883/842 1077/3807/842
f 1062/3809/843 1060/3884/843 1064/3810/843
f 1065/3812/830 1061/3885/830 1063/3813/830
f 1064/3815/827 1060/3886/827 1069/3816/827
f 1068/3818/826 1061/3887/826 1065/3819/826
f 1071/3821/826 1062/3888/826 1066/3822/826
f 1070/3824/827 1074/3889/827 1067/3825/827
f 1079/3827/844 1066/3890/844 1064/3828/844
f 1078/3830/845 1076/3891/845 1065/3831/845
f 1081/3833/846 1083/3892/861 1082/3834/847
f 1082/3836/847 1083/3893/861 1085/3837/849
f 1085/3839/849 1087/3894/852 1086/3840/851
f 1087/3842/852 1089/3895/854 1088/3843/853
f 1089/3845/854 1091/3896/856 1090/3846/855
f 1091/3848/856 1093/3897/858 1092/3849/857
f 1085/3852/849 1083/3898/861 1081/3899/846
f 1081/3899/846 1095/3900/860 1085/3852/849
f 1095/3900/860 1093/3853/858 1085/3852/849
f 1093/3853/858 1091/3901/856 1089/3902/854
f 1089/3902/854 1087/3851/852 1093/3853/858
f 1093/3854/858 1095/3903/860 1094/3855/859
f 1095/3857/860 1081/3904/846 1080/3858/848
